ISO-10303-21;
HEADER;
FILE_DESCRIPTION (( 'STEP AP214' ),
    '1' );
FILE_NAME ('ZMPT107-1.STEP',
    '2024-07-05T08:24:46',
    ( '' ),
    ( '' ),
    'SwSTEP 2.0',
    'SolidWorks 2022',
    '' );
FILE_SCHEMA (( 'AUTOMOTIVE_DESIGN' ));
ENDSEC;

DATA;
#1 = ADVANCED_FACE ( 'NONE', ( #963 ), #185, .T. ) ;
#2 = CARTESIAN_POINT ( 'NONE',  ( 7.069230769230770761, 18.10000000000000142, -1.707692307692307621 ) ) ;
#3 = CARTESIAN_POINT ( 'NONE',  ( 2.871364503778899735, 18.19999999999999929, -1.809966826224596037 ) ) ;
#4 = FACE_OUTER_BOUND ( 'NONE', #67, .T. ) ;
#5 = SURFACE_STYLE_USAGE ( .BOTH. , #2323 ) ;
#6 = EDGE_LOOP ( 'NONE', ( #322, #3749, #4617, #4313 ) ) ;
#7 = B_SPLINE_CURVE_WITH_KNOTS ( 'NONE', 3,
 ( #4756, #4393, #1824, #3447, #246, #4635, #2614, #1021, #715, #740, #4589 ),
 .UNSPECIFIED., .F., .F.,
 ( 4, 1, 1, 1, 1, 1, 1, 1, 4 ),
 ( 0.000000000000000000, 0.08920477023324585586, 0.1898334556643478388, 0.2992325919749810326, 0.4192609378429065781, 0.5492073901909394484, 0.6890743636843497111, 0.8395791979483188117, 1.000000000000000000 ),
 .UNSPECIFIED. ) ;
#8 = EDGE_CURVE ( 'NONE', #2985, #4180, #4051, .T. ) ;
#9 = VERTEX_POINT ( 'NONE', #104 ) ;
#10 = CARTESIAN_POINT ( 'NONE',  ( -5.278846153846153300, 18.10000000000000142, -1.000000000000000000 ) ) ;
#11 = CARTESIAN_POINT ( 'NONE',  ( 1.536098339611467356, 18.10000000000000142, -3.318622620477245988 ) ) ;
#12 = DIRECTION ( 'NONE',  ( 0.000000000000000000, 0.000000000000000000, 1.000000000000000000 ) ) ;
#13 = CARTESIAN_POINT ( 'NONE',  ( -6.623076923076922640, 18.19999999999999929, -3.123076923076922640 ) ) ;
#14 = EDGE_CURVE ( 'NONE', #198, #2870, #213, .T. ) ;
#15 = CARTESIAN_POINT ( 'NONE',  ( 4.761538461538461497, 18.19999999999999574, -1.000000000000000000 ) ) ;
#16 = ORIENTED_EDGE ( 'NONE', *, *, #4066, .F. ) ;
#17 = CARTESIAN_POINT ( 'NONE',  ( 9.000000000000000000, 18.19999999999999929, -5.000000000000000000 ) ) ;
#18 = CARTESIAN_POINT ( 'NONE',  ( -6.253846153846152944, 18.10000000000000142, -1.000000000000000000 ) ) ;
#19 = ADVANCED_FACE ( 'NONE', ( #1548 ), #1128, .T. ) ;
#20 = FACE_OUTER_BOUND ( 'NONE', #2910, .T. ) ;
#21 = EDGE_CURVE ( 'NONE', #3926, #4463, #147, .T. ) ;
#22 = ORIENTED_EDGE ( 'NONE', *, *, #725, .F. ) ;
#23 = EDGE_CURVE ( 'NONE', #2478, #1241, #86, .T. ) ;
#24 = ORIENTED_EDGE ( 'NONE', *, *, #2928, .T. ) ;
#25 =( LENGTH_UNIT ( ) NAMED_UNIT ( * ) SI_UNIT ( .MILLI., .METRE. ) );
#26 = CARTESIAN_POINT ( 'NONE',  ( 3.027384934338290368, 18.09999999999999787, -3.349752154914120705 ) ) ;
#27 = DIRECTION ( 'NONE',  ( 0.000000000000000000, 0.000000000000000000, -1.000000000000000000 ) ) ;
#28 = ORIENTED_EDGE ( 'NONE', *, *, #3644, .F. ) ;
#29 = VECTOR ( 'NONE', #1879, 1000.000000000000000 ) ;
#30 = CARTESIAN_POINT ( 'NONE',  ( -5.208173076923075406, 18.10000000000000142, -1.715865384615384626 ) ) ;
#31 = AXIS2_PLACEMENT_3D ( 'NONE', #2484, #4817, #469 ) ;
#32 = CARTESIAN_POINT ( 'NONE',  ( -5.278846153846153300, 18.19999999999999929, -1.000000000000000000 ) ) ;
#33 = DIRECTION ( 'NONE',  ( 1.000000000000000000, 0.000000000000000000, 0.000000000000000000 ) ) ;
#34 = FACE_BOUND ( 'NONE', #66, .T. ) ;
#35 = STYLED_ITEM ( 'NONE', ( #1999 ), #3043 ) ;
#36 = EDGE_CURVE ( 'NONE', #3508, #2244, #3274, .T. ) ;
#37 = ORIENTED_EDGE ( 'NONE', *, *, #172, .F. ) ;
#38 = CARTESIAN_POINT ( 'NONE',  ( 1.451513818930846522, 18.10000000000000142, -2.853106488880952973 ) ) ;
#39 = CARTESIAN_POINT ( 'NONE',  ( -2.008696322565684422, 18.19999999999999218, -2.650637481600564449 ) ) ;
#40 = CARTESIAN_POINT ( 'NONE',  ( -2.209810401774821020, 18.10000000000000142, -3.082597182900448374 ) ) ;
#41 = AXIS2_PLACEMENT_3D ( 'NONE', #1793, #3374, #240 ) ;
#42 = CARTESIAN_POINT ( 'NONE',  ( 5.314120561262892117, 18.19999999999999574, -2.069992689188896229 ) ) ;
#43 = CARTESIAN_POINT ( 'NONE',  ( -0.3153846153846149303, 18.19999999999999929, -1.000000000000000000 ) ) ;
#44 = CARTESIAN_POINT ( 'NONE',  ( 8.423076923076923350, 18.19999999999999929, -1.000000000000000000 ) ) ;
#45 = B_SPLINE_SURFACE_WITH_KNOTS ( 'NONE', 3, 1, ( 
 ( #4987, #3025 ),
 ( #1071, #2266 ),
 ( #2637, #5012 ),
 ( #4204, #690 ),
 ( #3819, #3050 ),
 ( #714, #3849 ),
 ( #1546, #672 ),
 ( #4667, #763 ),
 ( #1949, #3055 ),
 ( #368, #3271 ),
 ( #4386, #4714 ),
 ( #3949, #4803 ),
 ( #2843, #4301 ),
 ( #393, #2895 ),
 ( #3657, #4607 ),
 ( #1557, #3910 ),
 ( #1185, #4198 ),
 ( #337, #4977 ),
 ( #1820, #4605 ),
 ( #3115, #4012 ),
 ( #1799, #239 ),
 ( #2947, #1725 ),
 ( #591, #3672 ),
 ( #3741, #4055 ),
 ( #109, #3323 ),
 ( #3699, #2564 ),
 ( #1282, #538 ) ),
 .UNSPECIFIED., .F., .F., .F.,
 ( 4, 1, 1, 1, 1, 1, 1, 1, 1, 1, 1, 1, 1, 1, 1, 1, 1, 1, 1, 1, 1, 1, 1, 1, 4 ),
 ( 2, 2 ),
 ( 0.000000000000000000, 0.06287394621143262141, 0.1228366299919130822, 0.1796565674430313786, 0.2339600122308622132, 0.2855950186955588666, 0.3345131060783809174, 0.3809048259061764141, 0.4248945919393346538, 0.4665290347654876268, 0.5064882940692464475, 0.5450315536447543074, 0.5818311798231348142, 0.6174482799494431795, 0.6520669127690462696, 0.6858797142465109520, 0.7191745547913919179, 0.7521816462063927178, 0.7852401639180907056, 0.8186564497770834059, 0.8525477406533108482, 0.8876263422585193297, 0.9236350780687510031, 0.9610218444769894619, 1.000000000000000000 ),
 ( 0.000000000000000000, 1.000000000000000000 ),
 .UNSPECIFIED. ) ;
#46 = CARTESIAN_POINT ( 'NONE',  ( 8.097667665084690825, 18.19999999999999929, -2.853106488880952529 ) ) ;
#47 = VECTOR ( 'NONE', #2155, 1000.000000000000000 ) ;
#48 = ORIENTED_EDGE ( 'NONE', *, *, #4534, .F. ) ;
#49 = DIRECTION ( 'NONE',  ( -0.3007423372023669828, 0.000000000000000000, 0.9537054296867862879 ) ) ;
#50 = DIRECTION ( 'NONE',  ( 0.000000000000000000, 0.000000000000000000, 1.000000000000000000 ) ) ;
#51 = ORIENTED_EDGE ( 'NONE', *, *, #2395, .T. ) ;
#52 = CARTESIAN_POINT ( 'NONE',  ( -6.623076923076922640, 18.10000000000000142, -3.123076923076922640 ) ) ;
#53 = VECTOR ( 'NONE', #704, 1000.000000000000000 ) ;
#54 = ORIENTED_EDGE ( 'NONE', *, *, #3248, .F. ) ;
#55 = ORIENTED_EDGE ( 'NONE', *, *, #536, .F. ) ;
#56 = ORIENTED_EDGE ( 'NONE', *, *, #1220, .T. ) ;
#57 = CARTESIAN_POINT ( 'NONE',  ( 0.9153846153846165734, 18.19999999999999929, -2.799999999999999822 ) ) ;
#58 = CARTESIAN_POINT ( 'NONE',  ( -4.924999999999998934, 18.10000000000000142, -1.000000000000000000 ) ) ;
#59 = ORIENTED_EDGE ( 'NONE', *, *, #4822, .T. ) ;
#60 = B_SPLINE_CURVE_WITH_KNOTS ( 'NONE', 3,
 ( #433, #1630, #1110, #1913, #3485, #5048, #1529, #356, #4654, #1935, #1139, #4519, #648, #250, #223, #4914, #3229, #944, #2220, #3199, #622, #4162, #194, #68, #1802, #3606, #1775 ),
 .UNSPECIFIED., .F., .F.,
 ( 4, 1, 1, 1, 1, 1, 1, 1, 1, 1, 1, 1, 1, 1, 1, 1, 1, 1, 1, 1, 1, 1, 1, 1, 4 ),
 ( 0.000000000000000000, 0.06287394621143262141, 0.1228366299919130822, 0.1796565674430313786, 0.2339600122308622132, 0.2855950186955588666, 0.3345131060783809174, 0.3809048259061764141, 0.4248945919393346538, 0.4665290347654876268, 0.5064882940692464475, 0.5450315536447543074, 0.5818311798231348142, 0.6174482799494431795, 0.6520669127690462696, 0.6858797142465109520, 0.7191745547913919179, 0.7521816462063927178, 0.7852401639180907056, 0.8186564497770834059, 0.8525477406533108482, 0.8876263422585193297, 0.9236350780687510031, 0.9610218444769894619, 1.000000000000000000 ),
 .UNSPECIFIED. ) ;
#61 = CARTESIAN_POINT ( 'NONE',  ( 4.084392511043133389, 18.10000000000000853, -2.212501131328373560 ) ) ;
#62 = CARTESIAN_POINT ( 'NONE',  ( 9.500000000000000000, 0.000000000000000000, -5.000000000000000000 ) ) ;
#63 = VECTOR ( 'NONE', #540, 1000.000000000000000 ) ;
#64 = PLANE ( 'NONE',  #2684 ) ;
#65 = FILL_AREA_STYLE ('',( #462 ) ) ;
#66 = EDGE_LOOP ( 'NONE', ( #3291, #1614 ) ) ;
#67 = EDGE_LOOP ( 'NONE', ( #1273, #4279, #3566, #3039 ) ) ;
#68 = CARTESIAN_POINT ( 'NONE',  ( 3.438805113129170810, 18.10000000000000142, -0.9765121814308479475 ) ) ;
#69 = FACE_OUTER_BOUND ( 'NONE', #311, .T. ) ;
#70 = FACE_OUTER_BOUND ( 'NONE', #4281, .T. ) ;
#71 = FACE_OUTER_BOUND ( 'NONE', #1364, .T. ) ;
#72 = CARTESIAN_POINT ( 'NONE',  ( 3.023833735935659295, 18.10000000000000142, -2.997129104337987737 ) ) ;
#73 = ORIENTED_EDGE ( 'NONE', *, *, #2709, .T. ) ;
#74 = VECTOR ( 'NONE', #4174, 1000.000000000000000 ) ;
#75 = CARTESIAN_POINT ( 'NONE',  ( 4.081712194732590504, 18.10000000000000142, -2.350367483978744065 ) ) ;
#76 = EDGE_CURVE ( 'NONE', #114, #1644, #340, .T. ) ;
#77 = CARTESIAN_POINT ( 'NONE',  ( -2.009798465106495513, 18.20000000000000639, -2.772251664951975059 ) ) ;
#78 = CARTESIAN_POINT ( 'NONE',  ( -7.047596153846152234, 18.10000000000000142, -3.123076923076922640 ) ) ;
#79 = ORIENTED_EDGE ( 'NONE', *, *, #4208, .F. ) ;
#80 = ORIENTED_EDGE ( 'NONE', *, *, #197, .T. ) ;
#81 = B_SPLINE_CURVE_WITH_KNOTS ( 'NONE', 3,
 ( #1449, #5022, #2936, #1008, #2278, #4925, #2204, #983, #4122, #1059, #4527 ),
 .UNSPECIFIED., .F., .F.,
 ( 4, 1, 1, 1, 1, 1, 1, 1, 4 ),
 ( 0.000000000000000000, 0.08388811327954513730, 0.1771540327539690984, 0.2825136355617224870, 0.3993998606601625867, 0.5294908061912201314, 0.6728021776758329464, 0.8295357616196697981, 1.000000000000000000 ),
 .UNSPECIFIED. ) ;
#82 = FILL_AREA_STYLE_COLOUR ( '', #2285 ) ;
#83 = ORIENTED_EDGE ( 'NONE', *, *, #3887, .F. ) ;
#84 = EDGE_CURVE ( 'NONE', #2813, #4006, #5112, .T. ) ;
#85 = CARTESIAN_POINT ( 'NONE',  ( 1.327820251214496539, 18.10000000000000497, -3.078022637135052086 ) ) ;
#86 = LINE ( 'NONE', #2817, #602 ) ;
#87 = CARTESIAN_POINT ( 'NONE',  ( 9.000000000000000000, 18.19999999999999929, 5.000000000000000000 ) ) ;
#88 = ORIENTED_EDGE ( 'NONE', *, *, #2668, .T. ) ;
#89 = CARTESIAN_POINT ( 'NONE',  ( 3.315384615384616041, 18.10000000000000142, -3.399999999999999911 ) ) ;
#90 = CARTESIAN_POINT ( 'NONE',  ( -2.341103986201864551, 18.10000000000000142, -3.115328916511438617 ) ) ;
#91 = CARTESIAN_POINT ( 'NONE',  ( -8.149999999999923972, -3.000000000000000000, -3.600000000000000977 ) ) ;
#92 = DIRECTION ( 'NONE',  ( 0.000000000000000000, 0.000000000000000000, 1.000000000000000000 ) ) ;
#93 = ADVANCED_FACE ( 'NONE', ( #4836 ), #1595, .T. ) ;
#94 = ORIENTED_EDGE ( 'NONE', *, *, #426, .T. ) ;
#95 = EDGE_CURVE ( 'NONE', #695, #1578, #494, .T. ) ;
#96 = ORIENTED_EDGE ( 'NONE', *, *, #4545, .F. ) ;
#97 = PLANE ( 'NONE',  #1533 ) ;
#98 = CARTESIAN_POINT ( 'NONE',  ( -0.6538461538461524114, 18.10000000000000142, -3.123076923076922640 ) ) ;
#99 = CARTESIAN_POINT ( 'NONE',  ( 2.721084664008242893, 18.19999999999999574, -1.284496082387477811 ) ) ;
#100 = DIRECTION ( 'NONE',  ( -0.000000000000000000, 0.000000000000000000, 1.000000000000000000 ) ) ;
#101 = ORIENTED_EDGE ( 'NONE', *, *, #2129, .T. ) ;
#102 = LINE ( 'NONE', #4433, #1736 ) ;
#103 = DIRECTION ( 'NONE',  ( -1.000000000000000000, 0.000000000000000000, 0.000000000000000000 ) ) ;
#104 = CARTESIAN_POINT ( 'NONE',  ( -3.115384615384614531, 18.19999999999902229, -2.261538461538461497 ) ) ;
#105 = CARTESIAN_POINT ( 'NONE',  ( 3.264779896615866761, 18.09999999999999787, -3.121837077022470819 ) ) ;
#106 = VERTEX_POINT ( 'NONE', #43 ) ;
#107 = ORIENTED_EDGE ( 'NONE', *, *, #3838, .T. ) ;
#108 = ORIENTED_EDGE ( 'NONE', *, *, #1066, .F. ) ;
#109 = CARTESIAN_POINT ( 'NONE',  ( 3.378026126061575596, 18.10000000000000142, -0.9701851148018759696 ) ) ;
#110 = ORIENTED_EDGE ( 'NONE', *, *, #1534, .F. ) ;
#111 = LINE ( 'NONE', #3701, #3746 ) ;
#112 = CARTESIAN_POINT ( 'NONE',  ( 3.056396222752959524, 18.10000000000000142, -1.347073402194445491 ) ) ;
#113 = LINE ( 'NONE', #58, #227 ) ;
#114 = VERTEX_POINT ( 'NONE', #3204 ) ;
#115 = CARTESIAN_POINT ( 'NONE',  ( 5.069230769230770761, 18.10000000000000142, -1.000000000000000000 ) ) ;
#116 = CARTESIAN_POINT ( 'NONE',  ( 5.768049617164275666, 18.19999999999999929, -2.913287384086279630 ) ) ;
#117 = CARTESIAN_POINT ( 'NONE',  ( 4.392307692307691802, 18.10000000000000142, -3.061538461538461320 ) ) ;
#118 =( NAMED_UNIT ( * ) PLANE_ANGLE_UNIT ( ) SI_UNIT ( $, .RADIAN. ) );
#119 = ORIENTED_EDGE ( 'NONE', *, *, #4177, .F. ) ;
#120 = VECTOR ( 'NONE', #3273, 1000.000000000000000 ) ;
#121 = ORIENTED_EDGE ( 'NONE', *, *, #1768, .F. ) ;
#122 = AXIS2_PLACEMENT_3D ( 'NONE', #3999, #4379, #861 ) ;
#123 = CARTESIAN_POINT ( 'NONE',  ( 3.759876393278177353, 18.19999999999998863, -2.552200703506998014 ) ) ;
#124 = CARTESIAN_POINT ( 'NONE',  ( -4.284615384615384492, 18.10000000000000142, -1.000000000000000000 ) ) ;
#125 = FACE_OUTER_BOUND ( 'NONE', #1150, .T. ) ;
#126 = VECTOR ( 'NONE', #3135, 1000.000000000000000 ) ;
#127 = CARTESIAN_POINT ( 'NONE',  ( -1.671461975048153636, 18.19999999999999929, -2.796330154422564718 ) ) ;
#128 = EDGE_CURVE ( 'NONE', #3728, #1359, #856, .T. ) ;
#129 = ORIENTED_EDGE ( 'NONE', *, *, #2778, .T. ) ;
#130 = CARTESIAN_POINT ( 'NONE',  ( 3.003292774680716537, 18.19999999999999929, -2.971672128905175736 ) ) ;
#131 = DIRECTION ( 'NONE',  ( -0.000000000000000000, -1.000000000000000000, 0.000000000000000000 ) ) ;
#132 = VECTOR ( 'NONE', #3443, 1000.000000000000000 ) ;
#133 = FACE_OUTER_BOUND ( 'NONE', #4124, .T. ) ;
#134 = UNCERTAINTY_MEASURE_WITH_UNIT (LENGTH_MEASURE( 1.000000000000000082E-05 ), #4985, 'distance_accuracy_value', 'NONE');
#135 = CARTESIAN_POINT ( 'NONE',  ( 8.423076923076923350, 18.10000000000000142, -3.399999999999999911 ) ) ;
#136 = ORIENTED_EDGE ( 'NONE', *, *, #3823, .F. ) ;
#137 = VECTOR ( 'NONE', #2198, 1000.000000000000000 ) ;
#138 = ORIENTED_EDGE ( 'NONE', *, *, #3417, .T. ) ;
#139 = CARTESIAN_POINT ( 'NONE',  ( 7.069230769230770761, 18.10000000000000142, -1.984615384615384670 ) ) ;
#140 = DIRECTION ( 'NONE',  ( 0.000000000000000000, 0.000000000000000000, -1.000000000000000000 ) ) ;
#141 = AXIS2_PLACEMENT_3D ( 'NONE', #765, #1882, #2694 ) ;
#142 = CARTESIAN_POINT ( 'NONE',  ( 3.192606984876889431, 18.10000000000000142, -3.392736022487100822 ) ) ;
#143 = ORIENTED_EDGE ( 'NONE', *, *, #2383, .F. ) ;
#144 = ADVANCED_FACE ( 'NONE', ( #778 ), #1583, .T. ) ;
#145 = CARTESIAN_POINT ( 'NONE',  ( 3.792374746408881947, 18.19999999999999929, -3.230157213527303561 ) ) ;
#146 = EDGE_CURVE ( 'NONE', #4935, #2270, #4706, .T. ) ;
#147 = B_SPLINE_CURVE_WITH_KNOTS ( 'NONE', 3,
 ( #4283, #790, #841, #2002, #1231, #4036, #2415, #541, #3978, #3649, #3597, #112, #1284, #2498, #2114, #3220, #1697, #1259, #488 ),
 .UNSPECIFIED., .F., .F.,
 ( 4, 1, 1, 1, 1, 1, 1, 1, 1, 1, 1, 1, 1, 1, 1, 1, 4 ),
 ( 0.000000000000000000, 0.1184055081537697673, 0.2266543328167019145, 0.3240923419286019236, 0.4117048030053219176, 0.4890259050064155177, 0.5569093973430760958, 0.6162333444927066139, 0.6673492812770748239, 0.7135123932013480719, 0.7576965045209782534, 0.7994925114422912760, 0.8399760647439390437, 0.8798857418167758127, 0.9191486593857416398, 0.9592273564930835494, 1.000000000000000000 ),
 .UNSPECIFIED. ) ;
#148 = VERTEX_POINT ( 'NONE', #1387 ) ;
#149 = EDGE_LOOP ( 'NONE', ( #3980, #4498, #4577, #5107 ) ) ;
#150 = B_SPLINE_CURVE_WITH_KNOTS ( 'NONE', 3,
 ( #821, #902, #4362, #461, #2567, #4041, #2422, #3983, #3745, #1656, #2393, #522, #4334, #1798, #3958, #2772, #3654, #2093, #4016 ),
 .UNSPECIFIED., .F., .F.,
 ( 4, 1, 1, 1, 1, 1, 1, 1, 1, 1, 1, 1, 1, 1, 1, 1, 4 ),
 ( 0.000000000000000000, 0.1156291309254414840, 0.2215410391198764650, 0.3170478562190413574, 0.4031508756396167126, 0.4801812167162797240, 0.5476493661481897091, 0.6070358428421809283, 0.6586524080635072220, 0.7057228903536461040, 0.7498040879796473712, 0.7925868153452740872, 0.8338739610102610111, 0.8747683933034329229, 0.9152226988916376538, 0.9568807037304793983, 1.000000000000000000 ),
 .UNSPECIFIED. ) ;
#151 = DIRECTION ( 'NONE',  ( -0.000000000000000000, 1.000000000000000000, -0.000000000000000000 ) ) ;
#152 = CARTESIAN_POINT ( 'NONE',  ( 2.885270054113527660, 18.19999999999999574, -1.708592970359585683 ) ) ;
#153 = DIRECTION ( 'NONE',  ( -0.000000000000000000, 1.000000000000000000, -0.000000000000000000 ) ) ;
#154 = CARTESIAN_POINT ( 'NONE',  ( 0.000000000000000000, 18.10000000000000142, 0.000000000000000000 ) ) ;
#155 = CARTESIAN_POINT ( 'NONE',  ( 8.225000000000001421, 18.19999999999999929, -3.399999999999999911 ) ) ;
#156 = ORIENTED_EDGE ( 'NONE', *, *, #2399, .F. ) ;
#157 = CARTESIAN_POINT ( 'NONE',  ( -9.000000000000000000, 17.69999999999999929, 4.500000000000000888 ) ) ;
#158 = CARTESIAN_POINT ( 'NONE',  ( 9.500000000000000000, 18.19999999999999929, -5.000000000000000000 ) ) ;
#159 = CARTESIAN_POINT ( 'NONE',  ( 2.546153846153847322, 18.10000000000000142, -2.183653846153846168 ) ) ;
#160 = ORIENTED_EDGE ( 'NONE', *, *, #3140, .F. ) ;
#161 = EDGE_LOOP ( 'NONE', ( #3544, #3342, #355, #2994 ) ) ;
#162 = CARTESIAN_POINT ( 'NONE',  ( -6.623076923076922640, 18.10000000000000142, -3.399999999999999911 ) ) ;
#163 = ORIENTED_EDGE ( 'NONE', *, *, #1220, .F. ) ;
#164 = DIRECTION ( 'NONE',  ( 1.000000000000000000, 0.000000000000000000, 0.000000000000000000 ) ) ;
#165 = LINE ( 'NONE', #2140, #3116 ) ;
#166 = CARTESIAN_POINT ( 'NONE',  ( 3.776923076923076827, 18.10000000000000142, -2.184615384615384848 ) ) ;
#167 = VERTEX_POINT ( 'NONE', #3771 ) ;
#168 = DIRECTION ( 'NONE',  ( -0.000000000000000000, 1.000000000000000000, -0.000000000000000000 ) ) ;
#169 = AXIS2_PLACEMENT_3D ( 'NONE', #3577, #1632, #2099 ) ;
#170 = CARTESIAN_POINT ( 'NONE',  ( 3.935563269827206057, 18.09999999999999432, -3.022916728556235721 ) ) ;
#171 = CARTESIAN_POINT ( 'NONE',  ( -5.089519591096690831, 18.19999999999999929, -1.399067308160131473 ) ) ;
#172 = EDGE_CURVE ( 'NONE', #4866, #3682, #4537, .T. ) ;
#173 = ORIENTED_EDGE ( 'NONE', *, *, #8, .F. ) ;
#174 = CARTESIAN_POINT ( 'NONE',  ( 3.541059518722352362, 18.10000000000000142, -3.051080081795100707 ) ) ;
#175 = DIRECTION ( 'NONE',  ( 0.000000000000000000, 0.000000000000000000, -1.000000000000000000 ) ) ;
#176 = DIRECTION ( 'NONE',  ( -1.000000000000000000, 0.000000000000000000, 0.000000000000000000 ) ) ;
#177 = CARTESIAN_POINT ( 'NONE',  ( -2.572115384615383693, 18.19999999999999929, -3.399999999999999911 ) ) ;
#178 = DIRECTION ( 'NONE',  ( -0.000000000000000000, 1.000000000000000000, -0.000000000000000000 ) ) ;
#179 = EDGE_CURVE ( 'NONE', #2763, #1160, #165, .T. ) ;
#180 = CARTESIAN_POINT ( 'NONE',  ( -2.038095505313256783, 18.19999999999999929, -2.064545618190203768 ) ) ;
#181 = ORIENTED_EDGE ( 'NONE', *, *, #2835, .F. ) ;
#182 = DIRECTION ( 'NONE',  ( -0.6035707186714187600, 0.000000000000000000, 0.7973094678745932251 ) ) ;
#183 = DIRECTION ( 'NONE',  ( 0.000000000000000000, 0.000000000000000000, 1.000000000000000000 ) ) ;
#184 = EDGE_CURVE ( 'NONE', #4467, #2535, #1727, .T. ) ;
#185 = PLANE ( 'NONE',  #2167 ) ;
#186 = DIRECTION ( 'NONE',  ( -0.000000000000000000, 1.000000000000000000, -0.000000000000000000 ) ) ;
#187 = CARTESIAN_POINT ( 'NONE',  ( -7.905288461538460432, 18.19999999999999929, -1.431249999999999911 ) ) ;
#188 = EDGE_CURVE ( 'NONE', #878, #664, #2950, .T. ) ;
#189 = CARTESIAN_POINT ( 'NONE',  ( -2.099449293848877574, 18.10000000000000497, -2.406172546033045201 ) ) ;
#190 = EDGE_CURVE ( 'NONE', #573, #2071, #4515, .T. ) ;
#191 = CARTESIAN_POINT ( 'NONE',  ( 3.727016959652104333, 18.10000000000000142, -1.620437355121891798 ) ) ;
#192 = EDGE_CURVE ( 'NONE', #3531, #3249, #4087, .T. ) ;
#193 = ORIENTED_EDGE ( 'NONE', *, *, #572, .F. ) ;
#194 = CARTESIAN_POINT ( 'NONE',  ( 3.496749514743123566, 18.10000000000000142, -0.9872565573675524675 ) ) ;
#195 = CARTESIAN_POINT ( 'NONE',  ( -2.239063942009692276, 18.19999999999999929, -3.381089844200307670 ) ) ;
#196 = CARTESIAN_POINT ( 'NONE',  ( -5.035602071132847080, 18.19999999999999929, -1.574317143404572850 ) ) ;
#197 = EDGE_CURVE ( 'NONE', #2795, #2169, #2566, .T. ) ;
#198 = VERTEX_POINT ( 'NONE', #3302 ) ;
#199 = CARTESIAN_POINT ( 'NONE',  ( -5.744711538461537259, 18.10000000000000142, -3.399999999999999911 ) ) ;
#200 = PLANE ( 'NONE',  #3994 ) ;
#201 = CARTESIAN_POINT ( 'NONE',  ( 4.084299577736445030, 18.19999999999999929, -2.149516746834950975 ) ) ;
#202 = CYLINDRICAL_SURFACE ( 'NONE', #2211, 0.4000000000000001887 ) ;
#203 = CARTESIAN_POINT ( 'NONE',  ( -2.526120973181955165, 18.20000000000000284, -3.122962130190579000 ) ) ;
#204 = ADVANCED_FACE ( 'NONE', ( #618 ), #4465, .T. ) ;
#205 = AXIS2_PLACEMENT_3D ( 'NONE', #2456, #2529, #882 ) ;
#206 = ORIENTED_EDGE ( 'NONE', *, *, #4748, .T. ) ;
#207 = DIRECTION ( 'NONE',  ( -0.000000000000000000, 1.000000000000000000, -0.000000000000000000 ) ) ;
#208 = VERTEX_POINT ( 'NONE', #970 ) ;
#209 = FACE_OUTER_BOUND ( 'NONE', #5085, .T. ) ;
#210 = CARTESIAN_POINT ( 'NONE',  ( -2.527403846153844835, 18.10000000000000142, -1.984615384615384670 ) ) ;
#211 = VECTOR ( 'NONE', #3503, 1000.000000000000000 ) ;
#212 = CARTESIAN_POINT ( 'NONE',  ( 7.069230769230770761, 18.19999999999999929, -1.984615384615384670 ) ) ;
#213 = B_SPLINE_CURVE_WITH_KNOTS ( 'NONE', 3,
 ( #3345, #1407, #4829, #4435, #1720, #3295, #3132, #1177, #2296, #4303, #1521, #2273, #3079, #4643, #1152 ),
 .UNSPECIFIED., .F., .F.,
 ( 4, 1, 1, 1, 1, 1, 1, 1, 1, 1, 1, 1, 4 ),
 ( 0.000000000000000000, 0.08924249378152880607, 0.1729768290722679125, 0.2526551372368086024, 0.3289533944009838673, 0.4046880824662923981, 0.4814988935669582415, 0.5618700905962247250, 0.6456290048367236967, 0.7322912491886807151, 0.8191788448148049628, 0.9080746859653683334, 1.000000000000000000 ),
 .UNSPECIFIED. ) ;
#214 = ORIENTED_EDGE ( 'NONE', *, *, #2269, .T. ) ;
#215 = FACE_OUTER_BOUND ( 'NONE', #2418, .T. ) ;
#216 = VECTOR ( 'NONE', #2608, 1000.000000000000000 ) ;
#217 = CARTESIAN_POINT ( 'NONE',  ( 8.115384615384616751, 18.19999999999999929, -1.000000000000000000 ) ) ;
#218 = FACE_OUTER_BOUND ( 'NONE', #3626, .T. ) ;
#219 = DIRECTION ( 'NONE',  ( -0.000000000000000000, -1.000000000000000000, -0.000000000000000000 ) ) ;
#220 = AXIS2_PLACEMENT_3D ( 'NONE', #3288, #4846, #929 ) ;
#221 = DIRECTION ( 'NONE',  ( -0.000000000000000000, 0.000000000000000000, 1.000000000000000000 ) ) ;
#222 = ORIENTED_EDGE ( 'NONE', *, *, #4978, .F. ) ;
#223 = CARTESIAN_POINT ( 'NONE',  ( 3.860488948313615332, 18.09999999999999787, -1.220221028608496905 ) ) ;
#224 = VECTOR ( 'NONE', #1712, 1000.000000000000000 ) ;
#225 = CARTESIAN_POINT ( 'NONE',  ( 2.631357219009320847, 18.19999999999999574, -2.869763943659481953 ) ) ;
#226 = CARTESIAN_POINT ( 'NONE',  ( -5.050943861716432615, 18.19999999999999574, -1.524784348504735876 ) ) ;
#227 = VECTOR ( 'NONE', #1260, 1000.000000000000000 ) ;
#228 = B_SPLINE_CURVE_WITH_KNOTS ( 'NONE', 3,
 ( #603, #2980, #2175, #276, #1853, #1028, #3363, #4921, #1474, #2594, #4167, #302, #3034, #657, #3780, #1396, #255, #4524, #4599 ),
 .UNSPECIFIED., .F., .F.,
 ( 4, 1, 1, 1, 1, 1, 1, 1, 1, 1, 1, 1, 1, 1, 1, 1, 4 ),
 ( 0.000000000000000000, 0.04078184587225926888, 0.08086958872158687972, 0.1202681657882676697, 0.1601868504553524697, 0.2004597376386390017, 0.2422651778979079684, 0.2864592615494681027, 0.3329520837492635499, 0.3844305340495305368, 0.4433891253601054405, 0.5116814722136834304, 0.5890200255490082304, 0.6762451906507720434, 0.7737051914728236834, 0.8815677677819826474, 1.000000000000000000 ),
 .UNSPECIFIED. ) ;
#229 = EDGE_LOOP ( 'NONE', ( #249, #48, #835, #392 ) ) ;
#230 = CARTESIAN_POINT ( 'NONE',  ( 3.328884997822857628, 18.10000000000000142, -3.122543707496022058 ) ) ;
#231 = CARTESIAN_POINT ( 'NONE',  ( 5.714791435241681761, 18.10000000000000497, -2.834681568967945431 ) ) ;
#232 = CARTESIAN_POINT ( 'NONE',  ( 3.977308167902385172, 18.19999999999999574, -1.436219432729803902 ) ) ;
#233 = CARTESIAN_POINT ( 'NONE',  ( 5.082772176456523461, 18.10000000000000142, -1.171775364036994782 ) ) ;
#234 = DIRECTION ( 'NONE',  ( -1.000000000000000000, 0.000000000000000000, 0.000000000000000000 ) ) ;
#235 = CARTESIAN_POINT ( 'NONE',  ( -3.115384615384614531, 18.10000000000000142, -3.123076923076922640 ) ) ;
#236 = ORIENTED_EDGE ( 'NONE', *, *, #2269, .F. ) ;
#237 = CARTESIAN_POINT ( 'NONE',  ( -2.513451802306759575, 18.10000000000000142, -2.261924479252429343 ) ) ;
#238 = DIRECTION ( 'NONE',  ( -1.000000000000000000, 0.000000000000000000, 0.000000000000000000 ) ) ;
#239 = CARTESIAN_POINT ( 'NONE',  ( 3.604338780524171337, 18.19999999999998863, -1.020448135813776913 ) ) ;
#240 = DIRECTION ( 'NONE',  ( 0.000000000000000000, -8.601977101410923353E-13, 1.000000000000000000 ) ) ;
#241 = AXIS2_PLACEMENT_3D ( 'NONE', #2460, #4372, #1966 ) ;
#242 = ADVANCED_FACE ( 'NONE', ( #218 ), #2971, .T. ) ;
#243 = CARTESIAN_POINT ( 'NONE',  ( 2.854371879900378328, 18.20000000000000995, -2.229812725994801070 ) ) ;
#244 = COLOUR_RGB ( '',0.9254901960784314152, 0.9254901960784314152, 0.9254901960784314152 ) ;
#245 = FACE_OUTER_BOUND ( 'NONE', #3764, .T. ) ;
#246 = CARTESIAN_POINT ( 'NONE',  ( -5.065661878461894752, 18.20000000000000639, -1.479301115418934609 ) ) ;
#247 = CARTESIAN_POINT ( 'NONE',  ( -0.6538461538461524114, 18.10000000000000142, -1.000000000000000000 ) ) ;
#248 = EDGE_CURVE ( 'NONE', #2186, #1049, #1792, .T. ) ;
#249 = ORIENTED_EDGE ( 'NONE', *, *, #1651, .F. ) ;
#250 = CARTESIAN_POINT ( 'NONE',  ( 3.893675568454759262, 18.10000000000000497, -1.267974801501045468 ) ) ;
#251 = AXIS2_PLACEMENT_3D ( 'NONE', #4125, #312, #3412 ) ;
#252 = PLANE ( 'NONE',  #4895 ) ;
#253 = CARTESIAN_POINT ( 'NONE',  ( -5.019498865249725661, 18.20000000000000284, -1.627858364732313490 ) ) ;
#254 = VERTEX_POINT ( 'NONE', #1516 ) ;
#255 = CARTESIAN_POINT ( 'NONE',  ( 3.776046889763754688, 18.09999999999999787, -2.050252271520546454 ) ) ;
#256 = DIRECTION ( 'NONE',  ( 0.000000000000000000, 0.000000000000000000, 1.000000000000000000 ) ) ;
#257 = DIRECTION ( 'NONE',  ( 1.000000000000000000, 0.000000000000000000, 0.000000000000000000 ) ) ;
#258 = DIRECTION ( 'NONE',  ( -0.000000000000000000, 1.000000000000000000, -0.000000000000000000 ) ) ;
#259 = FILL_AREA_STYLE_COLOUR ( '', #4416 ) ;
#260 = VERTEX_POINT ( 'NONE', #4227 ) ;
#261 = EDGE_CURVE ( 'NONE', #2305, #1227, #1921, .T. ) ;
#262 = CARTESIAN_POINT ( 'NONE',  ( -2.118117235143944121, 18.19999999999999929, -2.035457173379223050 ) ) ;
#263 = ORIENTED_EDGE ( 'NONE', *, *, #3574, .F. ) ;
#264 = CARTESIAN_POINT ( 'NONE',  ( -1.669760732007673720, 18.10000000000000142, -2.685229055820534505 ) ) ;
#265 = FACE_OUTER_BOUND ( 'NONE', #1603, .T. ) ;
#266 = CARTESIAN_POINT ( 'NONE',  ( -3.115384615384614531, 18.10000000000000142, -2.261538461538461497 ) ) ;
#267 = PRESENTATION_STYLE_ASSIGNMENT (( #2635 ) ) ;
#268 = CARTESIAN_POINT ( 'NONE',  ( 8.423076923076923350, 18.19999999999999929, -1.000000000000000000 ) ) ;
#269 = CARTESIAN_POINT ( 'NONE',  ( 7.675768051220906329, 18.20000000000000639, -2.858828467379157967 ) ) ;
#270 = CARTESIAN_POINT ( 'NONE',  ( -2.007692307692306777, 18.10000000000000142, -2.700480769230769074 ) ) ;
#271 = CARTESIAN_POINT ( 'NONE',  ( 9.500000000000000000, 18.19999999999999929, 4.500000000000001776 ) ) ;
#272 = ORIENTED_EDGE ( 'NONE', *, *, #2391, .T. ) ;
#273 = DIRECTION ( 'NONE',  ( 0.000000000000000000, 0.000000000000000000, 1.000000000000000000 ) ) ;
#274 = CARTESIAN_POINT ( 'NONE',  ( -2.127934392361590543, 18.19999999999999574, -2.375574024023833886 ) ) ;
#275 = CARTESIAN_POINT ( 'NONE',  ( 3.315384615384616041, 18.10000000000000497, -1.246153846153845945 ) ) ;
#276 = CARTESIAN_POINT ( 'NONE',  ( 3.409183886520096962, 18.09999999999999787, -1.255977642365009084 ) ) ;
#277 = CARTESIAN_POINT ( 'NONE',  ( -6.561538461538460432, 18.10000000000000142, -1.000000000000000000 ) ) ;
#278 = CARTESIAN_POINT ( 'NONE',  ( 4.083682586835209349, 18.19999999999999574, -2.082823203790411082 ) ) ;
#279 = SURFACE_SIDE_STYLE ('',( #4969 ) ) ;
#280 = DIRECTION ( 'NONE',  ( 0.3035516742042339566, 0.000000000000000000, 0.9528149773632897945 ) ) ;
#281 = ORIENTED_EDGE ( 'NONE', *, *, #3957, .F. ) ;
#282 = DIRECTION ( 'NONE',  ( 0.000000000000000000, 1.000000000000000000, 0.000000000000000000 ) ) ;
#283 = CARTESIAN_POINT ( 'NONE',  ( 1.469230769230769562, 18.19999999999999929, -2.870192307692307487 ) ) ;
#284 = CARTESIAN_POINT ( 'NONE',  ( 1.578846153846154676, 18.19999999999999929, -3.399999999999999911 ) ) ;
#285 = CARTESIAN_POINT ( 'NONE',  ( -9.500000000000000000, 0.000000000000000000, -5.000000000000000000 ) ) ;
#286 = EDGE_CURVE ( 'NONE', #3985, #3532, #480, .T. ) ;
#287 = CARTESIAN_POINT ( 'NONE',  ( 4.392307692307691802, 18.10000000000000142, -3.369230769230769251 ) ) ;
#288 = CARTESIAN_POINT ( 'NONE',  ( -2.495187155050770933, 18.09999999999999787, -3.122742753908001934 ) ) ;
#289 = VECTOR ( 'NONE', #4796, 1000.000000000000000 ) ;
#290 = CARTESIAN_POINT ( 'NONE',  ( 8.150000000000002132, -3.000000000000000000, 3.599999999999999201 ) ) ;
#291 = CARTESIAN_POINT ( 'NONE',  ( 3.315384615384616041, 18.10000000000000142, -0.9692307692307692291 ) ) ;
#292 = ORIENTED_EDGE ( 'NONE', *, *, #21, .F. ) ;
#293 = AXIS2_PLACEMENT_3D ( 'NONE', #328, #4525, #256 ) ;
#294 = ORIENTED_EDGE ( 'NONE', *, *, #1640, .T. ) ;
#295 = DIRECTION ( 'NONE',  ( -1.000000000000000000, 0.000000000000000000, 0.000000000000000000 ) ) ;
#296 = CARTESIAN_POINT ( 'NONE',  ( -2.099449293848877574, 18.20000000000000284, -2.406172546033045201 ) ) ;
#297 = AXIS2_PLACEMENT_3D ( 'NONE', #3463, #756, #4293 ) ;
#298 = LINE ( 'NONE', #1153, #483 ) ;
#299 = ADVANCED_FACE ( 'NONE', ( #3797 ), #4693, .T. ) ;
#300 = VECTOR ( 'NONE', #2572, 1000.000000000000000 ) ;
#301 = ADVANCED_FACE ( 'NONE', ( #4182 ), #45, .T. ) ;
#302 = CARTESIAN_POINT ( 'NONE',  ( 3.704321896306789430, 18.09999999999999432, -1.543906214156757661 ) ) ;
#303 = FACE_OUTER_BOUND ( 'NONE', #1959, .T. ) ;
#304 = CARTESIAN_POINT ( 'NONE',  ( 3.786394183788791334, 18.19999999999999929, -1.136547028883201804 ) ) ;
#305 = VECTOR ( 'NONE', #4059, 1000.000000000000000 ) ;
#306 = VECTOR ( 'NONE', #1140, 1000.000000000000000 ) ;
#307 = CARTESIAN_POINT ( 'NONE',  ( 5.135196560720766357, 18.20000000000000284, -1.498682840318683596 ) ) ;
#308 = CARTESIAN_POINT ( 'NONE',  ( 2.779326923076924416, 18.20000000000000284, -1.200480769230769296 ) ) ;
#309 = EDGE_LOOP ( 'NONE', ( #4940, #1813, #4126, #850 ) ) ;
#310 = EDGE_CURVE ( 'NONE', #3613, #4358, #4934, .T. ) ;
#311 = EDGE_LOOP ( 'NONE', ( #1849, #1615, #2109, #5108 ) ) ;
#312 = DIRECTION ( 'NONE',  ( 1.000000000000000000, 0.000000000000000000, 0.000000000000000000 ) ) ;
#313 = CARTESIAN_POINT ( 'NONE',  ( -2.099449293848877574, 18.19999999999999574, -2.406172546033045201 ) ) ;
#314 = PLANE ( 'NONE',  #5059 ) ;
#315 = FACE_OUTER_BOUND ( 'NONE', #3872, .T. ) ;
#316 = CARTESIAN_POINT ( 'NONE',  ( 2.872436391460736260, 18.20000000000000639, -2.554772537676874844 ) ) ;
#317 = DIRECTION ( 'NONE',  ( -0.000000000000000000, 1.000000000000000000, -0.000000000000000000 ) ) ;
#318 = AXIS2_PLACEMENT_3D ( 'NONE', #894, #4880, #4083 ) ;
#319 = DIRECTION ( 'NONE',  ( -1.000000000000000000, 0.000000000000000000, 0.000000000000000000 ) ) ;
#320 = CARTESIAN_POINT ( 'NONE',  ( -1.820681376327029533, 18.09999999999999787, -3.167396974607548987 ) ) ;
#321 = LINE ( 'NONE', #3995, #565 ) ;
#322 = ORIENTED_EDGE ( 'NONE', *, *, #641, .T. ) ;
#323 = PRESENTATION_LAYER_ASSIGNMENT (  '', '', ( #2547 ) ) ;
#324 = ORIENTED_EDGE ( 'NONE', *, *, #1445, .T. ) ;
#325 = CARTESIAN_POINT ( 'NONE',  ( 2.828504931412796797, 18.20000000000000284, -1.145195567548841220 ) ) ;
#326 = VECTOR ( 'NONE', #2282, 1000.000000000000000 ) ;
#327 = LINE ( 'NONE', #2719, #2676 ) ;
#328 = CARTESIAN_POINT ( 'NONE',  ( -9.000000000000000000, 0.000000000000000000, 4.500000000000000888 ) ) ;
#329 = CARTESIAN_POINT ( 'NONE',  ( 3.438805113129170810, 18.19999999999999929, -0.9765121814308479475 ) ) ;
#330 = CARTESIAN_POINT ( 'NONE',  ( -5.915384615384613909, 18.19999999999999929, -1.000000000000000000 ) ) ;
#331 = DIRECTION ( 'NONE',  ( 1.000000000000000000, 0.000000000000000000, 0.000000000000000000 ) ) ;
#332 = VERTEX_POINT ( 'NONE', #2164 ) ;
#333 = VERTEX_POINT ( 'NONE', #187 ) ;
#334 = FACE_OUTER_BOUND ( 'NONE', #4451, .T. ) ;
#335 = CARTESIAN_POINT ( 'NONE',  ( -1.714944158477354597, 18.10000000000000142, -2.429316474343960586 ) ) ;
#336 = CARTESIAN_POINT ( 'NONE',  ( -6.253846153846152944, 18.19999999999999929, -3.399999999999999911 ) ) ;
#337 = CARTESIAN_POINT ( 'NONE',  ( 3.744772185262533970, 18.10000000000000142, -1.101482954560117244 ) ) ;
#338 = CARTESIAN_POINT ( 'NONE',  ( 5.554683873739917566, 18.19999999999999574, -2.570725532689420501 ) ) ;
#339 = ADVANCED_FACE ( 'NONE', ( #2187 ), #938, .T. ) ;
#340 = CIRCLE ( 'NONE', #1002, 0.5000000000000004441 ) ;
#341 = CARTESIAN_POINT ( 'NONE',  ( 7.998599974185865769, 18.10000000000000142, -2.767338551688109938 ) ) ;
#342 = CARTESIAN_POINT ( 'NONE',  ( -2.526120973181955165, 18.19999999999999929, -3.122962130190579000 ) ) ;
#343 = CARTESIAN_POINT ( 'NONE',  ( 3.315384615384616041, 18.10000000000000142, -0.9692307692307692291 ) ) ;
#344 = CARTESIAN_POINT ( 'NONE',  ( -8.438461538461536904, 18.10000000000000142, -1.288461538461538547 ) ) ;
#345 = PLANE ( 'NONE',  #2457 ) ;
#346 = EDGE_CURVE ( 'NONE', #254, #1455, #4833, .T. ) ;
#347 = ORIENTED_EDGE ( 'NONE', *, *, #3097, .F. ) ;
#348 = VERTEX_POINT ( 'NONE', #918 ) ;
#349 = DIRECTION ( 'NONE',  ( 0.3055884099676584031, 0.000000000000000000, -0.9521637063517167654 ) ) ;
#350 = EDGE_CURVE ( 'NONE', #3214, #1222, #1333, .T. ) ;
#351 = CARTESIAN_POINT ( 'NONE',  ( 0.9844204099801433516, 18.09999999999999787, -2.544743598796537665 ) ) ;
#352 = CARTESIAN_POINT ( 'NONE',  ( -8.149999999999998579, 0.000000000000000000, 3.199999999999998401 ) ) ;
#353 = CARTESIAN_POINT ( 'NONE',  ( 8.150000000000078515, 0.000000000000000000, -4.000000000000000000 ) ) ;
#354 = CYLINDRICAL_SURFACE ( 'NONE', #4412, 0.4000000000000001887 ) ;
#355 = ORIENTED_EDGE ( 'NONE', *, *, #5057, .T. ) ;
#356 = CARTESIAN_POINT ( 'NONE',  ( 4.037506730896978091, 18.10000000000000142, -1.643032946165831731 ) ) ;
#357 = CARTESIAN_POINT ( 'NONE',  ( -2.008031671781591143, 18.10000000000000142, -2.683633387421933580 ) ) ;
#358 = LINE ( 'NONE', #3938, #3355 ) ;
#359 = DIRECTION ( 'NONE',  ( -0.000000000000000000, 1.000000000000000000, -0.000000000000000000 ) ) ;
#360 = EDGE_CURVE ( 'NONE', #1064, #3923, #4131, .T. ) ;
#361 = CARTESIAN_POINT ( 'NONE',  ( 5.007058103050393782, 18.19999999999999574, -2.066973838400183006 ) ) ;
#362 = DIRECTION ( 'NONE',  ( 0.000000000000000000, -0.000000000000000000, -1.000000000000000000 ) ) ;
#363 = CARTESIAN_POINT ( 'NONE',  ( 8.055720882108712289, 18.20000000000000639, -3.158487338531030364 ) ) ;
#364 = DIRECTION ( 'NONE',  ( -0.000000000000000000, 1.000000000000000000, -0.000000000000000000 ) ) ;
#365 = VERTEX_POINT ( 'NONE', #2841 ) ;
#366 = CARTESIAN_POINT ( 'NONE',  ( 5.314120561262892117, 18.19999999999999574, -2.069992689188896229 ) ) ;
#367 = AXIS2_PLACEMENT_3D ( 'NONE', #924, #519, #3981 ) ;
#368 = CARTESIAN_POINT ( 'NONE',  ( 4.000033776357088122, 18.10000000000000142, -1.500541616203622919 ) ) ;
#369 = ORIENTED_EDGE ( 'NONE', *, *, #4230, .F. ) ;
#370 = FACE_OUTER_BOUND ( 'NONE', #4625, .T. ) ;
#371 = VECTOR ( 'NONE', #1625, 1000.000000000000114 ) ;
#372 = DIRECTION ( 'NONE',  ( 0.000000000000000000, 0.000000000000000000, -1.000000000000000000 ) ) ;
#373 = VECTOR ( 'NONE', #4910, 1000.000000000000000 ) ;
#374 = CARTESIAN_POINT ( 'NONE',  ( 1.207173273195101038, 18.19999999999999574, -2.667418883870758428 ) ) ;
#375 = FACE_OUTER_BOUND ( 'NONE', #161, .T. ) ;
#376 = B_SPLINE_SURFACE_WITH_KNOTS ( 'NONE', 3, 1, ( 
 ( #30, #1523 ),
 ( #2341, #2368 ),
 ( #3955, #4648 ),
 ( #4332, #819 ),
 ( #1930, #3500 ),
 ( #5065, #3900 ),
 ( #398, #1624 ),
 ( #427, #2006 ),
 ( #3193, #1288 ),
 ( #3306, #3652 ),
 ( #1341, #4039 ) ),
 .UNSPECIFIED., .F., .F., .F.,
 ( 4, 1, 1, 1, 1, 1, 1, 1, 4 ),
 ( 2, 2 ),
 ( 0.000000000000000000, 0.1625255217041872702, 0.3143148980392371783, 0.4549784905465743545, 0.5845192373661989294, 0.7045671033090727953, 0.8134949897289288634, 0.9116812596826063819, 1.000000000000000000 ),
 ( 0.000000000000000000, 1.000000000000000000 ),
 .UNSPECIFIED. ) ;
#377 = CARTESIAN_POINT ( 'NONE',  ( 5.239578550408356961, 18.19999999999999929, -2.530529983020429530 ) ) ;
#378 = CARTESIAN_POINT ( 'NONE',  ( 2.634230814226842021, 18.19999999999999574, -1.487166288545491488 ) ) ;
#379 = AXIS2_PLACEMENT_3D ( 'NONE', #624, #4544, #3333 ) ;
#380 = ORIENTED_EDGE ( 'NONE', *, *, #4007, .F. ) ;
#381 = ORIENTED_EDGE ( 'NONE', *, *, #2928, .F. ) ;
#382 = DIRECTION ( 'NONE',  ( -1.000000000000000000, -0.000000000000000000, -0.000000000000000000 ) ) ;
#383 = LINE ( 'NONE', #4728, #3192 ) ;
#384 = VECTOR ( 'NONE', #2431, 1000.000000000000000 ) ;
#385 = CARTESIAN_POINT ( 'NONE',  ( -2.265865384615383338, 18.10000000000000142, -3.101923076923076561 ) ) ;
#386 = DIRECTION ( 'NONE',  ( 0.000000000000000000, 0.000000000000000000, -1.000000000000000000 ) ) ;
#387 = CARTESIAN_POINT ( 'NONE',  ( 5.239578550408356961, 18.10000000000000142, -2.530529983020429530 ) ) ;
#388 = LINE ( 'NONE', #3176, #2551 ) ;
#389 = DIRECTION ( 'NONE',  ( -0.000000000000000000, 0.000000000000000000, -1.000000000000000000 ) ) ;
#390 = DIRECTION ( 'NONE',  ( 1.000000000000000000, 0.000000000000000000, 0.000000000000000000 ) ) ;
#391 = ORIENTED_EDGE ( 'NONE', *, *, #399, .T. ) ;
#392 = ORIENTED_EDGE ( 'NONE', *, *, #4770, .T. ) ;
#393 = CARTESIAN_POINT ( 'NONE',  ( 3.893675568454759262, 18.10000000000000497, -1.267974801501045468 ) ) ;
#394 = VECTOR ( 'NONE', #2085, 1000.000000000000000 ) ;
#395 = CARTESIAN_POINT ( 'NONE',  ( 2.653767371758310567, 18.19999999999999574, -2.934418779485471696 ) ) ;
#396 = CARTESIAN_POINT ( 'NONE',  ( 5.508915165638904377, 18.09999999999999787, -2.927443551440969127 ) ) ;
#397 = EDGE_CURVE ( 'NONE', #2051, #348, #2138, .T. ) ;
#398 = CARTESIAN_POINT ( 'NONE',  ( -5.131538511526962054, 18.10000000000000853, -1.469128801907442217 ) ) ;
#399 = EDGE_CURVE ( 'NONE', #1222, #2675, #4414, .T. ) ;
#400 = CARTESIAN_POINT ( 'NONE',  ( 8.124610084716920255, 18.10000000000000142, -3.239679382850802369 ) ) ;
#401 = DIRECTION ( 'NONE',  ( -0.000000000000000000, 1.000000000000000000, -0.000000000000000000 ) ) ;
#402 = ORIENTED_EDGE ( 'NONE', *, *, #896, .T. ) ;
#403 = VECTOR ( 'NONE', #207, 1000.000000000000000 ) ;
#404 = ADVANCED_FACE ( 'NONE', ( #513 ), #3350, .T. ) ;
#405 = ORIENTED_EDGE ( 'NONE', *, *, #1560, .T. ) ;
#406 = DIRECTION ( 'NONE',  ( -0.000000000000000000, 1.000000000000000000, -0.000000000000000000 ) ) ;
#407 = CARTESIAN_POINT ( 'NONE',  ( 6.176923076923078071, 18.10000000000000142, -1.707692307692307621 ) ) ;
#408 = EDGE_CURVE ( 'NONE', #2325, #4929, #4107, .T. ) ;
#409 = DIRECTION ( 'NONE',  ( -0.000000000000000000, 1.000000000000000000, -0.000000000000000000 ) ) ;
#410 = DIRECTION ( 'NONE',  ( -0.000000000000000000, 1.000000000000000000, -0.000000000000000000 ) ) ;
#411 = EDGE_CURVE ( 'NONE', #1669, #926, #2745, .T. ) ;
#412 = VECTOR ( 'NONE', #4112, 1000.000000000000000 ) ;
#413 = CARTESIAN_POINT ( 'NONE',  ( 7.853327119348947782, 18.10000000000000497, -2.667418883870759760 ) ) ;
#414 = CARTESIAN_POINT ( 'NONE',  ( 9.000000000000000000, 17.69999999999999929, -4.500000000000000888 ) ) ;
#415 = CARTESIAN_POINT ( 'NONE',  ( 3.027384934338290368, 18.19999999999999574, -3.349752154914120705 ) ) ;
#416 = EDGE_LOOP ( 'NONE', ( #4726, #3394, #1434, #94 ) ) ;
#417 = CARTESIAN_POINT ( 'NONE',  ( 2.779326923076924416, 18.10000000000000142, -1.200480769230769296 ) ) ;
#418 = EDGE_CURVE ( 'NONE', #419, #2763, #4181, .T. ) ;
#419 = VERTEX_POINT ( 'NONE', #287 ) ;
#420 = ORIENTED_EDGE ( 'NONE', *, *, #192, .T. ) ;
#421 = CARTESIAN_POINT ( 'NONE',  ( 5.175480769230769162, 18.10000000000000142, -1.652403846153845945 ) ) ;
#422 = ORIENTED_EDGE ( 'NONE', *, *, #2521, .T. ) ;
#423 = CARTESIAN_POINT ( 'NONE',  ( 2.738181368829333273, 18.19999999999998863, -3.102606032933265201 ) ) ;
#424 = B_SPLINE_SURFACE_WITH_KNOTS ( 'NONE', 3, 1, ( 
 ( #1662, #927 ),
 ( #1686, #4069 ),
 ( #3230, #1294 ),
 ( #4044, #4789 ),
 ( #2860, #123 ),
 ( #4867, #951 ),
 ( #1268, #1735 ),
 ( #1709, #1347 ),
 ( #3310, #4844 ),
 ( #4425, #2826 ),
 ( #2151, #1318 ),
 ( #4397, #3710 ),
 ( #174, #1756 ),
 ( #3335, #4890 ),
 ( #1446, #5019 ),
 ( #1005, #1080 ),
 ( #1056, #2959 ),
 ( #230, #3729 ),
 ( #4945, #4190 ) ),
 .UNSPECIFIED., .F., .F., .F.,
 ( 4, 1, 1, 1, 1, 1, 1, 1, 1, 1, 1, 1, 1, 1, 1, 1, 4 ),
 ( 2, 2 ),
 ( 0.000000000000000000, 0.1156291309254414840, 0.2215410391198764650, 0.3170478562190413574, 0.4031508756396167126, 0.4801812167162797240, 0.5476493661481897091, 0.6070358428421809283, 0.6586524080635072220, 0.7057228903536461040, 0.7498040879796473712, 0.7925868153452740872, 0.8338739610102610111, 0.8747683933034329229, 0.9152226988916376538, 0.9568807037304793983, 1.000000000000000000 ),
 ( 0.000000000000000000, 1.000000000000000000 ),
 .UNSPECIFIED. ) ;
#425 = DIRECTION ( 'NONE',  ( -0.000000000000000000, 1.000000000000000000, -0.000000000000000000 ) ) ;
#426 = EDGE_CURVE ( 'NONE', #2677, #3968, #1116, .T. ) ;
#427 = CARTESIAN_POINT ( 'NONE',  ( -5.120200361892401908, 18.09999999999999432, -1.430558136623163668 ) ) ;
#428 = CARTESIAN_POINT ( 'NONE',  ( -4.284615384615384492, 18.10000000000000142, -3.030769230769230660 ) ) ;
#429 = CARTESIAN_POINT ( 'NONE',  ( 5.930769230769231015, 18.19999999999999929, -3.369230769230769251 ) ) ;
#430 = FACE_OUTER_BOUND ( 'NONE', #1377, .T. ) ;
#431 = ORIENTED_EDGE ( 'NONE', *, *, #3520, .T. ) ;
#432 = EDGE_LOOP ( 'NONE', ( #514, #444, #3839, #4019 ) ) ;
#433 = CARTESIAN_POINT ( 'NONE',  ( 4.084615384615384315, 18.10000000000000142, -2.183653846153846168 ) ) ;
#434 = DIRECTION ( 'NONE',  ( -0.000000000000000000, 1.000000000000000000, -0.000000000000000000 ) ) ;
#435 = PRESENTATION_STYLE_ASSIGNMENT (( #4790 ) ) ;
#436 = VECTOR ( 'NONE', #434, 1000.000000000000000 ) ;
#437 = LINE ( 'NONE', #3888, #556 ) ;
#438 = CARTESIAN_POINT ( 'NONE',  ( -9.500000000000000000, 18.19999999999999929, -5.000000000000000000 ) ) ;
#439 = ORIENTED_EDGE ( 'NONE', *, *, #735, .F. ) ;
#440 = CARTESIAN_POINT ( 'NONE',  ( 4.808117868378938731, 18.09999999999999432, -1.396868079856780520 ) ) ;
#441 = ORIENTED_EDGE ( 'NONE', *, *, #2916, .T. ) ;
#442 = CARTESIAN_POINT ( 'NONE',  ( 3.848041715359038495, 18.09999999999999787, -3.169785965656528592 ) ) ;
#443 = DIRECTION ( 'NONE',  ( -1.000000000000000000, 0.000000000000000000, 0.000000000000000000 ) ) ;
#444 = ORIENTED_EDGE ( 'NONE', *, *, #128, .T. ) ;
#445 = CARTESIAN_POINT ( 'NONE',  ( 4.392307692307691802, 18.10000000000000142, -3.061538461538461320 ) ) ;
#446 = EDGE_LOOP ( 'NONE', ( #1301, #2701, #3935 ) ) ;
#447 = ORIENTED_EDGE ( 'NONE', *, *, #3769, .T. ) ;
#448 = CARTESIAN_POINT ( 'NONE',  ( 5.554683873739917566, 18.09999999999999787, -2.570725532689420501 ) ) ;
#449 = ORIENTED_EDGE ( 'NONE', *, *, #1287, .F. ) ;
#450 = CARTESIAN_POINT ( 'NONE',  ( 2.578849745660951154, 18.19999999999998508, -2.648556222682773686 ) ) ;
#451 = B_SPLINE_CURVE_WITH_KNOTS ( 'NONE', 3,
 ( #4047, #2937, #4123, #3289, #1321, #2886, #729, #632, #1479, #203, #4145 ),
 .UNSPECIFIED., .F., .F.,
 ( 4, 1, 1, 1, 1, 1, 1, 1, 4 ),
 ( 0.000000000000000000, 0.07638299760369743341, 0.1659855054655317574, 0.2707148802617386218, 0.3888240826834113428, 0.5206018700426655599, 0.6660294782576524630, 0.8252434598020210732, 1.000000000000000000 ),
 .UNSPECIFIED. ) ;
#452 = CARTESIAN_POINT ( 'NONE',  ( 3.294376027792274453, 18.10000000000000142, -3.399672577889857994 ) ) ;
#453 = AXIS2_PLACEMENT_3D ( 'NONE', #3757, #1502, #3060 ) ;
#454 = ORIENTED_EDGE ( 'NONE', *, *, #1200, .T. ) ;
#455 = EDGE_CURVE ( 'NONE', #2325, #3484, #711, .T. ) ;
#456 = AXIS2_PLACEMENT_3D ( 'NONE', #5035, #2313, #3867 ) ;
#457 = VECTOR ( 'NONE', #1726, 1000.000000000000000 ) ;
#458 = CARTESIAN_POINT ( 'NONE',  ( 4.055449411551101058, 18.10000000000000497, -2.631941549491857213 ) ) ;
#459 = VECTOR ( 'NONE', #2790, 1000.000000000000000 ) ;
#460 = DIRECTION ( 'NONE',  ( -1.000000000000000000, 0.000000000000000000, 0.000000000000000000 ) ) ;
#461 = CARTESIAN_POINT ( 'NONE',  ( 3.769763934172928543, 18.20000000000001350, -2.440226390517214572 ) ) ;
#462 = FILL_AREA_STYLE_COLOUR ( '', #3441 ) ;
#463 = ADVANCED_FACE ( 'NONE', ( #688 ), #4983, .T. ) ;
#464 = ORIENTED_EDGE ( 'NONE', *, *, #3634, .F. ) ;
#465 = EDGE_CURVE ( 'NONE', #2736, #3030, #2237, .T. ) ;
#466 = VECTOR ( 'NONE', #1245, 1000.000000000000000 ) ;
#467 = VERTEX_POINT ( 'NONE', #4585 ) ;
#468 = DIRECTION ( 'NONE',  ( -0.000000000000000000, -1.000000000000000000, -0.000000000000000000 ) ) ;
#469 = DIRECTION ( 'NONE',  ( 0.000000000000000000, 0.000000000000000000, -1.000000000000000000 ) ) ;
#470 = CARTESIAN_POINT ( 'NONE',  ( 1.469230769230769562, 18.19999999999999929, -1.000000000000000000 ) ) ;
#471 = VECTOR ( 'NONE', #4516, 1000.000000000000000 ) ;
#472 = CARTESIAN_POINT ( 'NONE',  ( 2.675179253312191641, 18.19999999999999929, -1.380966216061077168 ) ) ;
#473 = CARTESIAN_POINT ( 'NONE',  ( 8.115384615384616751, 18.10000000000000142, -1.000000000000000000 ) ) ;
#474 = LINE ( 'NONE', #3611, #3444 ) ;
#475 = ADVANCED_FACE ( 'NONE', ( #215 ), #798, .T. ) ;
#476 = CARTESIAN_POINT ( 'NONE',  ( 5.344807500889140250, 18.19999999999999218, -2.700359103670942229 ) ) ;
#477 = VERTEX_POINT ( 'NONE', #4559 ) ;
#478 = CARTESIAN_POINT ( 'NONE',  ( 4.004609738356283088, 18.10000000000000497, -2.845397204304962457 ) ) ;
#479 = LINE ( 'NONE', #2406, #2670 ) ;
#480 = B_SPLINE_CURVE_WITH_KNOTS ( 'NONE', 3,
 ( #343, #4252, #3492, #5054, #1045, #3072, #4634, #1540, #2997, #2659, #1119 ),
 .UNSPECIFIED., .F., .F.,
 ( 4, 1, 1, 1, 1, 1, 1, 1, 4 ),
 ( 0.000000000000000000, 0.1379032299933923567, 0.2688733426002933857, 0.3951781273461141830, 0.5170892381308889174, 0.6367430265135483047, 0.7562218164637974915, 0.8766283594636801180, 0.9999999999999998890 ),
 .UNSPECIFIED. ) ;
#481 = ORIENTED_EDGE ( 'NONE', *, *, #1328, .T. ) ;
#482 = PLANE ( 'NONE',  #4003 ) ;
#483 = VECTOR ( 'NONE', #372, 1000.000000000000000 ) ;
#484 = VERTEX_POINT ( 'NONE', #1043 ) ;
#485 = EDGE_LOOP ( 'NONE', ( #4552, #4665, #4081, #559, #1254 ) ) ;
#486 = CARTESIAN_POINT ( 'NONE',  ( 5.714791435241681761, 18.20000000000000284, -2.834681568967945431 ) ) ;
#487 = FACE_OUTER_BOUND ( 'NONE', #416, .T. ) ;
#488 = CARTESIAN_POINT ( 'NONE',  ( 3.315384615384616041, 18.10000000000000497, -1.246153846153845945 ) ) ;
#489 = CARTESIAN_POINT ( 'NONE',  ( 2.593959297222529159, 18.10000000000000853, -2.727090481595959126 ) ) ;
#490 = ADVANCED_FACE ( 'NONE', ( #5052 ), #3942, .T. ) ;
#491 = ORIENTED_EDGE ( 'NONE', *, *, #3734, .T. ) ;
#492 = CARTESIAN_POINT ( 'NONE',  ( 3.495164451837819097, 18.10000000000000142, -3.382794865329382006 ) ) ;
#493 = CARTESIAN_POINT ( 'NONE',  ( 5.875625443982564811, 18.19999999999999929, -3.055706260279085207 ) ) ;
#494 = CIRCLE ( 'NONE', #241, 0.3999999999999993006 ) ;
#495 = FACE_OUTER_BOUND ( 'NONE', #2953, .T. ) ;
#496 = ORIENTED_EDGE ( 'NONE', *, *, #4007, .T. ) ;
#497 = ORIENTED_EDGE ( 'NONE', *, *, #261, .T. ) ;
#498 = CARTESIAN_POINT ( 'NONE',  ( -2.536538461538460520, 18.10000000000000142, -2.261538461538461497 ) ) ;
#499 = AXIS2_PLACEMENT_3D ( 'NONE', #1354, #4875, #3737 ) ;
#500 = CARTESIAN_POINT ( 'NONE',  ( 2.871364503778899735, 18.19999999999999574, -1.809966826224596037 ) ) ;
#501 = CARTESIAN_POINT ( 'NONE',  ( 9.500000000000000000, 0.000000000000000000, 4.500000000000001776 ) ) ;
#502 = CARTESIAN_POINT ( 'NONE',  ( 3.264779896615866761, 18.19999999999999574, -3.121837077022470819 ) ) ;
#503 = ORIENTED_EDGE ( 'NONE', *, *, #1343, .T. ) ;
#504 = VECTOR ( 'NONE', #2558, 1000.000000000000000 ) ;
#505 = LINE ( 'NONE', #3640, #2310 ) ;
#506 = DIRECTION ( 'NONE',  ( -0.000000000000000000, 1.000000000000000000, -0.000000000000000000 ) ) ;
#507 = UNCERTAINTY_MEASURE_WITH_UNIT (LENGTH_MEASURE( 1.000000000000000082E-05 ), #3853, 'distance_accuracy_value', 'NONE');
#508 = EDGE_CURVE ( 'NONE', #3283, #5058, #3208, .T. ) ;
#509 = VERTEX_POINT ( 'NONE', #3559 ) ;
#510 = CARTESIAN_POINT ( 'NONE',  ( -7.093471189335661897, 18.19999999999999929, -3.061967754530907637 ) ) ;
#511 = ORIENTED_EDGE ( 'NONE', *, *, #1328, .F. ) ;
#512 = ORIENTED_EDGE ( 'NONE', *, *, #3693, .F. ) ;
#513 = FACE_OUTER_BOUND ( 'NONE', #4194, .T. ) ;
#514 = ORIENTED_EDGE ( 'NONE', *, *, #3781, .T. ) ;
#515 = LINE ( 'NONE', #1070, #1535 ) ;
#516 = ADVANCED_FACE ( 'NONE', ( #2707 ), #3513, .T. ) ;
#517 = CARTESIAN_POINT ( 'NONE',  ( 2.846017106966918675, 18.10000000000000142, -3.233123557294836470 ) ) ;
#518 = ORIENTED_EDGE ( 'NONE', *, *, #4369, .F. ) ;
#519 = DIRECTION ( 'NONE',  ( -0.000000000000000000, 0.000000000000000000, -1.000000000000000000 ) ) ;
#520 = DIRECTION ( 'NONE',  ( -1.000000000000000000, 0.000000000000000000, 0.000000000000000000 ) ) ;
#521 = ADVANCED_FACE ( 'NONE', ( #830 ), #3096, .T. ) ;
#522 = CARTESIAN_POINT ( 'NONE',  ( 3.579408748126834183, 18.20000000000000639, -3.018607902616721628 ) ) ;
#523 = SURFACE_STYLE_USAGE ( .BOTH. , #2120 ) ;
#524 = EDGE_LOOP ( 'NONE', ( #2446, #496, #2057, #2483, #561 ) ) ;
#525 = VERTEX_POINT ( 'NONE', #155 ) ;
#526 = CARTESIAN_POINT ( 'NONE',  ( -5.744711538461537259, 18.10000000000000142, -3.399999999999999911 ) ) ;
#527 = ADVANCED_FACE ( 'NONE', ( #2463 ), #5068, .T. ) ;
#528 = CARTESIAN_POINT ( 'NONE',  ( 3.177309505806124257, 18.10000000000000497, -1.270359157206181200 ) ) ;
#529 = CARTESIAN_POINT ( 'NONE',  ( 2.546153846153847322, 18.19999999999999929, -2.183653846153846168 ) ) ;
#530 = CARTESIAN_POINT ( 'NONE',  ( 5.398645684989978655, 18.19999999999999218, -2.779724442582470978 ) ) ;
#531 = ORIENTED_EDGE ( 'NONE', *, *, #1649, .F. ) ;
#532 = DIRECTION ( 'NONE',  ( -0.000000000000000000, -1.000000000000000000, -0.000000000000000000 ) ) ;
#533 = CARTESIAN_POINT ( 'NONE',  ( 7.069230769230770761, 18.10000000000000142, -1.707692307692307621 ) ) ;
#534 = CARTESIAN_POINT ( 'NONE',  ( -5.050943861716432615, 18.09999999999999787, -1.524784348504735876 ) ) ;
#535 = ORIENTED_EDGE ( 'NONE', *, *, #3891, .T. ) ;
#536 = EDGE_CURVE ( 'NONE', #1838, #467, #1666, .T. ) ;
#537 = EDGE_LOOP ( 'NONE', ( #862, #1281, #1947, #1752 ) ) ;
#538 = CARTESIAN_POINT ( 'NONE',  ( 3.315384615384616041, 18.19999999999998863, -0.9692307692307692291 ) ) ;
#539 = FACE_OUTER_BOUND ( 'NONE', #3788, .T. ) ;
#540 = DIRECTION ( 'NONE',  ( -0.000000000000000000, 1.000000000000000000, -0.000000000000000000 ) ) ;
#541 = CARTESIAN_POINT ( 'NONE',  ( 2.926685363257350847, 18.10000000000000142, -1.543196624343209589 ) ) ;
#542 = CARTESIAN_POINT ( 'NONE',  ( 3.536173490359094895, 18.19999999999999929, -1.315883382131455948 ) ) ;
#543 = ORIENTED_EDGE ( 'NONE', *, *, #3375, .T. ) ;
#544 = CARTESIAN_POINT ( 'NONE',  ( 4.044465926960723046, 18.09999999999999787, -2.690956010443585456 ) ) ;
#545 = CARTESIAN_POINT ( 'NONE',  ( -8.149999999999923972, -3.000000000000000000, -3.600000000000000977 ) ) ;
#546 = ORIENTED_EDGE ( 'NONE', *, *, #4261, .T. ) ;
#547 = ORIENTED_EDGE ( 'NONE', *, *, #3574, .T. ) ;
#548 = VECTOR ( 'NONE', #1915, 1000.000000000000000 ) ;
#549 = DIRECTION ( 'NONE',  ( -0.000000000000000000, 1.000000000000000000, -0.000000000000000000 ) ) ;
#550 = CARTESIAN_POINT ( 'NONE',  ( 3.094746296037601763, 18.19999999999999574, -1.315953161850569320 ) ) ;
#551 = CARTESIAN_POINT ( 'NONE',  ( 2.558742542046325674, 18.19999999999999929, -1.874083075895056627 ) ) ;
#552 = VECTOR ( 'NONE', #2427, 1000.000000000000000 ) ;
#553 = DIRECTION ( 'NONE',  ( 1.000000000000000000, 0.000000000000000000, 0.000000000000000000 ) ) ;
#554 = ORIENTED_EDGE ( 'NONE', *, *, #360, .T. ) ;
#555 = LINE ( 'NONE', #2536, #2148 ) ;
#556 = VECTOR ( 'NONE', #359, 1000.000000000000000 ) ;
#557 = CARTESIAN_POINT ( 'NONE',  ( -3.946153846153845013, 18.19999999999999929, -1.000000000000000000 ) ) ;
#558 = CARTESIAN_POINT ( 'NONE',  ( 3.296123749261761215, 18.10000000000000142, -3.122659729431333187 ) ) ;
#559 = ORIENTED_EDGE ( 'NONE', *, *, #1384, .F. ) ;
#560 =( GEOMETRIC_REPRESENTATION_CONTEXT ( 3 ) GLOBAL_UNCERTAINTY_ASSIGNED_CONTEXT ( ( #1327 ) ) GLOBAL_UNIT_ASSIGNED_CONTEXT ( ( #4266, #1526, #5094 ) ) REPRESENTATION_CONTEXT ( 'NONE', 'WORKASPACE' ) );
#561 = ORIENTED_EDGE ( 'NONE', *, *, #3140, .T. ) ;
#562 = DIRECTION ( 'NONE',  ( -1.000000000000000000, 0.000000000000000000, 0.000000000000000000 ) ) ;
#563 = CARTESIAN_POINT ( 'NONE',  ( 1.409567035954866210, 18.19999999999999574, -3.158487338531026811 ) ) ;
#564 = CARTESIAN_POINT ( 'NONE',  ( -7.905288461538460432, 18.10000000000000142, -1.431249999999999911 ) ) ;
#565 = VECTOR ( 'NONE', #3494, 1000.000000000000000 ) ;
#566 = CARTESIAN_POINT ( 'NONE',  ( 3.776046889763754688, 18.09999999999999787, -2.050252271520546454 ) ) ;
#567 = ORIENTED_EDGE ( 'NONE', *, *, #5088, .T. ) ;
#568 = DIRECTION ( 'NONE',  ( -1.000000000000000000, 0.000000000000000000, 0.000000000000000000 ) ) ;
#569 = CARTESIAN_POINT ( 'NONE',  ( 7.998599974185865769, 18.10000000000000142, -2.767338551688109938 ) ) ;
#570 = ADVANCED_FACE ( 'NONE', ( #4024 ), #4793, .T. ) ;
#571 = CARTESIAN_POINT ( 'NONE',  ( 2.546938034086394964, 18.10000000000000142, -2.129631629529233017 ) ) ;
#572 = EDGE_CURVE ( 'NONE', #1061, #4403, #3315, .T. ) ;
#573 = VERTEX_POINT ( 'NONE', #3638 ) ;
#574 = FACE_OUTER_BOUND ( 'NONE', #2010, .T. ) ;
#575 = DIRECTION ( 'NONE',  ( 1.000000000000000000, 0.000000000000000000, 0.000000000000000000 ) ) ;
#576 = CARTESIAN_POINT ( 'NONE',  ( 4.064467753073575551, 18.19999999999999574, -1.804697346004014991 ) ) ;
#577 = DIRECTION ( 'NONE',  ( 0.000000000000000000, -0.000000000000000000, -1.000000000000000000 ) ) ;
#578 = LINE ( 'NONE', #608, #1053 ) ;
#579 = DIRECTION ( 'NONE',  ( -0.000000000000000000, 1.000000000000000000, -0.000000000000000000 ) ) ;
#580 = EDGE_CURVE ( 'NONE', #3028, #1961, #4779, .T. ) ;
#581 = VECTOR ( 'NONE', #3376, 1000.000000000000000 ) ;
#582 = EDGE_CURVE ( 'NONE', #1235, #2946, #684, .T. ) ;
#583 = CARTESIAN_POINT ( 'NONE',  ( -1.854527437778240140, 18.19999999999999929, -2.193958739501279620 ) ) ;
#584 = ORIENTED_EDGE ( 'NONE', *, *, #1705, .T. ) ;
#585 = LINE ( 'NONE', #612, #4265 ) ;
#586 = DIRECTION ( 'NONE',  ( -1.000000000000000000, 0.000000000000000000, 0.000000000000000000 ) ) ;
#587 = EDGE_CURVE ( 'NONE', #859, #2789, #1839, .T. ) ;
#588 = CARTESIAN_POINT ( 'NONE',  ( 3.218888391468177179, 18.10000000000000497, -3.113984868111275617 ) ) ;
#589 = VECTOR ( 'NONE', #1191, 1000.000000000000000 ) ;
#590 = ORIENTED_EDGE ( 'NONE', *, *, #1909, .F. ) ;
#591 = CARTESIAN_POINT ( 'NONE',  ( 3.496749514743123566, 18.10000000000000142, -0.9872565573675524675 ) ) ;
#592 = CARTESIAN_POINT ( 'NONE',  ( 5.930769230769231015, 18.19999999999999929, -3.369230769230769251 ) ) ;
#593 = DIRECTION ( 'NONE',  ( -0.7973094678745932251, 0.000000000000000000, -0.6035707186714187600 ) ) ;
#594 = ADVANCED_FACE ( 'NONE', ( #1787 ), #4928, .T. ) ;
#595 = APPLICATION_CONTEXT ( 'automotive_design' ) ;
#596 = CARTESIAN_POINT ( 'NONE',  ( 3.574335215015275846, 18.19999999999999218, -1.347121170653132527 ) ) ;
#597 = ORIENTED_EDGE ( 'NONE', *, *, #3455, .T. ) ;
#598 = CARTESIAN_POINT ( 'NONE',  ( 1.776923076923077049, 18.10000000000000142, -1.000000000000000000 ) ) ;
#599 = CARTESIAN_POINT ( 'NONE',  ( -2.014740005763263841, 18.20000000000000284, -2.602766433804082347 ) ) ;
#600 = EDGE_CURVE ( 'NONE', #2535, #1563, #3460, .T. ) ;
#601 = CARTESIAN_POINT ( 'NONE',  ( -5.000924130847671734, 18.19999999999999574, -1.684873467603890340 ) ) ;
#602 = VECTOR ( 'NONE', #4388, 1000.000000000000000 ) ;
#603 = CARTESIAN_POINT ( 'NONE',  ( 3.315384615384616041, 18.10000000000000497, -1.246153846153845945 ) ) ;
#604 = CARTESIAN_POINT ( 'NONE',  ( 2.854151667839954776, 18.19999999999999929, -2.138454655276096794 ) ) ;
#605 = CARTESIAN_POINT ( 'NONE',  ( 2.779326923076924416, 18.19999999999999574, -1.200480769230769296 ) ) ;
#606 = B_SPLINE_CURVE_WITH_KNOTS ( 'NONE', 3,
 ( #4187, #2571, #2246, #2924, #2171, #1471, #1776, #4139, #623, #225, #1803, #3383, #3032, #2976, #4543, #1025, #3944, #3148, #4407, #2466, #415, #1499, #1994, #1251, #2018, #4027, #2381 ),
 .UNSPECIFIED., .F., .F.,
 ( 4, 1, 1, 1, 1, 1, 1, 1, 1, 1, 1, 1, 1, 1, 1, 1, 1, 1, 1, 1, 1, 1, 1, 1, 4 ),
 ( 0.000000000000000000, 0.06311445839479327968, 0.1236146457694900364, 0.1809737111859574810, 0.2352614550083220735, 0.2871007018338719852, 0.3360307363034436556, 0.3823823485850663673, 0.4263340836597072636, 0.4682106947981600209, 0.5082496012618050729, 0.5466283366065850524, 0.5836495392304462682, 0.6189943150301622232, 0.6535830186205965342, 0.6871561361903313347, 0.7204221919788075246, 0.7532302188118170649, 0.7862601560778998966, 0.8195039834988839811, 0.8535452747120184647, 0.8883082803397299720, 0.9239958607406952851, 0.9613503047546445579, 1.000000000000000000 ),
 .UNSPECIFIED. ) ;
#607 = LINE ( 'NONE', #2576, #1130 ) ;
#608 = CARTESIAN_POINT ( 'NONE',  ( -6.561538461538460432, 18.10000000000000142, -1.000000000000000000 ) ) ;
#609 = VERTEX_POINT ( 'NONE', #1428 ) ;
#610 = CARTESIAN_POINT ( 'NONE',  ( -4.924999999999998934, 18.19999999999999929, -1.000000000000000000 ) ) ;
#611 = ORIENTED_EDGE ( 'NONE', *, *, #1655, .T. ) ;
#612 = CARTESIAN_POINT ( 'NONE',  ( 3.776923076923076827, 18.10000000000000142, -2.184615384615384848 ) ) ;
#613 = LINE ( 'NONE', #2537, #4641 ) ;
#614 = CARTESIAN_POINT ( 'NONE',  ( -7.236648581862020535, 18.19999999999999574, -2.873840154283197279 ) ) ;
#615 = VERTEX_POINT ( 'NONE', #3840 ) ;
#616 = CARTESIAN_POINT ( 'NONE',  ( 8.115384615384616751, 18.19999999999999929, -1.000000000000000000 ) ) ;
#617 = DIRECTION ( 'NONE',  ( -0.000000000000000000, 0.000000000000000000, 1.000000000000000000 ) ) ;
#618 = FACE_OUTER_BOUND ( 'NONE', #2844, .T. ) ;
#619 = CARTESIAN_POINT ( 'NONE',  ( 5.398645684989978655, 18.19999999999999574, -2.779724442582470978 ) ) ;
#620 = CARTESIAN_POINT ( 'NONE',  ( 3.776046889763754688, 18.19999999999999574, -2.050252271520546454 ) ) ;
#621 = VERTEX_POINT ( 'NONE', #706 ) ;
#622 = CARTESIAN_POINT ( 'NONE',  ( 3.604338780524171337, 18.10000000000000142, -1.020448135813776913 ) ) ;
#623 = CARTESIAN_POINT ( 'NONE',  ( 2.610959739297014082, 18.19999999999999574, -2.800852016738642369 ) ) ;
#624 = CARTESIAN_POINT ( 'NONE',  ( 8.150000000000078515, 0.000000000000000000, -3.600000000000000977 ) ) ;
#625 = ORIENTED_EDGE ( 'NONE', *, *, #2919, .F. ) ;
#626 = LINE ( 'NONE', #4621, #713 ) ;
#627 = CARTESIAN_POINT ( 'NONE',  ( 8.115384615384616751, 18.10000000000000142, -2.870192307692307487 ) ) ;
#628 = CARTESIAN_POINT ( 'NONE',  ( -2.371084277308483923, 18.09999999999999787, -3.394821395933963704 ) ) ;
#629 = CARTESIAN_POINT ( 'NONE',  ( -5.202268448344484320, 18.10000000000000497, -1.696787074431586273 ) ) ;
#630 = AXIS2_PLACEMENT_3D ( 'NONE', #3351, #617, #164 ) ;
#631 = EDGE_CURVE ( 'NONE', #1482, #4358, #2070, .T. ) ;
#632 = CARTESIAN_POINT ( 'NONE',  ( -2.450796115529890962, 18.20000000000000284, -3.121712823946392046 ) ) ;
#633 = VECTOR ( 'NONE', #3285, 1000.000000000000000 ) ;
#634 = CARTESIAN_POINT ( 'NONE',  ( -2.488444191547046547, 18.20000000000000284, -1.985273816052769202 ) ) ;
#635 = VERTEX_POINT ( 'NONE', #2258 ) ;
#636 = AXIS2_PLACEMENT_3D ( 'NONE', #744, #1099, #1052 ) ;
#637 = CARTESIAN_POINT ( 'NONE',  ( -2.053796760088443474, 18.19999999999999574, -2.475956467210549405 ) ) ;
#638 = CARTESIAN_POINT ( 'NONE',  ( -7.062297504795813197, 18.09999999999999787, -3.103493563119797738 ) ) ;
#639 = VECTOR ( 'NONE', #4316, 1000.000000000000000 ) ;
#640 = CARTESIAN_POINT ( 'NONE',  ( 6.176923076923078071, 18.10000000000000142, -1.984615384615384670 ) ) ;
#641 = EDGE_CURVE ( 'NONE', #3682, #1555, #3369, .T. ) ;
#642 = CARTESIAN_POINT ( 'NONE',  ( 2.930179158544214513, 18.09999999999999787, -2.828980007645756523 ) ) ;
#643 = VECTOR ( 'NONE', #1559, 1000.000000000000114 ) ;
#644 = CARTESIAN_POINT ( 'NONE',  ( -1.776419275174005774, 18.10000000000000142, -3.105229208171969457 ) ) ;
#645 = COLOUR_RGB ( '',0.9254901960784314152, 0.9254901960784314152, 0.9254901960784314152 ) ;
#646 = DIRECTION ( 'NONE',  ( -0.6040146511370632076, 0.000000000000000000, 0.7969732123552031311 ) ) ;
#647 = ORIENTED_EDGE ( 'NONE', *, *, #346, .F. ) ;
#648 = CARTESIAN_POINT ( 'NONE',  ( 3.924782351644866107, 18.10000000000000497, -1.319641031038868872 ) ) ;
#649 = EDGE_CURVE ( 'NONE', #1644, #3179, #986, .T. ) ;
#650 = VECTOR ( 'NONE', #3027, 1000.000000000000000 ) ;
#651 = CARTESIAN_POINT ( 'NONE',  ( 2.853846153846154809, 18.20000000000000284, -2.184615384615384848 ) ) ;
#652 = EDGE_CURVE ( 'NONE', #4626, #1644, #4973, .T. ) ;
#653 = CARTESIAN_POINT ( 'NONE',  ( -5.050943861716432615, 18.09999999999999787, -1.524784348504735876 ) ) ;
#654 = AXIS2_PLACEMENT_3D ( 'NONE', #4675, #4651, #331 ) ;
#655 = ORIENTED_EDGE ( 'NONE', *, *, #3838, .F. ) ;
#656 = ORIENTED_EDGE ( 'NONE', *, *, #3781, .F. ) ;
#657 = CARTESIAN_POINT ( 'NONE',  ( 3.745478666341328644, 18.10000000000000142, -1.709391010091495966 ) ) ;
#658 = CARTESIAN_POINT ( 'NONE',  ( -2.007692307692306777, 18.19999999999999929, -2.700480769230769074 ) ) ;
#659 = CARTESIAN_POINT ( 'NONE',  ( -2.288777541248401270, 18.10000000000000142, -3.389155956462528430 ) ) ;
#660 = DIRECTION ( 'NONE',  ( 0.000000000000000000, 0.000000000000000000, 1.000000000000000000 ) ) ;
#661 = ORIENTED_EDGE ( 'NONE', *, *, #4805, .F. ) ;
#662 = ORIENTED_EDGE ( 'NONE', *, *, #776, .F. ) ;
#663 = DIRECTION ( 'NONE',  ( -1.000000000000000000, 0.000000000000000000, 0.000000000000000000 ) ) ;
#664 = VERTEX_POINT ( 'NONE', #610 ) ;
#665 = CARTESIAN_POINT ( 'NONE',  ( -3.115384615384614531, 18.19999999999999929, -2.261538461538461497 ) ) ;
#666 = CARTESIAN_POINT ( 'NONE',  ( 0.9153846153846165734, 18.10000000000000142, -2.799999999999999822 ) ) ;
#667 = CARTESIAN_POINT ( 'NONE',  ( 0.000000000000000000, 18.19999999999999929, 0.000000000000000000 ) ) ;
#668 = DIRECTION ( 'NONE',  ( -0.000000000000000000, 1.000000000000000000, -0.000000000000000000 ) ) ;
#669 = DIRECTION ( 'NONE',  ( 0.3055884099676584031, 0.000000000000000000, -0.9521637063517167654 ) ) ;
#670 = FACE_OUTER_BOUND ( 'NONE', #4231, .T. ) ;
#671 = CARTESIAN_POINT ( 'NONE',  ( 1.136675845120486139, 18.20000000000000284, -2.926233763544646482 ) ) ;
#672 = CARTESIAN_POINT ( 'NONE',  ( 4.051490463516257634, 18.19999999999999218, -1.721598259523441810 ) ) ;
#673 = CARTESIAN_POINT ( 'NONE',  ( 2.546153846153847322, 18.19999999999998863, -2.183653846153846168 ) ) ;
#674 = B_SPLINE_CURVE_WITH_KNOTS ( 'NONE', 3,
 ( #4601, #201, #278, #3731, #3036, #576, #4892, #1372, #1783, #2203, #232, #4650, #1599, #1205, #1574, #799, #304, #3063, #4237, #3112, #4216, #4623, #2370, #329, #3833, #3529, #3551 ),
 .UNSPECIFIED., .F., .F.,
 ( 4, 1, 1, 1, 1, 1, 1, 1, 1, 1, 1, 1, 1, 1, 1, 1, 1, 1, 1, 1, 1, 1, 1, 1, 4 ),
 ( 0.000000000000000000, 0.06287394621143262141, 0.1228366299919130822, 0.1796565674430313786, 0.2339600122308622132, 0.2855950186955588666, 0.3345131060783809174, 0.3809048259061764141, 0.4248945919393346538, 0.4665290347654876268, 0.5064882940692464475, 0.5450315536447543074, 0.5818311798231348142, 0.6174482799494431795, 0.6520669127690462696, 0.6858797142465109520, 0.7191745547913919179, 0.7521816462063927178, 0.7852401639180907056, 0.8186564497770834059, 0.8525477406533108482, 0.8876263422585193297, 0.9236350780687510031, 0.9610218444769894619, 1.000000000000000000 ),
 .UNSPECIFIED. ) ;
#675 = AXIS2_PLACEMENT_3D ( 'NONE', #4195, #282, #1862 ) ;
#676 = DIRECTION ( 'NONE',  ( 0.000000000000000000, -1.000000000000000000, 0.000000000000000000 ) ) ;
#677 = CARTESIAN_POINT ( 'NONE',  ( -4.988580291537190625, 18.10000000000000142, -1.724345899647210079 ) ) ;
#678 = LINE ( 'NONE', #4141, #3501 ) ;
#679 = EDGE_CURVE ( 'NONE', #1622, #1694, #2181, .T. ) ;
#680 = FACE_OUTER_BOUND ( 'NONE', #4715, .T. ) ;
#681 = CARTESIAN_POINT ( 'NONE',  ( 2.828504931412796797, 18.10000000000000497, -1.145195567548841220 ) ) ;
#682 = CARTESIAN_POINT ( 'NONE',  ( -7.256730769230768097, 18.10000000000000142, -2.847596153846153832 ) ) ;
#683 = EDGE_LOOP ( 'NONE', ( #892, #3167, #4424, #4700 ) ) ;
#684 = LINE ( 'NONE', #235, #403 ) ;
#685 = CARTESIAN_POINT ( 'NONE',  ( -1.773150575060601586, 18.10000000000000497, -2.305778009833629127 ) ) ;
#686 = CARTESIAN_POINT ( 'NONE',  ( -1.967300323701803189, 18.20000000000000639, -2.100546650581091690 ) ) ;
#687 = LINE ( 'NONE', #5032, #4406 ) ;
#688 = FACE_OUTER_BOUND ( 'NONE', #3871, .T. ) ;
#689 = CARTESIAN_POINT ( 'NONE',  ( -2.373856394399910030, 18.19999999999999929, -3.117933599874898487 ) ) ;
#690 = CARTESIAN_POINT ( 'NONE',  ( 4.080017485271135946, 18.19999999999999218, -1.985321155423562356 ) ) ;
#691 = CARTESIAN_POINT ( 'NONE',  ( 7.882783249023385785, 18.20000000000000639, -2.999303879377634985 ) ) ;
#692 = EDGE_CURVE ( 'NONE', #4506, #1064, #1010, .T. ) ;
#693 = CARTESIAN_POINT ( 'NONE',  ( 7.069230769230770761, 18.10000000000000142, -1.984615384615384670 ) ) ;
#694 = EDGE_CURVE ( 'NONE', #1249, #2535, #4147, .T. ) ;
#695 = VERTEX_POINT ( 'NONE', #2207 ) ;
#696 = CARTESIAN_POINT ( 'NONE',  ( 2.547071005808292821, 18.19999999999998863, -2.285127785442878867 ) ) ;
#697 = CARTESIAN_POINT ( 'NONE',  ( -2.243077434865247355, 18.19999999999999929, -2.304940609253527395 ) ) ;
#698 = CARTESIAN_POINT ( 'NONE',  ( -2.007692307692306777, 18.10000000000000142, -2.700480769230769074 ) ) ;
#699 = ADVANCED_FACE ( 'NONE', ( #4578 ), #3763, .T. ) ;
#700 = DIRECTION ( 'NONE',  ( 0.000000000000000000, 0.000000000000000000, -1.000000000000000000 ) ) ;
#701 = CARTESIAN_POINT ( 'NONE',  ( 5.484604890145504008, 18.10000000000000142, -2.440926442479292469 ) ) ;
#702 = LINE ( 'NONE', #3931, #211 ) ;
#703 = CARTESIAN_POINT ( 'NONE',  ( -5.120200361892401908, 18.09999999999999432, -1.430558136623163668 ) ) ;
#704 = DIRECTION ( 'NONE',  ( 1.000000000000000000, 0.000000000000000000, 0.000000000000000000 ) ) ;
#705 = ORIENTED_EDGE ( 'NONE', *, *, #1490, .T. ) ;
#706 = CARTESIAN_POINT ( 'NONE',  ( -6.253846153846152944, 18.19999999999999929, -3.399999999999999911 ) ) ;
#707 = VERTEX_POINT ( 'NONE', #2230 ) ;
#708 = CARTESIAN_POINT ( 'NONE',  ( -2.099449293848877574, 18.10000000000000497, -2.406172546033045201 ) ) ;
#709 = CARTESIAN_POINT ( 'NONE',  ( -2.207171258700463934, 18.19999999999999574, -2.012569254691831233 ) ) ;
#710 = PLANE ( 'NONE',  #2444 ) ;
#711 = LINE ( 'NONE', #4936, #2623 ) ;
#712 = DIRECTION ( 'NONE',  ( 0.000000000000000000, 0.000000000000000000, -1.000000000000000000 ) ) ;
#713 = VECTOR ( 'NONE', #3407, 1000.000000000000000 ) ;
#714 = CARTESIAN_POINT ( 'NONE',  ( 4.064467753073575551, 18.09999999999999787, -1.804697346004014991 ) ) ;
#715 = CARTESIAN_POINT ( 'NONE',  ( -5.000924130847671734, 18.19999999999999574, -1.684873467603890340 ) ) ;
#716 = SURFACE_STYLE_FILL_AREA ( #4229 ) ;
#717 = AXIS2_PLACEMENT_3D ( 'NONE', #2154, #176, #4573 ) ;
#718 = ORIENTED_EDGE ( 'NONE', *, *, #84, .F. ) ;
#719 = EDGE_CURVE ( 'NONE', #4854, #1838, #3789, .T. ) ;
#720 = CARTESIAN_POINT ( 'NONE',  ( 0.4538461538461536215, 18.10000000000000142, -3.123076923076922640 ) ) ;
#721 = AXIS2_PLACEMENT_3D ( 'NONE', #2055, #1996, #3126 ) ;
#722 = CARTESIAN_POINT ( 'NONE',  ( 2.885227487847910499, 18.19999999999999929, -1.098669532604227284 ) ) ;
#723 = VECTOR ( 'NONE', #1472, 1000.000000000000000 ) ;
#725 = EDGE_CURVE ( 'NONE', #114, #467, #1494, .T. ) ;
#724 = CARTESIAN_POINT ( 'NONE',  ( 1.055241986765505180, 18.10000000000000497, -2.579837375352687090 ) ) ;
#726 = CARTESIAN_POINT ( 'NONE',  ( 5.400997047652274397, 18.10000000000000497, -2.274750883084691200 ) ) ;
#727 = CARTESIAN_POINT ( 'NONE',  ( 0.4538461538461536215, 18.19999999999999929, -3.399999999999999911 ) ) ;
#728 = LINE ( 'NONE', #330, #4166 ) ;
#729 = CARTESIAN_POINT ( 'NONE',  ( -2.410383215157984704, 18.19999999999999929, -3.120520381876108029 ) ) ;
#730 = ORIENTED_EDGE ( 'NONE', *, *, #3388, .F. ) ;
#731 = EDGE_LOOP ( 'NONE', ( #2664, #4242 ) ) ;
#732 = CARTESIAN_POINT ( 'NONE',  ( 1.055241986765505180, 18.10000000000000497, -2.579837375352687090 ) ) ;
#733 = CARTESIAN_POINT ( 'NONE',  ( -2.038095505313256783, 18.10000000000000142, -2.064545618190203768 ) ) ;
#734 = CARTESIAN_POINT ( 'NONE',  ( -2.118117235143944121, 18.10000000000000142, -2.035457173379223050 ) ) ;
#735 = EDGE_CURVE ( 'NONE', #1064, #1169, #3439, .T. ) ;
#736 = DIRECTION ( 'NONE',  ( -0.000000000000000000, -1.000000000000000000, -0.000000000000000000 ) ) ;
#737 = CARTESIAN_POINT ( 'NONE',  ( 2.546153846153847322, 18.19999999999999929, -2.183653846153846168 ) ) ;
#738 = AXIS2_PLACEMENT_3D ( 'NONE', #473, #2048, #3610 ) ;
#739 = EDGE_CURVE ( 'NONE', #1578, #148, #2652, .T. ) ;
#740 = CARTESIAN_POINT ( 'NONE',  ( -4.988580291537190625, 18.19999999999999929, -1.724345899647210079 ) ) ;
#741 = DIRECTION ( 'NONE',  ( 1.000000000000000000, -2.129228911120495124E-11, 0.000000000000000000 ) ) ;
#742 = ORIENTED_EDGE ( 'NONE', *, *, #3089, .T. ) ;
#743 = ORIENTED_EDGE ( 'NONE', *, *, #2769, .F. ) ;
#744 = CARTESIAN_POINT ( 'NONE',  ( 8.150000000000078515, -3.000000000000000000, -3.600000000000000977 ) ) ;
#745 = ADVANCED_FACE ( 'NONE', ( #1604 ), #2728, .T. ) ;
#746 = CARTESIAN_POINT ( 'NONE',  ( 3.010372383461216828, 18.19999999999999574, -1.025268848514442777 ) ) ;
#747 = CARTESIAN_POINT ( 'NONE',  ( 2.886654477288478571, 18.10000000000000142, -2.657326307023503809 ) ) ;
#748 = CARTESIAN_POINT ( 'NONE',  ( 3.221680416463650332, 18.19999999999999574, -1.256119641378608209 ) ) ;
#749 = CARTESIAN_POINT ( 'NONE',  ( -8.284615384615383604, 18.10000000000000142, -3.399999999999999911 ) ) ;
#750 = CARTESIAN_POINT ( 'NONE',  ( 2.721084664008242893, 18.09999999999999787, -1.284496082387477811 ) ) ;
#751 = ORIENTED_EDGE ( 'NONE', *, *, #4810, .T. ) ;
#752 = ORIENTED_EDGE ( 'NONE', *, *, #2188, .F. ) ;
#753 = LINE ( 'NONE', #2011, #1074 ) ;
#754 = CARTESIAN_POINT ( 'NONE',  ( 7.776062316908073591, 18.19999999999999574, -2.621307487327407593 ) ) ;
#755 = CARTESIAN_POINT ( 'NONE',  ( -4.450961538461537081, 18.19999999999999929, -3.399999999999999911 ) ) ;
#756 = DIRECTION ( 'NONE',  ( 0.000000000000000000, 1.000000000000000000, 0.000000000000000000 ) ) ;
#757 = B_SPLINE_SURFACE_WITH_KNOTS ( 'NONE', 3, 1, ( 
 ( #4526, #3365 ),
 ( #3712, #2177 ),
 ( #1835, #982 ),
 ( #2626, #1448 ),
 ( #4192, #1758 ),
 ( #1007, #1810 ),
 ( #3759, #3409 ),
 ( #3337, #2575 ),
 ( #681, #2253 ),
 ( #3009, #3807 ),
 ( #5000, #605 ) ),
 .UNSPECIFIED., .F., .F., .F.,
 ( 4, 1, 1, 1, 1, 1, 1, 1, 4 ),
 ( 2, 2 ),
 ( 0.000000000000000000, 0.1379032299933923567, 0.2688733426002933857, 0.3951781273461141830, 0.5170892381308889174, 0.6367430265135483047, 0.7562218164637974915, 0.8766283594636801180, 0.9999999999999998890 ),
 ( 0.000000000000000000, 1.000000000000000000 ),
 .UNSPECIFIED. ) ;
#758 = CARTESIAN_POINT ( 'NONE',  ( 5.007058103050393782, 18.10000000000000497, -2.066973838400183006 ) ) ;
#759 = CARTESIAN_POINT ( 'NONE',  ( 2.992788461538461675, 18.19999999999999929, -2.958653846153846079 ) ) ;
#760 = LINE ( 'NONE', #863, #1123 ) ;
#761 = VERTEX_POINT ( 'NONE', #3576 ) ;
#762 = SURFACE_STYLE_FILL_AREA ( #1567 ) ;
#763 = CARTESIAN_POINT ( 'NONE',  ( 4.037506730896978091, 18.19999999999998863, -1.643032946165831731 ) ) ;
#764 = DIRECTION ( 'NONE',  ( -0.000000000000000000, 0.000000000000000000, -1.000000000000000000 ) ) ;
#765 = CARTESIAN_POINT ( 'NONE',  ( -8.149999999999998579, -3.000000000000000000, 3.599999999999999201 ) ) ;
#766 = CARTESIAN_POINT ( 'NONE',  ( 2.854371879900378328, 18.10000000000000497, -2.229812725994801070 ) ) ;
#767 = DIRECTION ( 'NONE',  ( -1.000000000000000000, 0.000000000000000000, 0.000000000000000000 ) ) ;
#768 = CARTESIAN_POINT ( 'NONE',  ( 4.883857184201487733, 18.20000000000000284, -1.710553263832049975 ) ) ;
#769 = CARTESIAN_POINT ( 'NONE',  ( 2.602093797227662542, 18.10000000000000497, -1.605179932673136634 ) ) ;
#770 =( NAMED_UNIT ( * ) SI_UNIT ( $, .STERADIAN. ) SOLID_ANGLE_UNIT ( ) );
#771 = EDGE_LOOP ( 'NONE', ( #785, #4906, #3371 ) ) ;
#772 = VERTEX_POINT ( 'NONE', #1556 ) ;
#773 = LINE ( 'NONE', #1210, #3465 ) ;
#774 = CARTESIAN_POINT ( 'NONE',  ( 1.469230769230769562, 18.10000000000000142, -1.000000000000000000 ) ) ;
#775 = DIRECTION ( 'NONE',  ( -0.000000000000000000, 1.000000000000000000, -0.000000000000000000 ) ) ;
#776 = EDGE_CURVE ( 'NONE', #114, #2186, #4243, .T. ) ;
#777 = CARTESIAN_POINT ( 'NONE',  ( -9.000000000000000000, 17.69999999999999929, 4.500000000000000888 ) ) ;
#778 = FACE_OUTER_BOUND ( 'NONE', #1724, .T. ) ;
#779 = CARTESIAN_POINT ( 'NONE',  ( 4.934021903896800509, 18.09999999999999787, -1.873868522237594370 ) ) ;
#780 = DIRECTION ( 'NONE',  ( 0.000000000000000000, 0.000000000000000000, -1.000000000000000000 ) ) ;
#781 = CARTESIAN_POINT ( 'NONE',  ( -4.450961538461537081, 18.19999999999999929, -3.399999999999999911 ) ) ;
#782 = EDGE_CURVE ( 'NONE', #1098, #484, #3187, .T. ) ;
#783 = ORIENTED_EDGE ( 'NONE', *, *, #679, .F. ) ;
#784 = CARTESIAN_POINT ( 'NONE',  ( -2.536538461538460520, 18.19999999999999929, -2.261538461538461497 ) ) ;
#785 = ORIENTED_EDGE ( 'NONE', *, *, #3727, .T. ) ;
#786 = VERTEX_POINT ( 'NONE', #3862 ) ;
#787 = CARTESIAN_POINT ( 'NONE',  ( 5.400997047652274397, 18.20000000000000284, -2.274750883084691200 ) ) ;
#788 = VECTOR ( 'NONE', #1883, 1000.000000000000000 ) ;
#789 = CARTESIAN_POINT ( 'NONE',  ( 1.029614205067056254, 18.19999999999999574, -2.858828467379156635 ) ) ;
#790 = CARTESIAN_POINT ( 'NONE',  ( 2.854151667839954776, 18.10000000000000497, -2.138454655276096794 ) ) ;
#791 = VECTOR ( 'NONE', #3628, 1000.000000000000000 ) ;
#792 = CARTESIAN_POINT ( 'NONE',  ( 4.792069883629102911, 18.10000000000000497, -1.310487776408184368 ) ) ;
#793 = EDGE_CURVE ( 'NONE', #2394, #4787, #3533, .T. ) ;
#794 = CIRCLE ( 'NONE', #3435, 0.4000000000000006328 ) ;
#795 = EDGE_CURVE ( 'NONE', #332, #1722, #753, .T. ) ;
#796 = CARTESIAN_POINT ( 'NONE',  ( 1.055241986765505180, 18.20000000000000284, -2.579837375352687090 ) ) ;
#797 = CARTESIAN_POINT ( 'NONE',  ( 3.267965732233285792, 18.20000000000000639, -1.247925018653117890 ) ) ;
#798 = B_SPLINE_SURFACE_WITH_KNOTS ( 'NONE', 3, 1, ( 
 ( #3398, #4535 ),
 ( #2263, #1069 ),
 ( #3817, #5009 ),
 ( #642, #1018 ),
 ( #2583, #4154 ),
 ( #2216, #3047 ),
 ( #2657, #316 ),
 ( #4612, #1092 ),
 ( #1897, #5034 ),
 ( #3466, #243 ),
 ( #1823, #1435 ) ),
 .UNSPECIFIED., .F., .F., .F.,
 ( 4, 1, 1, 1, 1, 1, 1, 1, 4 ),
 ( 2, 2 ),
 ( 0.000000000000000000, 0.08388811327954513730, 0.1771540327539690984, 0.2825136355617224870, 0.3993998606601625867, 0.5294908061912201314, 0.6728021776758329464, 0.8295357616196697981, 1.000000000000000000 ),
 ( 0.000000000000000000, 1.000000000000000000 ),
 .UNSPECIFIED. ) ;
#799 = CARTESIAN_POINT ( 'NONE',  ( 3.824979434512996157, 18.20000000000000284, -1.176200577224048249 ) ) ;
#800 = LINE ( 'NONE', #4238, #3755 ) ;
#801 = VECTOR ( 'NONE', #1394, 1000.000000000000000 ) ;
#802 = ORIENTED_EDGE ( 'NONE', *, *, #4348, .F. ) ;
#803 = ORIENTED_EDGE ( 'NONE', *, *, #4429, .F. ) ;
#804 = CARTESIAN_POINT ( 'NONE',  ( -4.284615384615384492, 18.19999999999999929, -3.030769230769230660 ) ) ;
#805 = DIRECTION ( 'NONE',  ( -1.000000000000000000, 0.000000000000000000, 0.000000000000000000 ) ) ;
#806 = AXIS2_PLACEMENT_3D ( 'NONE', #1621, #4837, #3303 ) ;
#807 = LINE ( 'NONE', #755, #2031 ) ;
#808 = CARTESIAN_POINT ( 'NONE',  ( 3.312019230769231104, 18.10000000000000142, -3.123076923076922640 ) ) ;
#809 = DIRECTION ( 'NONE',  ( -1.000000000000000000, 0.000000000000000000, 0.000000000000000000 ) ) ;
#810 = CARTESIAN_POINT ( 'NONE',  ( 4.827241142095441973, 18.10000000000000497, -1.486991543295926865 ) ) ;
#811 = CARTESIAN_POINT ( 'NONE',  ( 0.9844204099801433516, 18.19999999999999574, -2.544743598796537665 ) ) ;
#812 = FACE_OUTER_BOUND ( 'NONE', #4185, .T. ) ;
#813 = CARTESIAN_POINT ( 'NONE',  ( -2.159875118442785347, 18.19999999999999929, -3.050132823464086762 ) ) ;
#814 = B_SPLINE_CURVE_WITH_KNOTS ( 'NONE', 3,
 ( #4441, #2540, #919, #2189, #3301, #3648, #4908, #3377, #4881, #2166, #189, #2565, #1771, #1386, #1020, #3743, #4857, #1796, #4034 ),
 .UNSPECIFIED., .F., .F.,
 ( 4, 1, 1, 1, 1, 1, 1, 1, 1, 1, 1, 1, 1, 1, 1, 1, 4 ),
 ( 0.000000000000000000, 0.08773102264437469822, 0.1690056846605411667, 0.2448021443962126731, 0.3142317617715638667, 0.3789415805204454646, 0.4391718549354322598, 0.4957867026411696965, 0.5494347689706723381, 0.6020003354234680915, 0.6542545252912729259, 0.7069046930323722444, 0.7612021463875934257, 0.8168623067330522680, 0.8746699957507750867, 0.9360077445631973525, 1.000000000000000000 ),
 .UNSPECIFIED. ) ;
#815 = EDGE_LOOP ( 'NONE', ( #2812, #4478, #3348, #3689 ) ) ;
#816 = VECTOR ( 'NONE', #579, 1000.000000000000000 ) ;
#817 = CARTESIAN_POINT ( 'NONE',  ( 2.557412174202554400, 18.10000000000000853, -2.476760059876441655 ) ) ;
#818 = CARTESIAN_POINT ( 'NONE',  ( 3.362791624304162230, 18.19999999999999929, -1.247963719025054541 ) ) ;
#819 = CARTESIAN_POINT ( 'NONE',  ( -5.173915909796185097, 18.19999999999999574, -1.606609021216112598 ) ) ;
#820 = CARTESIAN_POINT ( 'NONE',  ( 2.853846153846154809, 18.20000000000000284, -2.184615384615384848 ) ) ;
#821 = CARTESIAN_POINT ( 'NONE',  ( 3.776923076923076827, 18.19999999999999929, -2.184615384615384848 ) ) ;
#822 = DIRECTION ( 'NONE',  ( -0.000000000000000000, 1.000000000000000000, -0.000000000000000000 ) ) ;
#823 = ORIENTED_EDGE ( 'NONE', *, *, #2916, .F. ) ;
#824 = ORIENTED_EDGE ( 'NONE', *, *, #2979, .F. ) ;
#825 = CARTESIAN_POINT ( 'NONE',  ( -8.149999999999998579, -3.000000000000000000, 3.199999999999998401 ) ) ;
#826 = CARTESIAN_POINT ( 'NONE',  ( 0.9538335774773315512, 18.10000000000000497, -2.819801292454274133 ) ) ;
#827 = CARTESIAN_POINT ( 'NONE',  ( -6.623076923076922640, 18.10000000000000142, -3.123076923076922640 ) ) ;
#828 = FACE_OUTER_BOUND ( 'NONE', #771, .T. ) ;
#829 = CARTESIAN_POINT ( 'NONE',  ( -7.152199886022756914, 18.10000000000000497, -2.985364534287090255 ) ) ;
#830 = FACE_OUTER_BOUND ( 'NONE', #4413, .T. ) ;
#831 = EDGE_LOOP ( 'NONE', ( #2629, #5046, #1085, #4807 ) ) ;
#832 = CARTESIAN_POINT ( 'NONE',  ( 1.129908470754228400, 18.19999999999999574, -2.621307487327408481 ) ) ;
#833 = DIRECTION ( 'NONE',  ( 1.000000000000000000, 0.000000000000000000, 0.000000000000000000 ) ) ;
#834 = CARTESIAN_POINT ( 'NONE',  ( -2.247094459223405671, 18.19999999999999929, -3.095451486059088264 ) ) ;
#835 = ORIENTED_EDGE ( 'NONE', *, *, #2609, .T. ) ;
#836 = ORIENTED_EDGE ( 'NONE', *, *, #2816, .F. ) ;
#837 = CARTESIAN_POINT ( 'NONE',  ( 5.175480769230769162, 18.19999999999999929, -1.652403846153845945 ) ) ;
#838 = ORIENTED_EDGE ( 'NONE', *, *, #1978, .F. ) ;
#839 = CARTESIAN_POINT ( 'NONE',  ( 3.134944262634138390, 18.19999999999998863, -3.382062021272044916 ) ) ;
#840 = EDGE_CURVE ( 'NONE', #2726, #3141, #5097, .T. ) ;
#841 = CARTESIAN_POINT ( 'NONE',  ( 2.854736489200973892, 18.10000000000000497, -2.050092808991535787 ) ) ;
#842 = ADVANCED_FACE ( 'NONE', ( #334 ), #3091, .T. ) ;
#843 = CARTESIAN_POINT ( 'NONE',  ( 2.738181368829333273, 18.10000000000000142, -3.102606032933265201 ) ) ;
#844 = ORIENTED_EDGE ( 'NONE', *, *, #3314, .T. ) ;
#845 = CARTESIAN_POINT ( 'NONE',  ( 3.656654829903065007, 18.19999999999999929, -3.324452503712089779 ) ) ;
#846 = DIRECTION ( 'NONE',  ( 0.000000000000000000, 0.000000000000000000, -1.000000000000000000 ) ) ;
#847 = ADVANCED_FACE ( 'NONE', ( #4314 ), #1163, .T. ) ;
#848 = LINE ( 'NONE', #2854, #4317 ) ;
#849 = FACE_BOUND ( 'NONE', #3239, .T. ) ;
#850 = ORIENTED_EDGE ( 'NONE', *, *, #4074, .F. ) ;
#851 = ORIENTED_EDGE ( 'NONE', *, *, #1868, .T. ) ;
#852 = CARTESIAN_POINT ( 'NONE',  ( 3.346206945881829764, 18.19999999999999574, -3.399093845297284311 ) ) ;
#853 = CARTESIAN_POINT ( 'NONE',  ( 8.060844925480052936, 18.19999999999999574, -2.817595486909846514 ) ) ;
#854 = LINE ( 'NONE', #3991, #552 ) ;
#855 = DIRECTION ( 'NONE',  ( 0.000000000000000000, -0.000000000000000000, 1.000000000000000000 ) ) ;
#856 = LINE ( 'NONE', #3172, #1729 ) ;
#857 = PLANE ( 'NONE',  #4574 ) ;
#858 = CARTESIAN_POINT ( 'NONE',  ( 7.561538461538461320, 18.10000000000000142, -2.516346153846153566 ) ) ;
#859 = VERTEX_POINT ( 'NONE', #4727 ) ;
#860 = FACE_OUTER_BOUND ( 'NONE', #2149, .T. ) ;
#861 = DIRECTION ( 'NONE',  ( 0.000000000000000000, 0.000000000000000000, 1.000000000000000000 ) ) ;
#862 = ORIENTED_EDGE ( 'NONE', *, *, #95, .F. ) ;
#863 = CARTESIAN_POINT ( 'NONE',  ( -0.3153846153846149303, 18.10000000000000142, -3.123076923076922640 ) ) ;
#864 = ORIENTED_EDGE ( 'NONE', *, *, #2298, .F. ) ;
#865 = ORIENTED_EDGE ( 'NONE', *, *, #23, .T. ) ;
#866 = CARTESIAN_POINT ( 'NONE',  ( 3.362791624304162230, 18.20000000000000284, -1.247963719025054541 ) ) ;
#867 = EDGE_LOOP ( 'NONE', ( #2651, #3272, #24, #2111 ) ) ;
#868 = CARTESIAN_POINT ( 'NONE',  ( 2.610959739297014082, 18.09999999999999787, -2.800852016738642369 ) ) ;
#869 = CARTESIAN_POINT ( 'NONE',  ( -4.450961538461537081, 18.10000000000000142, -3.399999999999999911 ) ) ;
#870 = CARTESIAN_POINT ( 'NONE',  ( 3.315384615384616041, 18.10000000000000142, -1.246153846153845945 ) ) ;
#871 = VECTOR ( 'NONE', #1791, 1000.000000000000000 ) ;
#872 =( GEOMETRIC_REPRESENTATION_CONTEXT ( 3 ) GLOBAL_UNCERTAINTY_ASSIGNED_CONTEXT ( ( #134 ) ) GLOBAL_UNIT_ASSIGNED_CONTEXT ( ( #4985, #2612, #3796 ) ) REPRESENTATION_CONTEXT ( 'NONE', 'WORKASPACE' ) );
#873 = CARTESIAN_POINT ( 'NONE',  ( 4.084615384615384315, 18.10000000000000142, -2.183653846153846168 ) ) ;
#874 = AXIS2_PLACEMENT_3D ( 'NONE', #749, #2277, #5093 ) ;
#875 = CARTESIAN_POINT ( 'NONE',  ( -2.272739899038000999, 18.10000000000000853, -3.103604047599044957 ) ) ;
#876 = CARTESIAN_POINT ( 'NONE',  ( -1.423076923076922684, 18.19999999999999929, -3.399999999999999911 ) ) ;
#877 = FACE_BOUND ( 'NONE', #731, .T. ) ;
#878 = VERTEX_POINT ( 'NONE', #804 ) ;
#879 = CIRCLE ( 'NONE', #4239, 0.5000000000000004441 ) ;
#880 = EDGE_CURVE ( 'NONE', #4794, #761, #1987, .T. ) ;
#881 = ORIENTED_EDGE ( 'NONE', *, *, #4357, .T. ) ;
#882 = DIRECTION ( 'NONE',  ( 0.000000000000000000, -0.000000000000000000, -1.000000000000000000 ) ) ;
#883 = CARTESIAN_POINT ( 'NONE',  ( 3.177309505806124257, 18.19999999999999929, -1.270359157206181200 ) ) ;
#884 = DIRECTION ( 'NONE',  ( 0.000000000000000000, -1.000000000000000000, 0.000000000000000000 ) ) ;
#885 = DIRECTION ( 'NONE',  ( 0.000000000000000000, 0.000000000000000000, 1.000000000000000000 ) ) ;
#886 = VECTOR ( 'NONE', #4590, 1000.000000000000000 ) ;
#887 = CARTESIAN_POINT ( 'NONE',  ( 3.057921456361752721, 18.20000000000000284, -3.031181415347780295 ) ) ;
#888 = CARTESIAN_POINT ( 'NONE',  ( 2.853846153846154809, 18.10000000000000142, -2.184615384615384848 ) ) ;
#889 = EDGE_CURVE ( 'NONE', #2104, #4710, #773, .T. ) ;
#890 = ORIENTED_EDGE ( 'NONE', *, *, #3681, .F. ) ;
#891 = DIRECTION ( 'NONE',  ( -0.000000000000000000, 1.000000000000000000, -0.000000000000000000 ) ) ;
#892 = ORIENTED_EDGE ( 'NONE', *, *, #4442, .F. ) ;
#893 = ORIENTED_EDGE ( 'NONE', *, *, #4484, .F. ) ;
#894 = CARTESIAN_POINT ( 'NONE',  ( 8.423076923076923350, 18.10000000000000142, -1.000000000000000000 ) ) ;
#895 = ORIENTED_EDGE ( 'NONE', *, *, #1476, .T. ) ;
#896 = EDGE_CURVE ( 'NONE', #2875, #2850, #4338, .T. ) ;
#897 = CARTESIAN_POINT ( 'NONE',  ( 2.567227070093883068, 18.09999999999999787, -2.565073035737151397 ) ) ;
#898 = CARTESIAN_POINT ( 'NONE',  ( 3.453382160197727480, 18.19999999999999574, -1.270950198682140098 ) ) ;
#899 = ORIENTED_EDGE ( 'NONE', *, *, #4208, .T. ) ;
#900 = CARTESIAN_POINT ( 'NONE',  ( 4.064567905724292274, 18.10000000000000142, -2.568264613888620485 ) ) ;
#901 = CARTESIAN_POINT ( 'NONE',  ( -2.542307692307691713, 18.10000000000000142, -3.123076923076922640 ) ) ;
#902 = CARTESIAN_POINT ( 'NONE',  ( 3.776631697688827671, 18.19999999999999929, -2.229815862473450760 ) ) ;
#903 = CARTESIAN_POINT ( 'NONE',  ( -2.572115384615383693, 18.10000000000000142, -3.399999999999999911 ) ) ;
#904 = ORIENTED_EDGE ( 'NONE', *, *, #1401, .F. ) ;
#905 = EDGE_LOOP ( 'NONE', ( #3156, #1741, #1310, #441 ) ) ;
#906 = CARTESIAN_POINT ( 'NONE',  ( -9.500000000000000000, 18.19999999999999929, 5.000000000000000000 ) ) ;
#907 = LINE ( 'NONE', #2485, #1458 ) ;
#908 = EDGE_CURVE ( 'NONE', #3222, #3985, #60, .T. ) ;
#909 = B_SPLINE_CURVE_WITH_KNOTS ( 'NONE', 3,
 ( #3134, #3110, #2740, #3877, #3478, #747, #5043, #5091, #3082, #766, #2770 ),
 .UNSPECIFIED., .F., .F.,
 ( 4, 1, 1, 1, 1, 1, 1, 1, 4 ),
 ( 0.000000000000000000, 0.08388811327954513730, 0.1771540327539690984, 0.2825136355617224870, 0.3993998606601625867, 0.5294908061912201314, 0.6728021776758329464, 0.8295357616196697981, 1.000000000000000000 ),
 .UNSPECIFIED. ) ;
#910 = LINE ( 'NONE', #4454, #3279 ) ;
#911 = LINE ( 'NONE', #2487, #224 ) ;
#912 = CARTESIAN_POINT ( 'NONE',  ( 5.603823946496241604, 18.10000000000000497, -3.040060004184137465 ) ) ;
#913 = CARTESIAN_POINT ( 'NONE',  ( 8.225000000000001421, 18.10000000000000142, -3.399999999999999911 ) ) ;
#914 = DIRECTION ( 'NONE',  ( -1.000000000000000000, 0.000000000000000000, 0.000000000000000000 ) ) ;
#915 = CARTESIAN_POINT ( 'NONE',  ( -5.089519591096690831, 18.10000000000000142, -1.399067308160131473 ) ) ;
#916 = VERTEX_POINT ( 'NONE', #2170 ) ;
#917 = ORIENTED_EDGE ( 'NONE', *, *, #3477, .F. ) ;
#918 = CARTESIAN_POINT ( 'NONE',  ( 5.069230769230770761, 18.19999999999999929, -1.000000000000000000 ) ) ;
#919 = CARTESIAN_POINT ( 'NONE',  ( -2.468977492850748412, 18.10000000000000497, -2.262668106604234008 ) ) ;
#920 = DIRECTION ( 'NONE',  ( 1.000000000000000000, 0.000000000000000000, 0.000000000000000000 ) ) ;
#921 = DIRECTION ( 'NONE',  ( -1.000000000000000000, -0.000000000000000000, -0.000000000000000000 ) ) ;
#922 = CARTESIAN_POINT ( 'NONE',  ( 3.080011194544924891, 18.10000000000000142, -3.367551655207887684 ) ) ;
#923 = ORIENTED_EDGE ( 'NONE', *, *, #1228, .T. ) ;
#924 = CARTESIAN_POINT ( 'NONE',  ( 7.069230769230770761, 18.10000000000000142, -1.707692307692307621 ) ) ;
#925 = CARTESIAN_POINT ( 'NONE',  ( -5.131538511526962054, 18.20000000000000639, -1.469128801907442217 ) ) ;
#926 = VERTEX_POINT ( 'NONE', #3724 ) ;
#927 = CARTESIAN_POINT ( 'NONE',  ( 3.776923076923077272, 18.19999999999999574, -2.184615384615385292 ) ) ;
#928 = CARTESIAN_POINT ( 'NONE',  ( 2.853846153846154809, 18.10000000000000142, -2.184615384615384848 ) ) ;
#929 = DIRECTION ( 'NONE',  ( 0.000000000000000000, 0.000000000000000000, -1.000000000000000000 ) ) ;
#930 = DIRECTION ( 'NONE',  ( 0.000000000000000000, 0.000000000000000000, -1.000000000000000000 ) ) ;
#931 = CARTESIAN_POINT ( 'NONE',  ( 5.508915165638904377, 18.09999999999999787, -2.927443551440969127 ) ) ;
#932 = CARTESIAN_POINT ( 'NONE',  ( 7.069230769230770761, 18.19999999999999929, -1.707692307692307621 ) ) ;
#933 = DIRECTION ( 'NONE',  ( -1.000000000000000000, 0.000000000000000000, 0.000000000000000000 ) ) ;
#934 = DIRECTION ( 'NONE',  ( -0.000000000000000000, -1.000000000000000000, -0.000000000000000000 ) ) ;
#935 = ORIENTED_EDGE ( 'NONE', *, *, #1034, .T. ) ;
#936 = EDGE_LOOP ( 'NONE', ( #3575, #1733, #656, #431, #4853, #2774, #2691, #2473 ) ) ;
#937 = EDGE_LOOP ( 'NONE', ( #3316, #838, #1306, #294 ) ) ;
#938 = PLANE ( 'NONE',  #5011 ) ;
#939 = EDGE_CURVE ( 'NONE', #635, #4467, #3776, .T. ) ;
#940 = CARTESIAN_POINT ( 'NONE',  ( 1.478456238563073732, 18.19999999999999929, -3.239679382850803258 ) ) ;
#941 = DIRECTION ( 'NONE',  ( 1.000000000000000000, 0.000000000000000000, 0.000000000000000000 ) ) ;
#942 = EDGE_CURVE ( 'NONE', #4290, #4437, #3816, .T. ) ;
#943 = ORIENTED_EDGE ( 'NONE', *, *, #2150, .F. ) ;
#944 = CARTESIAN_POINT ( 'NONE',  ( 3.744772185262533970, 18.10000000000000142, -1.101482954560117244 ) ) ;
#945 = PLANE ( 'NONE',  #367 ) ;
#946 = EDGE_CURVE ( 'NONE', #148, #3670, #4861, .T. ) ;
#947 = CARTESIAN_POINT ( 'NONE',  ( -5.208173076923075406, 18.19999999999999929, -1.715865384615384626 ) ) ;
#948 = EDGE_CURVE ( 'NONE', #4082, #707, #2954, .T. ) ;
#949 = VERTEX_POINT ( 'NONE', #2570 ) ;
#950 = VECTOR ( 'NONE', #3766, 1000.000000000000000 ) ;
#951 = CARTESIAN_POINT ( 'NONE',  ( 3.746351808084850799, 18.19999999999999574, -2.652444436438590181 ) ) ;
#952 = CARTESIAN_POINT ( 'NONE',  ( 3.020043355269099283, 18.19999999999999574, -1.383686435946038351 ) ) ;
#953 = CARTESIAN_POINT ( 'NONE',  ( 5.175480769230769162, 18.19999999999999929, -1.652403846153845945 ) ) ;
#954 = AXIS2_PLACEMENT_3D ( 'NONE', #4142, #4236, #1397 ) ;
#955 = CARTESIAN_POINT ( 'NONE',  ( -1.820681376327029533, 18.19999999999999574, -3.167396974607548987 ) ) ;
#956 = CARTESIAN_POINT ( 'NONE',  ( -1.693879248296936035, 18.19999999999999574, -2.495267490246699804 ) ) ;
#957 = EDGE_CURVE ( 'NONE', #1555, #2324, #2975, .T. ) ;
#958 = ORIENTED_EDGE ( 'NONE', *, *, #95, .T. ) ;
#959 = DIRECTION ( 'NONE',  ( 0.000000000000000000, 0.000000000000000000, 1.000000000000000000 ) ) ;
#960 = AXIS2_PLACEMENT_3D ( 'NONE', #1291, #33, #1626 ) ;
#961 = DIRECTION ( 'NONE',  ( 0.000000000000000000, 0.000000000000000000, 1.000000000000000000 ) ) ;
#962 = UNCERTAINTY_MEASURE_WITH_UNIT (LENGTH_MEASURE( 1.000000000000000082E-05 ), #2611, 'distance_accuracy_value', 'NONE');
#963 = FACE_OUTER_BOUND ( 'NONE', #831, .T. ) ;
#964 = CARTESIAN_POINT ( 'NONE',  ( -5.099999999999998757, 18.19999999999999929, -1.363461538461538503 ) ) ;
#965 = VECTOR ( 'NONE', #1079, 1000.000000000000000 ) ;
#966 = ORIENTED_EDGE ( 'NONE', *, *, #2247, .F. ) ;
#967 = CARTESIAN_POINT ( 'NONE',  ( 3.456365126191363490, 18.10000000000000142, -3.098145640656293054 ) ) ;
#968 = CARTESIAN_POINT ( 'NONE',  ( -3.115384615384614531, 18.19999999999999929, -3.123076923076922640 ) ) ;
#969 = EDGE_CURVE ( 'NONE', #4030, #4269, #4349, .T. ) ;
#970 = CARTESIAN_POINT ( 'NONE',  ( -7.256730769230768097, 18.19999999999999929, -2.847596153846153832 ) ) ;
#971 = AXIS2_PLACEMENT_3D ( 'NONE', #1901, #2640, #4732 ) ;
#972 = CARTESIAN_POINT ( 'NONE',  ( 1.565018473684557820, 18.19999999999999929, -3.373676773969032094 ) ) ;
#973 = ORIENTED_EDGE ( 'NONE', *, *, #3952, .T. ) ;
#974 = DIRECTION ( 'NONE',  ( 0.000000000000000000, 0.000000000000000000, 1.000000000000000000 ) ) ;
#975 = B_SPLINE_CURVE_WITH_KNOTS ( 'NONE', 3,
 ( #2066, #875, #2877, #4448, #90, #2822, #3601, #3281, #1704, #1681, #901 ),
 .UNSPECIFIED., .F., .F.,
 ( 4, 1, 1, 1, 1, 1, 1, 1, 4 ),
 ( 0.000000000000000000, 0.07638299760369743341, 0.1659855054655317574, 0.2707148802617386218, 0.3888240826834113428, 0.5206018700426655599, 0.6660294782576524630, 0.8252434598020210732, 1.000000000000000000 ),
 .UNSPECIFIED. ) ;
#976 = CARTESIAN_POINT ( 'NONE',  ( -4.982211538461537970, 18.19999999999999929, -1.744711538461538369 ) ) ;
#977 = CARTESIAN_POINT ( 'NONE',  ( -5.065661878461894752, 18.10000000000000853, -1.479301115418934609 ) ) ;
#978 = ORIENTED_EDGE ( 'NONE', *, *, #2210, .T. ) ;
#979 = VECTOR ( 'NONE', #4443, 1000.000000000000000 ) ;
#980 = DIRECTION ( 'NONE',  ( 0.000000000000000000, 0.000000000000000000, -1.000000000000000000 ) ) ;
#981 = CARTESIAN_POINT ( 'NONE',  ( 2.952673102015411111, 18.10000000000000497, -1.478483989688305522 ) ) ;
#982 = CARTESIAN_POINT ( 'NONE',  ( 3.233516542726175835, 18.19999999999999574, -0.9715660603322926470 ) ) ;
#983 = CARTESIAN_POINT ( 'NONE',  ( 2.861211762472765763, 18.19999999999999574, -2.441238879702371189 ) ) ;
#984 = FACE_OUTER_BOUND ( 'NONE', #3810, .T. ) ;
#985 = MECHANICAL_DESIGN_GEOMETRIC_PRESENTATION_REPRESENTATION (  '', ( #2547 ), #1316 ) ;
#986 = LINE ( 'NONE', #1402, #74 ) ;
#987 = EDGE_LOOP ( 'NONE', ( #96, #2898, #4725, #997 ) ) ;
#988 = DIRECTION ( 'NONE',  ( 0.000000000000000000, 0.000000000000000000, 1.000000000000000000 ) ) ;
#989 = CARTESIAN_POINT ( 'NONE',  ( 0.000000000000000000, 17.69999999999999929, 4.500000000000000888 ) ) ;
#990 = CARTESIAN_POINT ( 'NONE',  ( -8.149999999999923972, -3.000000000000000000, -4.000000000000000888 ) ) ;
#991 = ORIENTED_EDGE ( 'NONE', *, *, #2298, .T. ) ;
#992 = DIRECTION ( 'NONE',  ( -1.000000000000000000, 0.000000000000000000, 0.000000000000000000 ) ) ;
#993 = CARTESIAN_POINT ( 'NONE',  ( -0.6538461538461524114, 18.19999999999999929, -3.123076923076922640 ) ) ;
#994 = ADVANCED_FACE ( 'NONE', ( #1365 ), #4542, .T. ) ;
#995 = LINE ( 'NONE', #3225, #4568 ) ;
#996 = CARTESIAN_POINT ( 'NONE',  ( 3.704321896306789430, 18.19999999999999218, -1.543906214156757661 ) ) ;
#997 = ORIENTED_EDGE ( 'NONE', *, *, #2647, .T. ) ;
#998 = CARTESIAN_POINT ( 'NONE',  ( 3.848041715359038495, 18.19999999999999574, -3.169785965656528592 ) ) ;
#999 = DIRECTION ( 'NONE',  ( -0.2990981086500767439, 0.000000000000000000, -0.9542223647567409373 ) ) ;
#1000 = EDGE_CURVE ( 'NONE', #4813, #1209, #1024, .T. ) ;
#1001 = CARTESIAN_POINT ( 'NONE',  ( -5.077960781242496502, 18.19999999999999574, -1.437153954985861848 ) ) ;
#1002 = AXIS2_PLACEMENT_3D ( 'NONE', #2061, #921, #1677 ) ;
#1003 = ORIENTED_EDGE ( 'NONE', *, *, #4871, .F. ) ;
#1004 = ADVANCED_FACE ( 'NONE', ( #3106 ), #1903, .T. ) ;
#1005 = CARTESIAN_POINT ( 'NONE',  ( 3.410362879566767091, 18.10000000000000142, -3.112609316632037437 ) ) ;
#1006 = PLANE ( 'NONE',  #3586 ) ;
#1007 = CARTESIAN_POINT ( 'NONE',  ( 3.010372383461216828, 18.09999999999999787, -1.025268848514442777 ) ) ;
#1008 = CARTESIAN_POINT ( 'NONE',  ( 2.930179158544214513, 18.19999999999999574, -2.828980007645756523 ) ) ;
#1009 = PLANE ( 'NONE',  #1135 ) ;
#1010 = LINE ( 'NONE', #3393, #1570 ) ;
#1011 = ORIENTED_EDGE ( 'NONE', *, *, #397, .F. ) ;
#1012 = LINE ( 'NONE', #665, #1355 ) ;
#1013 = LINE ( 'NONE', #2866, #3173 ) ;
#1014 = ORIENTED_EDGE ( 'NONE', *, *, #2709, .F. ) ;
#1015 = FACE_BOUND ( 'NONE', #1646, .T. ) ;
#1016 = EDGE_CURVE ( 'NONE', #4935, #4758, #3874, .T. ) ;
#1017 = ORIENTED_EDGE ( 'NONE', *, *, #2668, .F. ) ;
#1018 = CARTESIAN_POINT ( 'NONE',  ( 2.930179158544214513, 18.20000000000000284, -2.828980007645756523 ) ) ;
#1019 = EDGE_CURVE ( 'NONE', #2359, #1429, #3450, .T. ) ;
#1020 = CARTESIAN_POINT ( 'NONE',  ( -2.023432240064720666, 18.09999999999999787, -2.557512764686789897 ) ) ;
#1021 = CARTESIAN_POINT ( 'NONE',  ( -5.019498865249725661, 18.20000000000000284, -1.627858364732313490 ) ) ;
#1022 = CARTESIAN_POINT ( 'NONE',  ( 3.776622059628654160, 18.19999999999999574, -2.138454447030724292 ) ) ;
#1023 = VERTEX_POINT ( 'NONE', #4232 ) ;
#1024 = LINE ( 'NONE', #2588, #2518 ) ;
#1025 = CARTESIAN_POINT ( 'NONE',  ( 2.807033930689045054, 18.19999999999999929, -3.194019714711821223 ) ) ;
#1026 = CARTESIAN_POINT ( 'NONE',  ( -2.542307692307691713, 18.10000000000000142, -3.123076923076922640 ) ) ;
#1027 = ORIENTED_EDGE ( 'NONE', *, *, #1960, .F. ) ;
#1028 = CARTESIAN_POINT ( 'NONE',  ( 3.495785003489886744, 18.10000000000000142, -1.290526879701793250 ) ) ;
#1029 = DIRECTION ( 'NONE',  ( -1.000000000000000000, 0.000000000000000000, 0.000000000000000000 ) ) ;
#1030 = CARTESIAN_POINT ( 'NONE',  ( 3.776046889763754688, 18.19999999999999574, -2.050252271520546454 ) ) ;
#1031 = LINE ( 'NONE', #3010, #1047 ) ;
#1032 = PLANE ( 'NONE',  #2856 ) ;
#1033 = ORIENTED_EDGE ( 'NONE', *, *, #4160, .F. ) ;
#1034 = EDGE_CURVE ( 'NONE', #1262, #1588, #4258, .T. ) ;
#1035 = VECTOR ( 'NONE', #549, 1000.000000000000000 ) ;
#1036 = CARTESIAN_POINT ( 'NONE',  ( -0.3153846153846149303, 18.10000000000000142, -1.000000000000000000 ) ) ;
#1037 = ORIENTED_EDGE ( 'NONE', *, *, #3681, .T. ) ;
#1038 = VECTOR ( 'NONE', #317, 1000.000000000000000 ) ;
#1039 = CARTESIAN_POINT ( 'NONE',  ( -2.536538461538460520, 18.19999999999999574, -2.261538461538461497 ) ) ;
#1040 = CARTESIAN_POINT ( 'NONE',  ( -1.811047688215285278, 18.09999999999999432, -2.248446848816316734 ) ) ;
#1041 = VECTOR ( 'NONE', #3975, 1000.000000000000000 ) ;
#1042 = FACE_BOUND ( 'NONE', #2840, .T. ) ;
#1043 = CARTESIAN_POINT ( 'NONE',  ( 0.9153846153846165734, 18.10000000000000497, -2.516346153846154010 ) ) ;
#1044 = VECTOR ( 'NONE', #891, 1000.000000000000000 ) ;
#1045 = CARTESIAN_POINT ( 'NONE',  ( 3.080314777368763579, 18.10000000000001208, -1.000512782942171164 ) ) ;
#1046 = CARTESIAN_POINT ( 'NONE',  ( -1.669230769230768407, 18.10000000000000142, -2.710096153846154099 ) ) ;
#1047 = VECTOR ( 'NONE', #4193, 1000.000000000000000 ) ;
#1048 = LINE ( 'NONE', #271, #1880 ) ;
#1049 = VERTEX_POINT ( 'NONE', #2294 ) ;
#1050 = ADVANCED_FACE ( 'NONE', ( #3078 ), #1469, .T. ) ;
#1051 = VERTEX_POINT ( 'NONE', #4594 ) ;
#1052 = DIRECTION ( 'NONE',  ( 0.000000000000000000, 0.000000000000000000, 1.000000000000000000 ) ) ;
#1053 = VECTOR ( 'NONE', #3313, 1000.000000000000000 ) ;
#1054 = DIRECTION ( 'NONE',  ( 0.6040421959287952669, 0.000000000000000000, -0.7969523358002779112 ) ) ;
#1055 = FACE_OUTER_BOUND ( 'NONE', #2000, .T. ) ;
#1056 = CARTESIAN_POINT ( 'NONE',  ( 3.362044959501998775, 18.10000000000000497, -3.121495346744141308 ) ) ;
#1057 = CARTESIAN_POINT ( 'NONE',  ( 5.608109923590768986, 18.10000000000000142, -2.663426262958054291 ) ) ;
#1058 = CARTESIAN_POINT ( 'NONE',  ( -8.284615384615383604, 18.10000000000000142, -3.399999999999999911 ) ) ;
#1059 = CARTESIAN_POINT ( 'NONE',  ( 2.854371879900378328, 18.20000000000000284, -2.229812725994801070 ) ) ;
#1060 = CARTESIAN_POINT ( 'NONE',  ( 6.176923076923078071, 18.10000000000000142, -1.984615384615384670 ) ) ;
#1061 = VERTEX_POINT ( 'NONE', #3896 ) ;
#1062 = ORIENTED_EDGE ( 'NONE', *, *, #2097, .F. ) ;
#1063 = CARTESIAN_POINT ( 'NONE',  ( 1.469230769230769562, 18.19999999999999929, -1.000000000000000000 ) ) ;
#1064 = VERTEX_POINT ( 'NONE', #2338 ) ;
#1065 = CARTESIAN_POINT ( 'NONE',  ( -1.811047688215285278, 18.09999999999999432, -2.248446848816316734 ) ) ;
#1066 = EDGE_CURVE ( 'NONE', #2270, #2372, #5040, .T. ) ;
#1067 = CARTESIAN_POINT ( 'NONE',  ( -1.967300323701803189, 18.10000000000000853, -2.100546650581091690 ) ) ;
#1068 = CARTESIAN_POINT ( 'NONE',  ( -8.284615384615383604, 18.19999999999999929, -3.123076923076922640 ) ) ;
#1069 = CARTESIAN_POINT ( 'NONE',  ( 2.981352469133486505, 18.20000000000000639, -2.939534020949919224 ) ) ;
#1070 = CARTESIAN_POINT ( 'NONE',  ( -4.450961538461537081, 18.10000000000000142, -3.399999999999999911 ) ) ;
#1071 = CARTESIAN_POINT ( 'NONE',  ( 4.084299577736445030, 18.10000000000000142, -2.149516746834950975 ) ) ;
#1072 = CARTESIAN_POINT ( 'NONE',  ( -2.134925810975867311, 18.20000000000000639, -3.361734319158221851 ) ) ;
#1073 = DIRECTION ( 'NONE',  ( 1.000000000000000000, 0.000000000000000000, -0.000000000000000000 ) ) ;
#1074 = VECTOR ( 'NONE', #3936, 1000.000000000000000 ) ;
#1075 = ORIENTED_EDGE ( 'NONE', *, *, #4132, .F. ) ;
#1076 = ORIENTED_EDGE ( 'NONE', *, *, #1336, .T. ) ;
#1077 = FACE_OUTER_BOUND ( 'NONE', #1519, .T. ) ;
#1078 = CARTESIAN_POINT ( 'NONE',  ( -2.216346153846153300, 18.20000000000000284, -3.377403846153846256 ) ) ;
#1079 = DIRECTION ( 'NONE',  ( 0.000000000000000000, 0.000000000000000000, 1.000000000000000000 ) ) ;
#1080 = CARTESIAN_POINT ( 'NONE',  ( 3.410362879566767091, 18.19999999999999574, -3.112609316632037437 ) ) ;
#1081 = CARTESIAN_POINT ( 'NONE',  ( 5.314120561262892117, 18.09999999999999787, -2.069992689188896229 ) ) ;
#1082 = PRODUCT_DEFINITION_SHAPE ( 'NONE', 'NONE',  #2095 ) ;
#1083 = CARTESIAN_POINT ( 'NONE',  ( 3.574335215015275846, 18.19999999999999574, -1.347121170653132527 ) ) ;
#1084 =( NAMED_UNIT ( * ) SI_UNIT ( $, .STERADIAN. ) SOLID_ANGLE_UNIT ( ) );
#1085 = ORIENTED_EDGE ( 'NONE', *, *, #880, .T. ) ;
#1086 = DIRECTION ( 'NONE',  ( 0.000000000000000000, 0.000000000000000000, -1.000000000000000000 ) ) ;
#1087 = CARTESIAN_POINT ( 'NONE',  ( -2.161118834365878261, 18.19999999999999574, -2.348259864963057719 ) ) ;
#1088 = B_SPLINE_CURVE_WITH_KNOTS ( 'NONE', 3,
 ( #4049, #264, #2967, #3017, #1430, #335, #3372, #685, #1065, #1818, #2259, #1863, #733, #3765, #4628, #1841, #3863, #1111, #2580 ),
 .UNSPECIFIED., .F., .F.,
 ( 4, 1, 1, 1, 1, 1, 1, 1, 1, 1, 1, 1, 1, 1, 1, 1, 4 ),
 ( 0.000000000000000000, 0.05804806865914741154, 0.1142127550191539831, 0.1688916471752764659, 0.2226262701242400499, 0.2756512298918109560, 0.3287250271459031814, 0.3816587912372608749, 0.4359534350342106901, 0.4912638558489657581, 0.5489925911805690895, 0.6104165486580293010, 0.6762479649809728377, 0.7474094740183927499, 0.8248664857445539011, 0.9090259917114393851, 1.000000000000000000 ),
 .UNSPECIFIED. ) ;
#1089 = CARTESIAN_POINT ( 'NONE',  ( -2.488444191547046547, 18.10000000000000497, -1.985273816052769202 ) ) ;
#1090 = CARTESIAN_POINT ( 'NONE',  ( -8.438461538461536904, 18.19999999999999929, -1.288461538461538547 ) ) ;
#1091 = ADVANCED_FACE ( 'NONE', ( #1077 ), #4210, .T. ) ;
#1092 = CARTESIAN_POINT ( 'NONE',  ( 2.861211762472765763, 18.20000000000000284, -2.441238879702371189 ) ) ;
#1093 = CARTESIAN_POINT ( 'NONE',  ( -4.982211538461537970, 18.10000000000000142, -1.744711538461538369 ) ) ;
#1094 = CARTESIAN_POINT ( 'NONE',  ( -1.707456510073958045, 18.10000000000000142, -2.960112347905065722 ) ) ;
#1095 = CARTESIAN_POINT ( 'NONE',  ( 0.9153846153846165734, 18.10000000000000142, -2.516346153846153566 ) ) ;
#1096 = ORIENTED_EDGE ( 'NONE', *, *, #4871, .T. ) ;
#1097 = EDGE_CURVE ( 'NONE', #1169, #615, #1497, .T. ) ;
#1098 = VERTEX_POINT ( 'NONE', #2618 ) ;
#1099 = DIRECTION ( 'NONE',  ( -0.000000000000000000, 1.000000000000000000, -0.000000000000000000 ) ) ;
#1100 = CARTESIAN_POINT ( 'NONE',  ( -9.000000000000000000, 17.69999999999999929, 5.000000000000000000 ) ) ;
#1101 = CARTESIAN_POINT ( 'NONE',  ( 9.000000000000000000, 17.69999999999999929, 4.500000000000001776 ) ) ;
#1102 = ADVANCED_FACE ( 'NONE', ( #3496 ), #4361, .T. ) ;
#1103 = CARTESIAN_POINT ( 'NONE',  ( 6.176923076923078071, 18.19999999999999929, -1.984615384615384670 ) ) ;
#1104 = CARTESIAN_POINT ( 'NONE',  ( 5.930769230769231015, 18.10000000000000142, -3.369230769230769251 ) ) ;
#1105 = ADVANCED_FACE ( 'NONE', ( #370 ), #3977, .T. ) ;
#1106 = DIRECTION ( 'NONE',  ( 1.000000000000000000, 0.000000000000000000, 0.000000000000000000 ) ) ;
#1107 = ORIENTED_EDGE ( 'NONE', *, *, #3582, .F. ) ;
#1108 = ADVANCED_FACE ( 'NONE', ( #487 ), #1204, .T. ) ;
#1109 = ORIENTED_EDGE ( 'NONE', *, *, #2087, .T. ) ;
#1110 = CARTESIAN_POINT ( 'NONE',  ( 4.083682586835209349, 18.09999999999999432, -2.082823203790411082 ) ) ;
#1111 = CARTESIAN_POINT ( 'NONE',  ( -2.488444191547046547, 18.10000000000000497, -1.985273816052769202 ) ) ;
#1112 = CARTESIAN_POINT ( 'NONE',  ( -1.693879248296936035, 18.09999999999999787, -2.495267490246699804 ) ) ;
#1113 = CARTESIAN_POINT ( 'NONE',  ( -6.623076923076922640, 18.19999999999999929, -3.399999999999999911 ) ) ;
#1114 = VECTOR ( 'NONE', #4285, 1000.000000000000000 ) ;
#1115 = PRESENTATION_LAYER_ASSIGNMENT (  '', '', ( #4814 ) ) ;
#1116 = LINE ( 'NONE', #1844, #3528 ) ;
#1117 = CARTESIAN_POINT ( 'NONE',  ( -2.495187155050770933, 18.19999999999999574, -3.122742753908001934 ) ) ;
#1118 = AXIS2_PLACEMENT_3D ( 'NONE', #124, #575, #4453 ) ;
#1119 = CARTESIAN_POINT ( 'NONE',  ( 2.779326923076924416, 18.10000000000000142, -1.200480769230769296 ) ) ;
#1120 = CARTESIAN_POINT ( 'NONE',  ( 7.599987423631177741, 18.19999999999999929, -2.819801292454274133 ) ) ;
#1121 = PRESENTATION_STYLE_ASSIGNMENT (( #4637 ) ) ;
#1122 = ORIENTED_EDGE ( 'NONE', *, *, #580, .T. ) ;
#1123 = VECTOR ( 'NONE', #3542, 1000.000000000000000 ) ;
#1124 = EDGE_LOOP ( 'NONE', ( #1162, #1011, #4832, #4384 ) ) ;
#1125 = EDGE_LOOP ( 'NONE', ( #160, #1701, #3486, #59 ) ) ;
#1126 = B_SPLINE_SURFACE_WITH_KNOTS ( 'NONE', 3, 1, ( 
 ( #903, #4042 ),
 ( #4841, #4363 ),
 ( #4017, #2451 ),
 ( #3984, #2068 ),
 ( #4757, #4812 ),
 ( #3196, #1239 ),
 ( #4421, #3603 ) ),
 .UNSPECIFIED., .F., .F., .F.,
 ( 4, 1, 1, 1, 4 ),
 ( 2, 2 ),
 ( 0.000000000000000000, 0.3071626301099383283, 0.5768528599096822695, 0.8066330493509283883, 1.000000000000000000 ),
 ( 0.000000000000000000, 1.000000000000000000 ),
 .UNSPECIFIED. ) ;
#1127 = VECTOR ( 'NONE', #1464, 1000.000000000000000 ) ;
#1128 = PLANE ( 'NONE',  #2802 ) ;
#1129 = CARTESIAN_POINT ( 'NONE',  ( 5.171217090749906653, 18.10000000000000142, -2.410676415353255386 ) ) ;
#1130 = VECTOR ( 'NONE', #258, 1000.000000000000000 ) ;
#1131 = B_SPLINE_CURVE_WITH_KNOTS ( 'NONE', 3,
 ( #4171, #4502, #2597, #1425, #233, #1811, #1887 ),
 .UNSPECIFIED., .F., .F.,
 ( 4, 1, 1, 1, 4 ),
 ( 0.000000000000000000, 0.2372165186042100860, 0.4825864912431352405, 0.7368469271779307661, 0.9999999999999998890 ),
 .UNSPECIFIED. ) ;
#1132 = CARTESIAN_POINT ( 'NONE',  ( 1.352446128032018358, 18.20000000000000284, -2.767338551688109938 ) ) ;
#1133 = CARTESIAN_POINT ( 'NONE',  ( -8.284615384615383604, 18.10000000000000142, -3.123076923076922640 ) ) ;
#1134 = LINE ( 'NONE', #3136, #1201 ) ;
#1135 = AXIS2_PLACEMENT_3D ( 'NONE', #4218, #2674, #1888 ) ;
#1136 = DIRECTION ( 'NONE',  ( 0.000000000000000000, 0.000000000000000000, -1.000000000000000000 ) ) ;
#1137 = ORIENTED_EDGE ( 'NONE', *, *, #1795, .F. ) ;
#1138 = EDGE_LOOP ( 'NONE', ( #1998, #1496, #405, #2174 ) ) ;
#1139 = CARTESIAN_POINT ( 'NONE',  ( 3.977308167902385172, 18.09999999999999432, -1.436219432729803902 ) ) ;
#1140 = DIRECTION ( 'NONE',  ( -1.000000000000000000, 0.000000000000000000, 0.000000000000000000 ) ) ;
#1141 = CARTESIAN_POINT ( 'NONE',  ( -2.305549364443250315, 18.20000000000000284, -1.995799602201253187 ) ) ;
#1142 = CARTESIAN_POINT ( 'NONE',  ( -8.149999999999998579, 0.000000000000000000, 3.599999999999999201 ) ) ;
#1143 = DIRECTION ( 'NONE',  ( 0.000000000000000000, -1.000000000000000000, 0.000000000000000000 ) ) ;
#1144 = CARTESIAN_POINT ( 'NONE',  ( 4.084615384615384315, 18.10000000000000142, -2.183653846153846168 ) ) ;
#1145 = AXIS2_PLACEMENT_3D ( 'NONE', #1413, #3675, #4488 ) ;
#1146 = CARTESIAN_POINT ( 'NONE',  ( 7.973974097368341063, 18.19999999999999574, -3.078022637135049422 ) ) ;
#1147 = CARTESIAN_POINT ( 'NONE',  ( -2.209810401774821020, 18.10000000000000142, -3.082597182900448374 ) ) ;
#1148 = VERTEX_POINT ( 'NONE', #4108 ) ;
#1149 = LINE ( 'NONE', #4666, #1620 ) ;
#1150 = EDGE_LOOP ( 'NONE', ( #156, #4593, #1684, #3987 ) ) ;
#1151 = CARTESIAN_POINT ( 'NONE',  ( 0.4538461538461536215, 18.10000000000000142, -3.399999999999999911 ) ) ;
#1152 = CARTESIAN_POINT ( 'NONE',  ( -1.669230769230768407, 18.10000000000000142, -2.710096153846154099 ) ) ;
#1153 = CARTESIAN_POINT ( 'NONE',  ( -8.438461538461536904, 18.19999999999999929, -1.000000000000000000 ) ) ;
#1154 = B_SPLINE_CURVE_WITH_KNOTS ( 'NONE', 3,
 ( #4246, #2311, #4197, #3843, #5007, #638, #1485 ),
 .UNSPECIFIED., .F., .F.,
 ( 4, 1, 1, 1, 4 ),
 ( 0.000000000000000000, 0.2866303342764877082, 0.5496230569591321613, 0.7876045261568201949, 1.000000000000000000 ),
 .UNSPECIFIED. ) ;
#1155 = EDGE_CURVE ( 'NONE', #1588, #1455, #4133, .T. ) ;
#1156 = CARTESIAN_POINT ( 'NONE',  ( 1.352446128032018358, 18.10000000000000497, -2.767338551688109938 ) ) ;
#1157 = FACE_OUTER_BOUND ( 'NONE', #4686, .T. ) ;
#1158 = CARTESIAN_POINT ( 'NONE',  ( 4.763794170705773823, 18.20000000000000284, -1.073020775578815922 ) ) ;
#1159 = CARTESIAN_POINT ( 'NONE',  ( 2.675179253312191641, 18.10000000000000142, -1.380966216061077168 ) ) ;
#1160 = VERTEX_POINT ( 'NONE', #592 ) ;
#1161 = EDGE_CURVE ( 'NONE', #3222, #4437, #111, .T. ) ;
#1162 = ORIENTED_EDGE ( 'NONE', *, *, #1761, .F. ) ;
#1163 = PLANE ( 'NONE',  #3791 ) ;
#1164 = CARTESIAN_POINT ( 'NONE',  ( 1.578846153846154898, 18.10000000000000497, -3.400000000000000355 ) ) ;
#1165 = CARTESIAN_POINT ( 'NONE',  ( -2.023795046082792037, 18.09999999999999432, -2.840371754952137007 ) ) ;
#1166 = DIRECTION ( 'NONE',  ( 0.000000000000000000, -1.000000000000000000, 0.000000000000000000 ) ) ;
#1167 = CARTESIAN_POINT ( 'NONE',  ( 5.091051706498471496, 18.10000000000000497, -2.256765462741175288 ) ) ;
#1168 = CARTESIAN_POINT ( 'NONE',  ( 1.414691079326208856, 18.19999999999999574, -2.817595486909847402 ) ) ;
#1169 = VERTEX_POINT ( 'NONE', #2873 ) ;
#1170 = LINE ( 'NONE', #4000, #3752 ) ;
#1171 = ADVANCED_FACE ( 'NONE', ( #539 ), #3674, .T. ) ;
#1172 = ORIENTED_EDGE ( 'NONE', *, *, #188, .F. ) ;
#1173 = EDGE_CURVE ( 'NONE', #761, #4866, #2917, .T. ) ;
#1174 = ORIENTED_EDGE ( 'NONE', *, *, #2009, .T. ) ;
#1175 = CARTESIAN_POINT ( 'NONE',  ( -2.542307692307691713, 18.10000000000000142, -3.123076923076922640 ) ) ;
#1176 = CARTESIAN_POINT ( 'NONE',  ( 0.9153846153846165734, 18.10000000000000142, -2.799999999999999822 ) ) ;
#1177 = CARTESIAN_POINT ( 'NONE',  ( -1.820681376327029533, 18.09999999999999787, -3.167396974607548987 ) ) ;
#1178 = CARTESIAN_POINT ( 'NONE',  ( 4.827241142095441973, 18.10000000000000497, -1.486991543295926865 ) ) ;
#1179 = CARTESIAN_POINT ( 'NONE',  ( 1.451513818930846522, 18.10000000000000142, -2.853106488880952973 ) ) ;
#1180 = CARTESIAN_POINT ( 'NONE',  ( 2.903631010677926394, 18.19999999999999929, -1.619593970782625014 ) ) ;
#1181 = DIRECTION ( 'NONE',  ( 0.000000000000000000, 0.000000000000000000, -1.000000000000000000 ) ) ;
#1182 = ORIENTED_EDGE ( 'NONE', *, *, #2598, .F. ) ;
#1183 = ORIENTED_EDGE ( 'NONE', *, *, #1498, .F. ) ;
#1184 = CARTESIAN_POINT ( 'NONE',  ( 9.000000000000000000, 17.69999999999999929, 0.000000000000000000 ) ) ;
#1185 = CARTESIAN_POINT ( 'NONE',  ( 3.786394183788791334, 18.10000000000000142, -1.136547028883201804 ) ) ;
#1186 = CARTESIAN_POINT ( 'NONE',  ( 9.000000000000000000, 18.19999999999999929, 4.500000000000000888 ) ) ;
#1187 = FACE_OUTER_BOUND ( 'NONE', #4652, .T. ) ;
#1188 = CARTESIAN_POINT ( 'NONE',  ( 1.578846153846154898, 18.20000000000000284, -3.400000000000000355 ) ) ;
#1189 = CARTESIAN_POINT ( 'NONE',  ( -3.946153846153845013, 18.10000000000000142, -3.399999999999999911 ) ) ;
#1190 = CARTESIAN_POINT ( 'NONE',  ( 8.115384615384616751, 18.10000000000000142, -2.870192307692307487 ) ) ;
#1191 = DIRECTION ( 'NONE',  ( -1.000000000000000000, 0.000000000000000000, 0.000000000000000000 ) ) ;
#1192 = CARTESIAN_POINT ( 'NONE',  ( -2.077155623129951056, 18.20000000000000284, -2.959892446379520869 ) ) ;
#1193 = CARTESIAN_POINT ( 'NONE',  ( -2.115179204453847106, 18.20000000000000284, -3.009525123671452196 ) ) ;
#1194 = EDGE_LOOP ( 'NONE', ( #4137, #2229, #923, #4411 ) ) ;
#1195 = VERTEX_POINT ( 'NONE', #993 ) ;
#1196 = CARTESIAN_POINT ( 'NONE',  ( -4.924999999999998934, 18.10000000000000142, -1.000000000000000000 ) ) ;
#1197 = DIRECTION ( 'NONE',  ( -0.000000000000000000, 0.000000000000000000, -1.000000000000000000 ) ) ;
#1198 = VECTOR ( 'NONE', #12, 1000.000000000000000 ) ;
#1199 = CARTESIAN_POINT ( 'NONE',  ( 3.154487628615804340, 18.19999999999999218, -0.9820538248941480530 ) ) ;
#1200 = EDGE_CURVE ( 'NONE', #4326, #3671, #2589, .T. ) ;
#1201 = VECTOR ( 'NONE', #1106, 1000.000000000000000 ) ;
#1202 = CARTESIAN_POINT ( 'NONE',  ( -8.022115384615382538, 18.10000000000000142, -1.276923076923077049 ) ) ;
#1203 = LINE ( 'NONE', #32, #371 ) ;
#1204 = B_SPLINE_SURFACE_WITH_KNOTS ( 'NONE', 3, 1, ( 
 ( #1176, #57 ),
 ( #4716, #1647 ),
 ( #2845, #789 ),
 ( #1258, #4302 ),
 ( #2363, #2060 ),
 ( #85, #4804 ),
 ( #4085, #563 ),
 ( #2139, #940 ),
 ( #3721, #3325 ),
 ( #2896, #2970 ),
 ( #4514, #2112 ) ),
 .UNSPECIFIED., .F., .F., .F.,
 ( 4, 1, 1, 1, 1, 1, 1, 1, 4 ),
 ( 2, 2 ),
 ( 0.000000000000000000, 0.1426572507006131918, 0.2811689939054424214, 0.4169771923679734260, 0.5508524927475569877, 0.6783641702618122826, 0.7950324430070945247, 0.9019981783473519643, 1.000000000000000000 ),
 ( 0.000000000000000000, 1.000000000000000000 ),
 .UNSPECIFIED. ) ;
#1205 = CARTESIAN_POINT ( 'NONE',  ( 3.893675568454759262, 18.20000000000000284, -1.267974801501045468 ) ) ;
#1206 = LINE ( 'NONE', #2773, #1296 ) ;
#1207 = PRESENTATION_LAYER_ASSIGNMENT (  '', '', ( #1952 ) ) ;
#1208 = ORIENTED_EDGE ( 'NONE', *, *, #2556, .F. ) ;
#1209 = VERTEX_POINT ( 'NONE', #2948 ) ;
#1210 = CARTESIAN_POINT ( 'NONE',  ( -6.561538461538460432, 18.19999999999999929, -1.000000000000000000 ) ) ;
#1211 = PLANE ( 'NONE',  #169 ) ;
#1212 = PRESENTATION_LAYER_ASSIGNMENT (  '', '', ( #3518 ) ) ;
#1213 = LINE ( 'NONE', #2328, #1198 ) ;
#1214 = CARTESIAN_POINT ( 'NONE',  ( 5.236994319973145906, 18.19999999999999929, -1.863193651523353145 ) ) ;
#1215 = DIRECTION ( 'NONE',  ( 1.000000000000000000, 0.000000000000000000, 0.000000000000000000 ) ) ;
#1216 = EDGE_CURVE ( 'NONE', #1455, #106, #1696, .T. ) ;
#1217 = CARTESIAN_POINT ( 'NONE',  ( 7.929126653717996298, 18.09999999999999432, -2.716401017527264816 ) ) ;
#1218 = ORIENTED_EDGE ( 'NONE', *, *, #2778, .F. ) ;
#1219 = CARTESIAN_POINT ( 'NONE',  ( 8.225000000000001421, 18.19999999999999929, -3.399999999999999911 ) ) ;
#1220 = EDGE_CURVE ( 'NONE', #2946, #9, #2516, .T. ) ;
#1221 = CARTESIAN_POINT ( 'NONE',  ( 4.392307692307691802, 18.10000000000000142, -3.369230769230769251 ) ) ;
#1222 = VERTEX_POINT ( 'NONE', #217 ) ;
#1223 = CARTESIAN_POINT ( 'NONE',  ( -2.209810401774821020, 18.19999999999999929, -3.082597182900448374 ) ) ;
#1224 = EDGE_LOOP ( 'NONE', ( #4422, #2256, #1286, #2163 ) ) ;
#1225 = ORIENTED_EDGE ( 'NONE', *, *, #2462, .T. ) ;
#1226 =( NAMED_UNIT ( * ) SI_UNIT ( $, .STERADIAN. ) SOLID_ANGLE_UNIT ( ) );
#1227 = VERTEX_POINT ( 'NONE', #4834 ) ;
#1228 = EDGE_CURVE ( 'NONE', #4638, #4380, #814, .T. ) ;
#1229 = AXIS2_PLACEMENT_3D ( 'NONE', #564, #593, #3702 ) ;
#1230 = CARTESIAN_POINT ( 'NONE',  ( 2.578849745660951154, 18.09999999999999787, -2.648556222682773686 ) ) ;
#1231 = CARTESIAN_POINT ( 'NONE',  ( 2.871364503778899735, 18.10000000000000142, -1.809966826224596037 ) ) ;
#1232 = CARTESIAN_POINT ( 'NONE',  ( 2.653767371758310567, 18.10000000000000853, -2.934418779485471696 ) ) ;
#1233 = ORIENTED_EDGE ( 'NONE', *, *, #4646, .F. ) ;
#1234 = VECTOR ( 'NONE', #4026, 1000.000000000000000 ) ;
#1235 = VERTEX_POINT ( 'NONE', #1335 ) ;
#1236 = CARTESIAN_POINT ( 'NONE',  ( 3.315384615384616041, 18.19999999999999929, -3.399999999999999911 ) ) ;
#1237 = PLANE ( 'NONE',  #2441 ) ;
#1238 = CARTESIAN_POINT ( 'NONE',  ( 5.564804083632930443, 18.20000000000000284, -2.996529776171388715 ) ) ;
#1239 = CARTESIAN_POINT ( 'NONE',  ( -2.239063942009692276, 18.19999999999999929, -3.381089844200307670 ) ) ;
#1240 = ORIENTED_EDGE ( 'NONE', *, *, #4483, .T. ) ;
#1241 = VERTEX_POINT ( 'NONE', #4937 ) ;
#1242 = CARTESIAN_POINT ( 'NONE',  ( 3.894742298593650620, 18.19999999999999929, -3.100064677758481935 ) ) ;
#1243 = MANIFOLD_SOLID_BREP ( 'Бобышка-Вытянуть2', #4781 ) ;
#1244 = LINE ( 'NONE', #2729, #5078 ) ;
#1245 = DIRECTION ( 'NONE',  ( -1.000000000000000000, 0.000000000000000000, 0.000000000000000000 ) ) ;
#1246 = CARTESIAN_POINT ( 'NONE',  ( 5.875625443982564811, 18.19999999999999929, -3.055706260279085207 ) ) ;
#1247 = LINE ( 'NONE', #2806, #384 ) ;
#1248 = CARTESIAN_POINT ( 'NONE',  ( 9.000000000000000000, 18.19999999999999929, 4.500000000000001776 ) ) ;
#1249 = VERTEX_POINT ( 'NONE', #3399 ) ;
#1250 = CARTESIAN_POINT ( 'NONE',  ( 3.728348910570527863, 18.10000000000000142, -3.281893800862494270 ) ) ;
#1251 = CARTESIAN_POINT ( 'NONE',  ( 3.192606984876889431, 18.19999999999999929, -3.392736022487100822 ) ) ;
#1252 = CARTESIAN_POINT ( 'NONE',  ( -2.023795046082792037, 18.19999999999999574, -2.840371754952137007 ) ) ;
#1253 = EDGE_CURVE ( 'NONE', #3508, #4935, #515, .T. ) ;
#1254 = ORIENTED_EDGE ( 'NONE', *, *, #4611, .F. ) ;
#1255 = EDGE_LOOP ( 'NONE', ( #4061, #2281, #1096, #3000 ) ) ;
#1256 = CARTESIAN_POINT ( 'NONE',  ( 5.195951234783300343, 18.19999999999999574, -1.722550430078302997 ) ) ;
#1257 = ORIENTED_EDGE ( 'NONE', *, *, #3707, .F. ) ;
#1258 = CARTESIAN_POINT ( 'NONE',  ( 1.136675845120486139, 18.10000000000000497, -2.926233763544646482 ) ) ;
#1259 = CARTESIAN_POINT ( 'NONE',  ( 3.299488135490494134, 18.10000000000000497, -1.246747605562599892 ) ) ;
#1260 = DIRECTION ( 'NONE',  ( -0.000000000000000000, 1.000000000000000000, -0.000000000000000000 ) ) ;
#1261 = ADVANCED_FACE ( 'NONE', ( #1489 ), #4955, .T. ) ;
#1262 = VERTEX_POINT ( 'NONE', #1462 ) ;
#1263 = CARTESIAN_POINT ( 'NONE',  ( 3.578481221751953267, 18.20000000000000284, -3.357958215618551012 ) ) ;
#1264 = DIRECTION ( 'NONE',  ( 0.000000000000000000, 1.000000000000000000, 0.000000000000000000 ) ) ;
#1265 = CARTESIAN_POINT ( 'NONE',  ( 8.423076923076923350, 18.19999999999999929, -3.399999999999999911 ) ) ;
#1266 = ORIENTED_EDGE ( 'NONE', *, *, #4592, .F. ) ;
#1267 = CARTESIAN_POINT ( 'NONE',  ( 3.728348910570527863, 18.19999999999999929, -3.281893800862494270 ) ) ;
#1268 = CARTESIAN_POINT ( 'NONE',  ( 3.728377636870738421, 18.10000000000000142, -2.740848760997148137 ) ) ;
#1269 = CARTESIAN_POINT ( 'NONE',  ( 5.162204804047605400, 18.10000000000000142, -1.601743927618234142 ) ) ;
#1270 =( NAMED_UNIT ( * ) SI_UNIT ( $, .STERADIAN. ) SOLID_ANGLE_UNIT ( ) );
#1271 = ADVANCED_FACE ( 'NONE', ( #4633 ), #3185, .T. ) ;
#1272 = CARTESIAN_POINT ( 'NONE',  ( 5.623076923076923528, 18.19999999999999574, -3.061538461538461320 ) ) ;
#1273 = ORIENTED_EDGE ( 'NONE', *, *, #2514, .F. ) ;
#1274 = CARTESIAN_POINT ( 'NONE',  ( -7.905288461538460432, 18.10000000000000142, -1.431249999999999911 ) ) ;
#1275 = CARTESIAN_POINT ( 'NONE',  ( -8.022115384615382538, 18.19999999999999929, -1.276923076923077049 ) ) ;
#1276 = UNCERTAINTY_MEASURE_WITH_UNIT (LENGTH_MEASURE( 1.000000000000000082E-05 ), #4217, 'distance_accuracy_value', 'NONE');
#1277 = ORIENTED_EDGE ( 'NONE', *, *, #399, .F. ) ;
#1278 = LINE ( 'NONE', #4410, #2122 ) ;
#1279 = ADVANCED_FACE ( 'NONE', ( #245 ), #2685, .T. ) ;
#1280 = ORIENTED_EDGE ( 'NONE', *, *, #4822, .F. ) ;
#1281 = ORIENTED_EDGE ( 'NONE', *, *, #4160, .T. ) ;
#1282 = CARTESIAN_POINT ( 'NONE',  ( 3.315384615384616041, 18.10000000000000142, -0.9692307692307692291 ) ) ;
#1283 = CARTESIAN_POINT ( 'NONE',  ( 3.134944262634138390, 18.10000000000000142, -3.382062021272044916 ) ) ;
#1284 = CARTESIAN_POINT ( 'NONE',  ( 3.094746296037601763, 18.09999999999999787, -1.315953161850569320 ) ) ;
#1285 = CARTESIAN_POINT ( 'NONE',  ( 3.409183886520096962, 18.19999999999999574, -1.255977642365009084 ) ) ;
#1286 = ORIENTED_EDGE ( 'NONE', *, *, #2872, .T. ) ;
#1287 = EDGE_CURVE ( 'NONE', #2714, #1643, #4251, .T. ) ;
#1288 = CARTESIAN_POINT ( 'NONE',  ( -5.109360721970400476, 18.20000000000000284, -1.395909515061808159 ) ) ;
#1289 = MECHANICAL_DESIGN_GEOMETRIC_PRESENTATION_REPRESENTATION (  '', ( #35 ), #4820 ) ;
#1290 = CARTESIAN_POINT ( 'NONE',  ( 5.821976914736358033, 18.19999999999999929, -2.986726882879906508 ) ) ;
#1291 = CARTESIAN_POINT ( 'NONE',  ( -3.453846153846152678, 18.10000000000000142, -1.000000000000000000 ) ) ;
#1292 = CARTESIAN_POINT ( 'NONE',  ( -5.190849240393762720, 18.19999999999999929, -1.659890733122828976 ) ) ;
#1293 = VERTEX_POINT ( 'NONE', #737 ) ;
#1294 = CARTESIAN_POINT ( 'NONE',  ( 3.776073426102620534, 18.19999999999999218, -2.316418267535612863 ) ) ;
#1295 = CARTESIAN_POINT ( 'NONE',  ( -7.905288461538460432, 18.10000000000000142, -1.431249999999999911 ) ) ;
#1296 = VECTOR ( 'NONE', #1933, 1000.000000000000000 ) ;
#1297 = LINE ( 'NONE', #2047, #3366 ) ;
#1298 = CARTESIAN_POINT ( 'NONE',  ( -1.738782968608385993, 18.20000000000000284, -3.035327045240470589 ) ) ;
#1299 = CARTESIAN_POINT ( 'NONE',  ( 3.175397551158673615, 18.10000000000000853, -3.100854224656199420 ) ) ;
#1300 = CIRCLE ( 'NONE', #2366, 0.3999999999999993006 ) ;
#1301 = ORIENTED_EDGE ( 'NONE', *, *, #725, .T. ) ;
#1302 = DIRECTION ( 'NONE',  ( -0.000000000000000000, 1.000000000000000000, -0.000000000000000000 ) ) ;
#1303 = DIRECTION ( 'NONE',  ( 0.000000000000000000, 0.000000000000000000, 1.000000000000000000 ) ) ;
#1304 = CARTESIAN_POINT ( 'NONE',  ( -7.062297504795813197, 18.09999999999999787, -3.103493563119797738 ) ) ;
#1305 = ORIENTED_EDGE ( 'NONE', *, *, #1000, .T. ) ;
#1306 = ORIENTED_EDGE ( 'NONE', *, *, #2399, .T. ) ;
#1307 = CARTESIAN_POINT ( 'NONE',  ( 3.776631697688827671, 18.10000000000000142, -2.229815862473450760 ) ) ;
#1308 = FILL_AREA_STYLE ('',( #2088 ) ) ;
#1309 = CARTESIAN_POINT ( 'NONE',  ( 2.707799016410789239, 18.10000000000000497, -3.050582089135816410 ) ) ;
#1310 = ORIENTED_EDGE ( 'NONE', *, *, #1401, .T. ) ;
#1311 = CARTESIAN_POINT ( 'NONE',  ( 3.346206945881829764, 18.09999999999999787, -3.399093845297284311 ) ) ;
#1312 = LINE ( 'NONE', #4040, #2681 ) ;
#1313 = AXIS2_PLACEMENT_3D ( 'NONE', #3158, #1197, #809 ) ;
#1314 = CARTESIAN_POINT ( 'NONE',  ( -5.158509417751325543, 18.19999999999999929, -1.557095613131726619 ) ) ;
#1315 = VERTEX_POINT ( 'NONE', #268 ) ;
#1316 =( GEOMETRIC_REPRESENTATION_CONTEXT ( 3 ) GLOBAL_UNCERTAINTY_ASSIGNED_CONTEXT ( ( #962 ) ) GLOBAL_UNIT_ASSIGNED_CONTEXT ( ( #2611, #4632, #2683 ) ) REPRESENTATION_CONTEXT ( 'NONE', 'WORKASPACE' ) );
#1317 = ORIENTED_EDGE ( 'NONE', *, *, #4491, .F. ) ;
#1318 = CARTESIAN_POINT ( 'NONE',  ( 3.615326654806911844, 18.19999999999999574, -2.980426335184347408 ) ) ;
#1319 = CARTESIAN_POINT ( 'NONE',  ( 1.578846153846154898, 18.10000000000000497, -3.400000000000000355 ) ) ;
#1320 = CARTESIAN_POINT ( 'NONE',  ( 9.000000000000000000, 0.000000000000000000, -5.000000000000000000 ) ) ;
#1321 = CARTESIAN_POINT ( 'NONE',  ( -2.341103986201864551, 18.19999999999999929, -3.115328916511438617 ) ) ;
#1322 = ADVANCED_FACE ( 'NONE', ( #1898 ), #3467, .T. ) ;
#1323 = CARTESIAN_POINT ( 'NONE',  ( 5.603823946496241604, 18.19999999999999574, -3.040060004184137465 ) ) ;
#1324 = VECTOR ( 'NONE', #382, 1000.000000000000000 ) ;
#1325 = CARTESIAN_POINT ( 'NONE',  ( 3.175397551158673615, 18.20000000000000639, -3.100854224656199420 ) ) ;
#1326 = CARTESIAN_POINT ( 'NONE',  ( -6.561538461538460432, 18.10000000000000142, -1.276923076923077049 ) ) ;
#1327 = UNCERTAINTY_MEASURE_WITH_UNIT (LENGTH_MEASURE( 1.000000000000000082E-05 ), #4266, 'distance_accuracy_value', 'NONE');
#1328 = EDGE_CURVE ( 'NONE', #2357, #4813, #1919, .T. ) ;
#1329 = CARTESIAN_POINT ( 'NONE',  ( -7.256730769230768097, 18.10000000000000142, -2.847596153846153832 ) ) ;
#1330 = ORIENTED_EDGE ( 'NONE', *, *, #719, .T. ) ;
#1331 = VERTEX_POINT ( 'NONE', #759 ) ;
#1332 = ORIENTED_EDGE ( 'NONE', *, *, #692, .F. ) ;
#1333 = LINE ( 'NONE', #3720, #1890 ) ;
#1334 = EDGE_CURVE ( 'NONE', #4353, #4082, #2332, .T. ) ;
#1335 = CARTESIAN_POINT ( 'NONE',  ( -3.115384615384614531, 18.10000000000000142, -3.123076923076922640 ) ) ;
#1336 = EDGE_CURVE ( 'NONE', #525, #3267, #3614, .T. ) ;
#1337 = CARTESIAN_POINT ( 'NONE',  ( 2.679192405006057154, 18.10000000000000497, -2.994712803263144707 ) ) ;
#1338 = ADVANCED_FACE ( 'NONE', ( #860 ), #3515, .T. ) ;
#1339 = ORIENTED_EDGE ( 'NONE', *, *, #2557, .F. ) ;
#1340 = B_SPLINE_CURVE_WITH_KNOTS ( 'NONE', 3,
 ( #3717, #4457, #2508, #4405, #1325, #1378, #2942, #887, #3664, #2465, #4507 ),
 .UNSPECIFIED., .F., .F.,
 ( 4, 1, 1, 1, 1, 1, 1, 1, 4 ),
 ( 0.000000000000000000, 0.1276647678962224419, 0.2517385630080476999, 0.3727533493873912418, 0.4921467589723853009, 0.6140696213092442513, 0.7371973244121078350, 0.8656069906011173432, 1.000000000000000000 ),
 .UNSPECIFIED. ) ;
#1341 = CARTESIAN_POINT ( 'NONE',  ( -5.099999999999998757, 18.10000000000000142, -1.363461538461538503 ) ) ;
#1342 = PLANE ( 'NONE',  #5070 ) ;
#1343 = EDGE_CURVE ( 'NONE', #1563, #4130, #4931, .T. ) ;
#1344 = ORIENTED_EDGE ( 'NONE', *, *, #4200, .T. ) ;
#1345 = ORIENTED_EDGE ( 'NONE', *, *, #21, .T. ) ;
#1346 = EDGE_LOOP ( 'NONE', ( #1832, #119, #4438, #3599 ) ) ;
#1347 = CARTESIAN_POINT ( 'NONE',  ( 3.706577419070720580, 18.19999999999999929, -2.817601877973650470 ) ) ;
#1348 = CARTESIAN_POINT ( 'NONE',  ( 2.903631010677926394, 18.10000000000000142, -1.619593970782625014 ) ) ;
#1349 = CARTESIAN_POINT ( 'NONE',  ( 5.069230769230770761, 18.10000000000000142, -1.000000000000000000 ) ) ;
#1350 = DIRECTION ( 'NONE',  ( -1.000000000000000000, 0.000000000000000000, 0.000000000000000000 ) ) ;
#1351 = EDGE_CURVE ( 'NONE', #3054, #4712, #388, .T. ) ;
#1352 = CARTESIAN_POINT ( 'NONE',  ( -3.115384615384614531, 18.10000000000000142, -1.984615384615384670 ) ) ;
#1353 = VERTEX_POINT ( 'NONE', #4708 ) ;
#1354 = CARTESIAN_POINT ( 'NONE',  ( -8.149999999999923972, 0.000000000000000000, -3.600000000000000977 ) ) ;
#1355 = VECTOR ( 'NONE', #2309, 1000.000000000000000 ) ;
#1356 = CARTESIAN_POINT ( 'NONE',  ( -6.623076923076922640, 18.10000000000000142, -3.399999999999999911 ) ) ;
#1357 = CARTESIAN_POINT ( 'NONE',  ( -5.153325211118858995, 18.10000000000000142, -1.539896399817314077 ) ) ;
#1358 = ORIENTED_EDGE ( 'NONE', *, *, #776, .T. ) ;
#1359 = VERTEX_POINT ( 'NONE', #3560 ) ;
#1360 = DIRECTION ( 'NONE',  ( -0.000000000000000000, 1.000000000000000000, -0.000000000000000000 ) ) ;
#1361 = DIRECTION ( 'NONE',  ( -0.000000000000000000, 1.000000000000000000, -0.000000000000000000 ) ) ;
#1362 = CARTESIAN_POINT ( 'NONE',  ( -1.423076923076922684, 18.10000000000000142, -3.399999999999999911 ) ) ;
#1363 = CARTESIAN_POINT ( 'NONE',  ( 1.536098339611467356, 18.19999999999999929, -3.318622620477245988 ) ) ;
#1364 = EDGE_LOOP ( 'NONE', ( #4746, #4898, #3811, #28 ) ) ;
#1365 = FACE_OUTER_BOUND ( 'NONE', #1706, .T. ) ;
#1366 = CARTESIAN_POINT ( 'NONE',  ( -2.199415261301588931, 18.19999999999999929, -2.324635147380671452 ) ) ;
#1367 = LINE ( 'NONE', #4943, #300 ) ;
#1368 = EDGE_LOOP ( 'NONE', ( #3565, #3852, #2142, #2433 ) ) ;
#1369 = VECTOR ( 'NONE', #151, 1000.000000000000000 ) ;
#1370 = PLANE ( 'NONE',  #2116 ) ;
#1371 = LINE ( 'NONE', #1295, #2119 ) ;
#1372 = CARTESIAN_POINT ( 'NONE',  ( 4.037506730896978091, 18.19999999999999929, -1.643032946165831731 ) ) ;
#1373 = FACE_OUTER_BOUND ( 'NONE', #3053, .T. ) ;
#1374 = VECTOR ( 'NONE', #257, 1000.000000000000000 ) ;
#1375 = DIRECTION ( 'NONE',  ( -0.000000000000000000, 1.000000000000000000, -0.000000000000000000 ) ) ;
#1376 = CARTESIAN_POINT ( 'NONE',  ( 5.344807500889140250, 18.09999999999999787, -2.700359103670942229 ) ) ;
#1377 = EDGE_LOOP ( 'NONE', ( #4800, #4256, #2881, #5025 ) ) ;
#1378 = CARTESIAN_POINT ( 'NONE',  ( 3.133809111242184642, 18.19999999999999574, -3.083067493141752102 ) ) ;
#1379 = VECTOR ( 'NONE', #1944, 1000.000000000000000 ) ;
#1380 = CARTESIAN_POINT ( 'NONE',  ( 2.760306203006934744, 18.10000000000000142, -1.227918436977513572 ) ) ;
#1381 = CARTESIAN_POINT ( 'NONE',  ( -7.143750878813161620, 18.10000000000000853, -2.996878775038471332 ) ) ;
#1382 = EDGE_CURVE ( 'NONE', #167, #3647, #4735, .T. ) ;
#1383 = VECTOR ( 'NONE', #349, 1000.000000000000114 ) ;
#1384 = EDGE_CURVE ( 'NONE', #3947, #3222, #4002, .T. ) ;
#1385 = CARTESIAN_POINT ( 'NONE',  ( 3.579408748126834183, 18.10000000000000853, -3.018607902616721628 ) ) ;
#1386 = CARTESIAN_POINT ( 'NONE',  ( -2.037358073775814571, 18.10000000000000853, -2.515532718914099686 ) ) ;
#1387 = CARTESIAN_POINT ( 'NONE',  ( 8.150000000000002132, 0.000000000000000000, 3.999999999999998224 ) ) ;
#1388 = DIRECTION ( 'NONE',  ( 0.000000000000000000, 0.000000000000000000, 1.000000000000000000 ) ) ;
#1389 = PLANE ( 'NONE',  #2131 ) ;
#1390 = EDGE_CURVE ( 'NONE', #1359, #4358, #3890, .T. ) ;
#1391 = ORIENTED_EDGE ( 'NONE', *, *, #36, .F. ) ;
#1392 = CARTESIAN_POINT ( 'NONE',  ( 4.004609738356283088, 18.20000000000000284, -2.845397204304962457 ) ) ;
#1393 = CARTESIAN_POINT ( 'NONE',  ( -2.053796760088443474, 18.19999999999999929, -2.475956467210549405 ) ) ;
#1394 = DIRECTION ( 'NONE',  ( 0.000000000000000000, 0.000000000000000000, -1.000000000000000000 ) ) ;
#1395 = AXIS2_PLACEMENT_3D ( 'NONE', #1770, #4462, #992 ) ;
#1396 = CARTESIAN_POINT ( 'NONE',  ( 3.769896036752482527, 18.10000000000000142, -1.924174558915090705 ) ) ;
#1397 = DIRECTION ( 'NONE',  ( 0.000000000000000000, -0.000000000000000000, 1.000000000000000000 ) ) ;
#1398 = CARTESIAN_POINT ( 'NONE',  ( -2.572115384615383693, 18.10000000000000142, -3.399999999999999911 ) ) ;
#1399 = CARTESIAN_POINT ( 'NONE',  ( -5.144633445661981774, 18.09999999999999787, -1.511192905079860926 ) ) ;
#1400 = LINE ( 'NONE', #2206, #1954 ) ;
#1401 = EDGE_CURVE ( 'NONE', #2478, #2357, #3124, .T. ) ;
#1402 = CARTESIAN_POINT ( 'NONE',  ( 9.000000000000000000, 18.19999999999999929, -5.000000000000000000 ) ) ;
#1403 = VERTEX_POINT ( 'NONE', #2354 ) ;
#1404 = CARTESIAN_POINT ( 'NONE',  ( -2.345736247244337935, 18.19999999999998863, -2.276840216022473662 ) ) ;
#1405 = ORIENTED_EDGE ( 'NONE', *, *, #2619, .F. ) ;
#1406 = DIRECTION ( 'NONE',  ( -1.000000000000000000, 0.000000000000000000, 0.000000000000000000 ) ) ;
#1407 = CARTESIAN_POINT ( 'NONE',  ( -2.188635936447937969, 18.10000000000000497, -3.372070952871049521 ) ) ;
#1408 = LINE ( 'NONE', #4556, #2360 ) ;
#1409 = VECTOR ( 'NONE', #1509, 1000.000000000000000 ) ;
#1410 = ORIENTED_EDGE ( 'NONE', *, *, #2193, .F. ) ;
#1411 = FILL_AREA_STYLE_COLOUR ( '', #244 ) ;
#1412 = CARTESIAN_POINT ( 'NONE',  ( -0.3153846153846149303, 18.19999999999999929, -3.123076923076922640 ) ) ;
#1413 = CARTESIAN_POINT ( 'NONE',  ( 1.208166610461929080, 18.10000000000000142, -2.668680998876977295 ) ) ;
#1414 = DIRECTION ( 'NONE',  ( 0.000000000000000000, -1.000000000000000000, 0.000000000000000000 ) ) ;
#1415 = DIRECTION ( 'NONE',  ( -1.000000000000000000, 0.000000000000000000, 0.000000000000000000 ) ) ;
#1416 = ORIENTED_EDGE ( 'NONE', *, *, #694, .T. ) ;
#1417 = CARTESIAN_POINT ( 'NONE',  ( 4.084392511043133389, 18.20000000000000639, -2.212501131328373560 ) ) ;
#1418 = CARTESIAN_POINT ( 'NONE',  ( -6.561538461538460432, 18.19999999999999929, -1.000000000000000000 ) ) ;
#1419 = EDGE_CURVE ( 'NONE', #1669, #509, #585, .T. ) ;
#1420 = LINE ( 'NONE', #2927, #3186 ) ;
#1421 = EDGE_LOOP ( 'NONE', ( #51, #3860, #2761, #4889 ) ) ;
#1422 = PLANE ( 'NONE',  #2027 ) ;
#1423 = LINE ( 'NONE', #4967, #4905 ) ;
#1424 = CARTESIAN_POINT ( 'NONE',  ( 3.727016959652104333, 18.19999999999999929, -1.620437355121891798 ) ) ;
#1425 = CARTESIAN_POINT ( 'NONE',  ( 5.105630852682008225, 18.09999999999999787, -1.338642022504635820 ) ) ;
#1426 = DIRECTION ( 'NONE',  ( -1.000000000000000000, 0.000000000000000000, 0.000000000000000000 ) ) ;
#1427 = EDGE_CURVE ( 'NONE', #3215, #2879, #2231, .T. ) ;
#1428 = CARTESIAN_POINT ( 'NONE',  ( 0.9153846153846165734, 18.19999999999999929, -2.799999999999999822 ) ) ;
#1429 = VERTEX_POINT ( 'NONE', #3343 ) ;
#1430 = CARTESIAN_POINT ( 'NONE',  ( -1.693879248296936035, 18.09999999999999787, -2.495267490246699804 ) ) ;
#1431 = LINE ( 'NONE', #284, #950 ) ;
#1432 = CARTESIAN_POINT ( 'NONE',  ( 2.992788461538461675, 18.10000000000000142, -2.958653846153846079 ) ) ;
#1433 = ADVANCED_FACE ( 'NONE', ( #209 ), #4076, .T. ) ;
#1434 = ORIENTED_EDGE ( 'NONE', *, *, #1713, .T. ) ;
#1435 = CARTESIAN_POINT ( 'NONE',  ( 2.853846153846154809, 18.20000000000000639, -2.184615384615384848 ) ) ;
#1436 = CARTESIAN_POINT ( 'NONE',  ( -2.312424684334025926, 18.10000000000000142, -3.111402969121154438 ) ) ;
#1437 = CARTESIAN_POINT ( 'NONE',  ( 8.182252185765312547, 18.10000000000000497, -3.318622620477246876 ) ) ;
#1438 = PLANE ( 'NONE',  #2287 ) ;
#1439 = CARTESIAN_POINT ( 'NONE',  ( 3.677846659479863334, 18.10000000000001208, -1.479246294470069056 ) ) ;
#1440 = ORIENTED_EDGE ( 'NONE', *, *, #1161, .T. ) ;
#1441 =( NAMED_UNIT ( * ) SI_UNIT ( $, .STERADIAN. ) SOLID_ANGLE_UNIT ( ) );
#1442 = CARTESIAN_POINT ( 'NONE',  ( 7.929126653717996298, 18.09999999999999432, -2.716401017527264816 ) ) ;
#1443 = CARTESIAN_POINT ( 'NONE',  ( 4.392307692307691802, 18.10000000000000142, -3.061538461538461320 ) ) ;
#1444 = ORIENTED_EDGE ( 'NONE', *, *, #3218, .T. ) ;
#1445 = EDGE_CURVE ( 'NONE', #1209, #2423, #102, .T. ) ;
#1446 = CARTESIAN_POINT ( 'NONE',  ( 3.456365126191363490, 18.10000000000000142, -3.098145640656293054 ) ) ;
#1447 = CARTESIAN_POINT ( 'NONE',  ( 5.912657523429853512, 18.10000000000000142, -3.099012180496111935 ) ) ;
#1448 = CARTESIAN_POINT ( 'NONE',  ( 3.154487628615804340, 18.19999999999998863, -0.9820538248941480530 ) ) ;
#1449 = CARTESIAN_POINT ( 'NONE',  ( 2.992788461538461675, 18.19999999999999929, -2.958653846153846079 ) ) ;
#1450 = PRESENTATION_LAYER_ASSIGNMENT (  '', '', ( #3825 ) ) ;
#1451 = SURFACE_SIDE_STYLE ('',( #1837 ) ) ;
#1452 = ORIENTED_EDGE ( 'NONE', *, *, #1719, .T. ) ;
#1453 = VECTOR ( 'NONE', #3587, 1000.000000000000000 ) ;
#1454 = DIRECTION ( 'NONE',  ( -0.000000000000000000, 0.000000000000000000, -1.000000000000000000 ) ) ;
#1455 = VERTEX_POINT ( 'NONE', #2911 ) ;
#1456 = CARTESIAN_POINT ( 'NONE',  ( -3.115384615384614531, 18.19999999999999929, -1.984615384615384670 ) ) ;
#1457 = CARTESIAN_POINT ( 'NONE',  ( -2.207171258700463934, 18.09999999999999787, -2.012569254691831233 ) ) ;
#1458 = VECTOR ( 'NONE', #2100, 1000.000000000000000 ) ;
#1459 = LINE ( 'NONE', #285, #132 ) ;
#1460 = CARTESIAN_POINT ( 'NONE',  ( 8.150000000000002132, -3.000000000000000000, 3.599999999999999201 ) ) ;
#1461 = AXIS2_PLACEMENT_3D ( 'NONE', #4298, #1541, #1642 ) ;
#1462 = CARTESIAN_POINT ( 'NONE',  ( 0.4538461538461536215, 18.10000000000000142, -3.123076923076922640 ) ) ;
#1463 = CARTESIAN_POINT ( 'NONE',  ( 8.211172319838404121, 18.10000000000000142, -3.373676773969032539 ) ) ;
#1464 = DIRECTION ( 'NONE',  ( -0.000000000000000000, 1.000000000000000000, -0.000000000000000000 ) ) ;
#1465 = STYLED_ITEM ( 'NONE', ( #2303 ), #4225 ) ;
#1466 = CARTESIAN_POINT ( 'NONE',  ( 3.769896036752482527, 18.19999999999999574, -1.924174558915090705 ) ) ;
#1467 = ORIENTED_EDGE ( 'NONE', *, *, #2395, .F. ) ;
#1468 = ORIENTED_EDGE ( 'NONE', *, *, #4984, .T. ) ;
#1469 = PLANE ( 'NONE',  #2749 ) ;
#1470 = AXIS2_PLACEMENT_3D ( 'NONE', #2519, #3354, #3379 ) ;
#1471 = CARTESIAN_POINT ( 'NONE',  ( 2.567227070093883068, 18.19999999999999574, -2.565073035737151397 ) ) ;
#1472 = DIRECTION ( 'NONE',  ( -0.000000000000000000, 1.000000000000000000, -0.000000000000000000 ) ) ;
#1473 = B_SPLINE_CURVE_WITH_KNOTS ( 'NONE', 3,
 ( #3878, #1931, #5067, #1552, #2369, #3930, #3956, #400, #3550, #2007, #3163 ),
 .UNSPECIFIED., .F., .F.,
 ( 4, 1, 1, 1, 1, 1, 1, 1, 4 ),
 ( 0.000000000000000000, 0.1426572507006147184, 0.2811689939054438092, 0.4169771923679731485, 0.5508524927475578759, 0.6783641702618117275, 0.7950324430070938586, 0.9019981783473511872, 1.000000000000000000 ),
 .UNSPECIFIED. ) ;
#1474 = CARTESIAN_POINT ( 'NONE',  ( 3.610879582105718466, 18.10000000000000497, -1.383712464797439257 ) ) ;
#1475 = DIRECTION ( 'NONE',  ( -1.000000000000000000, 0.000000000000000000, 0.000000000000000000 ) ) ;
#1476 = EDGE_CURVE ( 'NONE', #3141, #4161, #2105, .T. ) ;
#1477 = PLANE ( 'NONE',  #717 ) ;
#1478 = CARTESIAN_POINT ( 'NONE',  ( 5.105630852682008225, 18.19999999999999574, -1.338642022504635820 ) ) ;
#1479 = CARTESIAN_POINT ( 'NONE',  ( -2.495187155050770933, 18.19999999999999574, -3.122742753908001934 ) ) ;
#1480 = EDGE_LOOP ( 'NONE', ( #4751, #222, #2569, #1240 ) ) ;
#1481 = VECTOR ( 'NONE', #319, 1000.000000000000000 ) ;
#1482 = VERTEX_POINT ( 'NONE', #1690 ) ;
#1483 = CARTESIAN_POINT ( 'NONE',  ( -2.527403846153844835, 18.19999999999999929, -1.984615384615384670 ) ) ;
#1484 = CARTESIAN_POINT ( 'NONE',  ( -2.404714144073598181, 18.10000000000000142, -2.267857542201235699 ) ) ;
#1485 = CARTESIAN_POINT ( 'NONE',  ( -7.047596153846152234, 18.10000000000000142, -3.123076923076922640 ) ) ;
#1486 = DIRECTION ( 'NONE',  ( 0.000000000000000000, 0.000000000000000000, 1.000000000000000000 ) ) ;
#1487 = EDGE_CURVE ( 'NONE', #916, #3564, #2888, .T. ) ;
#1488 = AXIS2_PLACEMENT_3D ( 'NONE', #157, #131, #959 ) ;
#1490 = EDGE_CURVE ( 'NONE', #2186, #1359, #1648, .T. ) ;
#1489 = FACE_OUTER_BOUND ( 'NONE', #2075, .T. ) ;
#1491 = AXIS2_PLACEMENT_3D ( 'NONE', #414, #1969, #2782 ) ;
#1492 = CARTESIAN_POINT ( 'NONE',  ( -2.216346153846152855, 18.10000000000000142, -3.377403846153845812 ) ) ;
#1493 = LINE ( 'NONE', #291, #3846 ) ;
#1494 = CIRCLE ( 'NONE', #675, 0.5000000000000004441 ) ;
#1495 = EDGE_CURVE ( 'NONE', #1051, #772, #555, .T. ) ;
#1496 = ORIENTED_EDGE ( 'NONE', *, *, #3952, .F. ) ;
#1497 = LINE ( 'NONE', #3056, #3001 ) ;
#1498 = EDGE_CURVE ( 'NONE', #208, #2305, #3669, .T. ) ;
#1499 = CARTESIAN_POINT ( 'NONE',  ( 3.080011194544924891, 18.19999999999999929, -3.367551655207887684 ) ) ;
#1500 = EDGE_CURVE ( 'NONE', #1974, #3961, #3263, .T. ) ;
#1501 = CARTESIAN_POINT ( 'NONE',  ( 5.398645684989978655, 18.09999999999999787, -2.779724442582470978 ) ) ;
#1502 = DIRECTION ( 'NONE',  ( -0.000000000000000000, 0.000000000000000000, -1.000000000000000000 ) ) ;
#1503 = CARTESIAN_POINT ( 'NONE',  ( 5.175480769230769162, 18.10000000000000142, -1.652403846153845945 ) ) ;
#1504 = DIRECTION ( 'NONE',  ( 0.000000000000000000, 0.000000000000000000, 1.000000000000000000 ) ) ;
#1505 = EDGE_CURVE ( 'NONE', #1643, #2850, #3457, .T. ) ;
#1506 = DIRECTION ( 'NONE',  ( -0.000000000000000000, 1.000000000000000000, -0.000000000000000000 ) ) ;
#1507 = DIRECTION ( 'NONE',  ( 0.000000000000000000, -0.000000000000000000, 1.000000000000000000 ) ) ;
#1508 = ORIENTED_EDGE ( 'NONE', *, *, #2767, .F. ) ;
#1509 = DIRECTION ( 'NONE',  ( 0.000000000000000000, 0.000000000000000000, 1.000000000000000000 ) ) ;
#1510 = CARTESIAN_POINT ( 'NONE',  ( -2.014740005763263841, 18.19999999999999574, -2.602766433804082347 ) ) ;
#1511 = DIRECTION ( 'NONE',  ( 0.000000000000000000, 0.000000000000000000, 1.000000000000000000 ) ) ;
#1512 = DIRECTION ( 'NONE',  ( 0.000000000000000000, -0.000000000000000000, 1.000000000000000000 ) ) ;
#1513 = EDGE_CURVE ( 'NONE', #3779, #1331, #1340, .T. ) ;
#1514 = SURFACE_SIDE_STYLE ('',( #1870 ) ) ;
#1515 = B_SPLINE_CURVE_WITH_KNOTS ( 'NONE', 3,
 ( #4830, #2492, #915, #2469, #4029, #534, #4461, #3240, #3296, #1692, #3618 ),
 .UNSPECIFIED., .F., .F.,
 ( 4, 1, 1, 1, 1, 1, 1, 1, 4 ),
 ( 0.000000000000000000, 0.08920477023324585586, 0.1898334556643478388, 0.2992325919749810326, 0.4192609378429065781, 0.5492073901909394484, 0.6890743636843497111, 0.8395791979483188117, 1.000000000000000000 ),
 .UNSPECIFIED. ) ;
#1516 = CARTESIAN_POINT ( 'NONE',  ( -0.3153846153846149303, 18.10000000000000142, -3.123076923076922640 ) ) ;
#1517 = CARTESIAN_POINT ( 'NONE',  ( -9.000000000000000000, 17.69999999999999929, 0.000000000000000000 ) ) ;
#1518 = DIRECTION ( 'NONE',  ( -0.000000000000000000, 1.000000000000000000, -0.000000000000000000 ) ) ;
#1519 = EDGE_LOOP ( 'NONE', ( #2930, #4364, #881, #4033 ) ) ;
#1520 = ORIENTED_EDGE ( 'NONE', *, *, #4445, .F. ) ;
#1521 = CARTESIAN_POINT ( 'NONE',  ( -1.707456510073958045, 18.10000000000000142, -2.960112347905065722 ) ) ;
#1522 = CARTESIAN_POINT ( 'NONE',  ( 8.423076923076923350, 18.19999999999999929, -3.399999999999999911 ) ) ;
#1523 = CARTESIAN_POINT ( 'NONE',  ( -5.208173076923075406, 18.19999999999999929, -1.715865384615384626 ) ) ;
#1524 = DIRECTION ( 'NONE',  ( -0.000000000000000000, -0.000000000000000000, 1.000000000000000000 ) ) ;
#1525 = CARTESIAN_POINT ( 'NONE',  ( 4.850079925740796938, 18.19999999999999574, -1.580671772003720443 ) ) ;
#1526 =( NAMED_UNIT ( * ) PLANE_ANGLE_UNIT ( ) SI_UNIT ( $, .RADIAN. ) );
#1527 = ORIENTED_EDGE ( 'NONE', *, *, #1351, .T. ) ;
#1528 = ORIENTED_EDGE ( 'NONE', *, *, #4429, .T. ) ;
#1529 = CARTESIAN_POINT ( 'NONE',  ( 4.051490463516257634, 18.10000000000000497, -1.721598259523441810 ) ) ;
#1530 = CARTESIAN_POINT ( 'NONE',  ( 1.409567035954866210, 18.09999999999999787, -3.158487338531026811 ) ) ;
#1531 = CARTESIAN_POINT ( 'NONE',  ( -1.679757226774479584, 18.10000000000000853, -2.564420299337779152 ) ) ;
#1532 = CYLINDRICAL_SURFACE ( 'NONE', #4164, 0.5000000000000004441 ) ;
#1533 = AXIS2_PLACEMENT_3D ( 'NONE', #906, #980, #2932 ) ;
#1534 = EDGE_CURVE ( 'NONE', #3647, #4175, #4127, .T. ) ;
#1535 = VECTOR ( 'NONE', #4662, 1000.000000000000000 ) ;
#1536 = CARTESIAN_POINT ( 'NONE',  ( 7.701395832919349260, 18.19999999999999574, -2.579837375352686646 ) ) ;
#1537 = B_SPLINE_CURVE_WITH_KNOTS ( 'NONE', 3,
 ( #3511, #3886, #3964, #1165, #1937, #3608, #4370, #4680, #40, #3912, #385 ),
 .UNSPECIFIED., .F., .F.,
 ( 4, 1, 1, 1, 1, 1, 1, 1, 4 ),
 ( 0.000000000000000000, 0.1428946013811196736, 0.2768798469236291027, 0.4054067255101092004, 0.5318333729300085411, 0.6542249868698871706, 0.7698109407908962920, 0.8841096717431483620, 1.000000000000000000 ),
 .UNSPECIFIED. ) ;
#1538 = SURFACE_STYLE_FILL_AREA ( #1308 ) ;
#1539 = CIRCLE ( 'NONE', #2525, 0.3999999999999993006 ) ;
#1540 = CARTESIAN_POINT ( 'NONE',  ( 2.885227487847910499, 18.10000000000000142, -1.098669532604227284 ) ) ;
#1541 = DIRECTION ( 'NONE',  ( -0.000000000000000000, -1.000000000000000000, -0.000000000000000000 ) ) ;
#1542 = CARTESIAN_POINT ( 'NONE',  ( 9.500000000000000000, 0.000000000000000000, -4.500000000000000888 ) ) ;
#1543 = EDGE_CURVE ( 'NONE', #1685, #3217, #505, .T. ) ;
#1544 = VECTOR ( 'NONE', #1721, 1000.000000000000000 ) ;
#1545 = ORIENTED_EDGE ( 'NONE', *, *, #1587, .F. ) ;
#1546 = CARTESIAN_POINT ( 'NONE',  ( 4.051490463516257634, 18.10000000000000497, -1.721598259523441810 ) ) ;
#1547 = VECTOR ( 'NONE', #884, 1000.000000000000000 ) ;
#1548 = FACE_OUTER_BOUND ( 'NONE', #2616, .T. ) ;
#1549 = DIRECTION ( 'NONE',  ( 1.000000000000000000, 0.000000000000000000, 0.000000000000000000 ) ) ;
#1550 = EDGE_CURVE ( 'NONE', #2903, #525, #2865, .T. ) ;
#1551 = CARTESIAN_POINT ( 'NONE',  ( 0.9153846153846165734, 18.10000000000000497, -2.516346153846154010 ) ) ;
#1552 = CARTESIAN_POINT ( 'NONE',  ( 7.782829691274330663, 18.09999999999999787, -2.926233763544645594 ) ) ;
#1553 = LINE ( 'NONE', #3164, #3907 ) ;
#1554 = ORIENTED_EDGE ( 'NONE', *, *, #572, .T. ) ;
#1555 = VERTEX_POINT ( 'NONE', #932 ) ;
#1556 = CARTESIAN_POINT ( 'NONE',  ( 8.423076923076923350, 18.10000000000000142, -1.000000000000000000 ) ) ;
#1557 = CARTESIAN_POINT ( 'NONE',  ( 3.824979434512996157, 18.10000000000000497, -1.176200577224048249 ) ) ;
#1558 = CARTESIAN_POINT ( 'NONE',  ( 7.561538461538461320, 18.19999999999999929, -2.516346153846153566 ) ) ;
#1559 = DIRECTION ( 'NONE',  ( -0.6040146511370632076, 0.000000000000000000, 0.7969732123552031311 ) ) ;
#1560 = EDGE_CURVE ( 'NONE', #2870, #4885, #1088, .T. ) ;
#1561 = CARTESIAN_POINT ( 'NONE',  ( 4.808117868378938731, 18.19999999999998863, -1.396868079856780520 ) ) ;
#1562 = CARTESIAN_POINT ( 'NONE',  ( 4.027872568978658308, 18.10000000000000497, -2.762508489879472062 ) ) ;
#1563 = VERTEX_POINT ( 'NONE', #283 ) ;
#1564 = DIRECTION ( 'NONE',  ( 1.000000000000000000, 0.000000000000000000, 0.000000000000000000 ) ) ;
#1565 = ORIENTED_EDGE ( 'NONE', *, *, #2784, .F. ) ;
#1566 = ORIENTED_EDGE ( 'NONE', *, *, #3201, .T. ) ;
#1567 = FILL_AREA_STYLE ('',( #82 ) ) ;
#1568 = CARTESIAN_POINT ( 'NONE',  ( 2.978157993061859798, 18.10000000000000142, -3.326107752057128053 ) ) ;
#1569 = CARTESIAN_POINT ( 'NONE',  ( 4.761538461538461497, 18.10000000000000142, -1.000000000000000000 ) ) ;
#1570 = VECTOR ( 'NONE', #2578, 1000.000000000000000 ) ;
#1571 = CARTESIAN_POINT ( 'NONE',  ( 1.207173273195101038, 18.09999999999999787, -2.667418883870758428 ) ) ;
#1572 = B_SPLINE_CURVE_WITH_KNOTS ( 'NONE', 3,
 ( #4273, #3915, #1246, #3121, #1917, #4764, #1634, #2805, #338, #4682, #2329, #42, #1214, #4318, #1607 ),
 .UNSPECIFIED., .F., .F.,
 ( 4, 1, 1, 1, 1, 1, 1, 1, 1, 1, 1, 1, 4 ),
 ( 0.000000000000000000, 0.05027347261518842758, 0.1027915920399816302, 0.1576149749310263859, 0.2146336648361198141, 0.2740644707480646147, 0.3359484752142244401, 0.4003220641367520316, 0.4670793284020362535, 0.6020733564500507784, 0.7357483921364994517, 0.8682030502592537058, 0.9999999999999998890 ),
 .UNSPECIFIED. ) ;
#1573 = CARTESIAN_POINT ( 'NONE',  ( -1.669230769230768407, 18.10000000000000142, -2.710096153846154099 ) ) ;
#1574 = CARTESIAN_POINT ( 'NONE',  ( 3.860488948313615332, 18.19999999999999574, -1.220221028608496905 ) ) ;
#1575 = CARTESIAN_POINT ( 'NONE',  ( -8.149999999999998579, -3.000000000000000000, 3.599999999999999201 ) ) ;
#1576 = VECTOR ( 'NONE', #168, 1000.000000000000000 ) ;
#1577 = ORIENTED_EDGE ( 'NONE', *, *, #4681, .F. ) ;
#1578 = VERTEX_POINT ( 'NONE', #4531 ) ;
#1579 = DIRECTION ( 'NONE',  ( 1.000000000000000000, 0.000000000000000000, 0.000000000000000000 ) ) ;
#1580 = DIRECTION ( 'NONE',  ( -0.000000000000000000, 1.000000000000000000, -0.000000000000000000 ) ) ;
#1581 = LINE ( 'NONE', #4272, #3177 ) ;
#1582 = CARTESIAN_POINT ( 'NONE',  ( -3.115384615384614531, 18.10000000000000142, -1.000000000000000000 ) ) ;
#1583 = PLANE ( 'NONE',  #738 ) ;
#1584 = CARTESIAN_POINT ( 'NONE',  ( 4.850079925740796938, 18.09999999999999432, -1.580671772003720443 ) ) ;
#1585 = CARTESIAN_POINT ( 'NONE',  ( 3.578481221751953267, 18.10000000000000497, -3.357958215618551012 ) ) ;
#1586 = LINE ( 'NONE', #2810, #3744 ) ;
#1587 = EDGE_CURVE ( 'NONE', #3621, #2813, #3440, .T. ) ;
#1588 = VERTEX_POINT ( 'NONE', #3792 ) ;
#1589 = CARTESIAN_POINT ( 'NONE',  ( -2.007692307692306777, 18.19999999999999929, -2.700480769230769074 ) ) ;
#1590 = ORIENTED_EDGE ( 'NONE', *, *, #3891, .F. ) ;
#1591 = ORIENTED_EDGE ( 'NONE', *, *, #652, .F. ) ;
#1592 = DIRECTION ( 'NONE',  ( 0.000000000000000000, 0.000000000000000000, 1.000000000000000000 ) ) ;
#1593 = ORIENTED_EDGE ( 'NONE', *, *, #2335, .T. ) ;
#1594 = CARTESIAN_POINT ( 'NONE',  ( 2.887267376318038981, 18.19999999999998863, -3.268293121383929467 ) ) ;
#1595 = PLANE ( 'NONE',  #1313 ) ;
#1596 = CARTESIAN_POINT ( 'NONE',  ( 4.762276479739213642, 18.10000000000000497, -1.023890784411019661 ) ) ;
#1597 = CARTESIAN_POINT ( 'NONE',  ( 1.282972807564151330, 18.19999999999999574, -2.716401017527266593 ) ) ;
#1598 = LINE ( 'NONE', #428, #2842 ) ;
#1599 = CARTESIAN_POINT ( 'NONE',  ( 3.924782351644866107, 18.20000000000000284, -1.319641031038868872 ) ) ;
#1600 = EDGE_CURVE ( 'NONE', #9, #3506, #1012, .T. ) ;
#1601 = ORIENTED_EDGE ( 'NONE', *, *, #3616, .T. ) ;
#1602 = EDGE_CURVE ( 'NONE', #1716, #167, #5006, .T. ) ;
#1603 = EDGE_LOOP ( 'NONE', ( #2455, #1257, #1554, #3617 ) ) ;
#1604 = FACE_OUTER_BOUND ( 'NONE', #1986, .T. ) ;
#1605 = LINE ( 'NONE', #774, #4717 ) ;
#1606 = SURFACE_SIDE_STYLE ('',( #4555 ) ) ;
#1607 = CARTESIAN_POINT ( 'NONE',  ( 5.175480769230769162, 18.19999999999999929, -1.652403846153845945 ) ) ;
#1608 = ADVANCED_FACE ( 'NONE', ( #4930 ), #2449, .T. ) ;
#1609 = CARTESIAN_POINT ( 'NONE',  ( 4.779444433441320861, 18.09999999999999787, -1.227759138775727399 ) ) ;
#1610 = ORIENTED_EDGE ( 'NONE', *, *, #3153, .F. ) ;
#1611 = CARTESIAN_POINT ( 'NONE',  ( 0.9153846153846165734, 18.20000000000000284, -2.516346153846154010 ) ) ;
#1612 = DIRECTION ( 'NONE',  ( 1.000000000000000000, 0.000000000000000000, 0.000000000000000000 ) ) ;
#1613 = DIRECTION ( 'NONE',  ( 0.000000000000000000, 0.000000000000000000, -1.000000000000000000 ) ) ;
#1614 = ORIENTED_EDGE ( 'NONE', *, *, #3629, .F. ) ;
#1615 = ORIENTED_EDGE ( 'NONE', *, *, #1419, .F. ) ;
#1616 = LINE ( 'NONE', #1175, #459 ) ;
#1617 = VECTOR ( 'NONE', #914, 1000.000000000000000 ) ;
#1618 = ORIENTED_EDGE ( 'NONE', *, *, #3953, .F. ) ;
#1619 = DIRECTION ( 'NONE',  ( -1.000000000000000000, 0.000000000000000000, 0.000000000000000000 ) ) ;
#1620 = VECTOR ( 'NONE', #2412, 1000.000000000000000 ) ;
#1621 = CARTESIAN_POINT ( 'NONE',  ( -1.423076923076922684, 18.10000000000000142, -3.399999999999999911 ) ) ;
#1622 = VERTEX_POINT ( 'NONE', #3990 ) ;
#1623 = AXIS2_PLACEMENT_3D ( 'NONE', #5101, #736, #2312 ) ;
#1624 = CARTESIAN_POINT ( 'NONE',  ( -5.131538511526962054, 18.20000000000000639, -1.469128801907442217 ) ) ;
#1625 = DIRECTION ( 'NONE',  ( -0.2990981086500767439, 0.000000000000000000, -0.9542223647567409373 ) ) ;
#1626 = DIRECTION ( 'NONE',  ( 0.000000000000000000, 0.000000000000000000, -1.000000000000000000 ) ) ;
#1627 = DIRECTION ( 'NONE',  ( 0.000000000000000000, 1.000000000000000000, 0.000000000000000000 ) ) ;
#1628 = CIRCLE ( 'NONE', #3596, 0.5000000000000004441 ) ;
#1629 = ORIENTED_EDGE ( 'NONE', *, *, #2514, .T. ) ;
#1630 = CARTESIAN_POINT ( 'NONE',  ( 4.084299577736445030, 18.10000000000000142, -2.149516746834950975 ) ) ;
#1631 = EDGE_CURVE ( 'NONE', #1262, #254, #1936, .T. ) ;
#1632 = DIRECTION ( 'NONE',  ( -0.000000000000000000, 0.000000000000000000, -1.000000000000000000 ) ) ;
#1633 = CARTESIAN_POINT ( 'NONE',  ( -6.253846153846152944, 18.10000000000000142, -3.399999999999999911 ) ) ;
#1634 = CARTESIAN_POINT ( 'NONE',  ( 5.661406585558171223, 18.19999999999999929, -2.751483101055975045 ) ) ;
#1635 = PLANE ( 'NONE',  #2214 ) ;
#1636 = CARTESIAN_POINT ( 'NONE',  ( 8.060844925480052936, 18.19999999999999574, -2.817595486909846514 ) ) ;
#1637 = ORIENTED_EDGE ( 'NONE', *, *, #2180, .F. ) ;
#1638 = CARTESIAN_POINT ( 'NONE',  ( 0.9377698548392356948, 18.20000000000000284, -2.525554182939440562 ) ) ;
#1639 = CARTESIAN_POINT ( 'NONE',  ( -2.247094459223405671, 18.19999999999999929, -3.095451486059088264 ) ) ;
#1640 = EDGE_CURVE ( 'NONE', #4794, #2324, #2398, .T. ) ;
#1641 = ORIENTED_EDGE ( 'NONE', *, *, #286, .T. ) ;
#1642 = DIRECTION ( 'NONE',  ( 0.000000000000000000, 0.000000000000000000, 1.000000000000000000 ) ) ;
#1643 = VERTEX_POINT ( 'NONE', #2426 ) ;
#1644 = VERTEX_POINT ( 'NONE', #1186 ) ;
#1645 = CARTESIAN_POINT ( 'NONE',  ( 3.331277114617992030, 18.19999999999999929, -1.246760579290438153 ) ) ;
#1646 = EDGE_LOOP ( 'NONE', ( #1076, #3438, #4299, #391, #584, #1527, #597 ) ) ;
#1647 = CARTESIAN_POINT ( 'NONE',  ( 0.9538335774773315512, 18.20000000000000284, -2.819801292454274133 ) ) ;
#1648 = CIRCLE ( 'NONE', #1488, 0.5000000000000004441 ) ;
#1649 = EDGE_CURVE ( 'NONE', #1249, #1098, #1605, .T. ) ;
#1650 = CARTESIAN_POINT ( 'NONE',  ( 2.547071005808292821, 18.10000000000000142, -2.285127785442878867 ) ) ;
#1651 = EDGE_CURVE ( 'NONE', #1195, #1912, #1244, .T. ) ;
#1652 = ORIENTED_EDGE ( 'NONE', *, *, #3644, .T. ) ;
#1653 = CARTESIAN_POINT ( 'NONE',  ( 3.971827724574696017, 18.20000000000000639, -2.937995849593503905 ) ) ;
#1654 = DIRECTION ( 'NONE',  ( 1.000000000000000000, 0.000000000000000000, 0.000000000000000000 ) ) ;
#1655 = EDGE_CURVE ( 'NONE', #786, #4579, #2777, .T. ) ;
#1656 = CARTESIAN_POINT ( 'NONE',  ( 3.649711190051189380, 18.19999999999999574, -2.936315729415142961 ) ) ;
#1657 = SURFACE_STYLE_FILL_AREA ( #65 ) ;
#1658 = ORIENTED_EDGE ( 'NONE', *, *, #2210, .F. ) ;
#1659 = B_SPLINE_CURVE_WITH_KNOTS ( 'NONE', 3,
 ( #4328, #1645, #866, #2440, #2961, #2934, #4924, #1083, #4947, #4143, #4548, #1856, #1424, #2982, #3389, #2553, #1030, #2596, #4501 ),
 .UNSPECIFIED., .F., .F.,
 ( 4, 1, 1, 1, 1, 1, 1, 1, 1, 1, 1, 1, 1, 1, 1, 1, 4 ),
 ( 0.000000000000000000, 0.04078184587225926888, 0.08086958872158687972, 0.1202681657882676697, 0.1601868504553524697, 0.2004597376386390017, 0.2422651778979079684, 0.2864592615494681027, 0.3329520837492635499, 0.3844305340495305368, 0.4433891253601054405, 0.5116814722136834304, 0.5890200255490082304, 0.6762451906507720434, 0.7737051914728236834, 0.8815677677819826474, 1.000000000000000000 ),
 .UNSPECIFIED. ) ;
#1660 = ORIENTED_EDGE ( 'NONE', *, *, #2541, .F. ) ;
#1661 = CARTESIAN_POINT ( 'NONE',  ( 4.084615384615384315, 18.19999999999999929, -2.183653846153846168 ) ) ;
#1662 = CARTESIAN_POINT ( 'NONE',  ( 3.776923076923077272, 18.10000000000000497, -2.184615384615385292 ) ) ;
#1663 = PLANE ( 'NONE',  #1861 ) ;
#1664 = CARTESIAN_POINT ( 'NONE',  ( 8.150000000000078515, -3.000000000000000000, -3.600000000000000977 ) ) ;
#1665 = DIRECTION ( 'NONE',  ( -0.000000000000000000, 1.000000000000000000, -0.000000000000000000 ) ) ;
#1666 = LINE ( 'NONE', #2507, #3123 ) ;
#1667 = CARTESIAN_POINT ( 'NONE',  ( 1.469230769230769562, 18.19999999999999929, -2.870192307692307487 ) ) ;
#1668 = DIRECTION ( 'NONE',  ( 1.000000000000000000, 0.000000000000000000, 0.000000000000000000 ) ) ;
#1669 = VERTEX_POINT ( 'NONE', #2803 ) ;
#1670 = DIRECTION ( 'NONE',  ( 0.000000000000000000, 0.000000000000000000, 1.000000000000000000 ) ) ;
#1671 = ORIENTED_EDGE ( 'NONE', *, *, #2647, .F. ) ;
#1672 = ORIENTED_EDGE ( 'NONE', *, *, #1946, .T. ) ;
#1673 = DIRECTION ( 'NONE',  ( -0.000000000000000000, 1.000000000000000000, -0.000000000000000000 ) ) ;
#1674 = EDGE_LOOP ( 'NONE', ( #1332, #4102, #943, #3933, #511, #904, #1218, #2042, #2346, #3662, #263, #3495, #2513, #4874, #439 ) ) ;
#1675 = CARTESIAN_POINT ( 'NONE',  ( 2.771938851578563234, 18.09999999999999787, -3.149975448221549623 ) ) ;
#1676 = B_SPLINE_SURFACE_WITH_KNOTS ( 'NONE', 3, 1, ( 
 ( #3113, #4335 ),
 ( #1910, #3482 ),
 ( #750, #4674 ),
 ( #1159, #2723 ),
 ( #4288, #378 ),
 ( #769, #3137 ),
 ( #3904, #1958 ),
 ( #2743, #4310 ),
 ( #1984, #3552 ),
 ( #571, #2855 ),
 ( #1683, #2147 ) ),
 .UNSPECIFIED., .F., .F., .F.,
 ( 4, 1, 1, 1, 1, 1, 1, 1, 4 ),
 ( 2, 2 ),
 ( 0.000000000000000000, 0.09742066817721473093, 0.2008855880393206617, 0.3111719701726506360, 0.4297979458253731733, 0.5577399263645876903, 0.6947152693641586163, 0.8421299102060552100, 1.000000000000000000 ),
 ( 0.000000000000000000, 1.000000000000000000 ),
 .UNSPECIFIED. ) ;
#1677 = DIRECTION ( 'NONE',  ( 0.000000000000000000, 0.000000000000000000, -1.000000000000000000 ) ) ;
#1678 = CARTESIAN_POINT ( 'NONE',  ( 2.887267376318038981, 18.10000000000000142, -3.268293121383929467 ) ) ;
#1679 = ORIENTED_EDGE ( 'NONE', *, *, #1719, .F. ) ;
#1680 = CARTESIAN_POINT ( 'NONE',  ( 3.656654829903065007, 18.10000000000000142, -3.324452503712089779 ) ) ;
#1681 = CARTESIAN_POINT ( 'NONE',  ( -2.526120973181955165, 18.10000000000000497, -3.122962130190579000 ) ) ;
#1682 = DIRECTION ( 'NONE',  ( 0.000000000000000000, -0.000000000000000000, -1.000000000000000000 ) ) ;
#1683 = CARTESIAN_POINT ( 'NONE',  ( 2.546153846153847322, 18.10000000000000142, -2.183653846153846168 ) ) ;
#1684 = ORIENTED_EDGE ( 'NONE', *, *, #1173, .F. ) ;
#1685 = VERTEX_POINT ( 'NONE', #4703 ) ;
#1686 = CARTESIAN_POINT ( 'NONE',  ( 3.776631697688827671, 18.10000000000000142, -2.229815862473450760 ) ) ;
#1687 = CARTESIAN_POINT ( 'NONE',  ( 3.315384615384616041, 18.19999999999999574, -1.246153846153845945 ) ) ;
#1688 = CARTESIAN_POINT ( 'NONE',  ( 5.082772176456523461, 18.19999999999999929, -1.171775364036994782 ) ) ;
#1689 = CARTESIAN_POINT ( 'NONE',  ( -1.669230769230768407, 18.19999999999999929, -2.710096153846154099 ) ) ;
#1690 = CARTESIAN_POINT ( 'NONE',  ( -9.000000000000000000, 17.69999999999999929, -5.000000000000000000 ) ) ;
#1691 = CARTESIAN_POINT ( 'NONE',  ( 2.634230814226842021, 18.09999999999999787, -1.487166288545491488 ) ) ;
#1692 = CARTESIAN_POINT ( 'NONE',  ( -4.988580291537190625, 18.10000000000000142, -1.724345899647210079 ) ) ;
#1693 = ORIENTED_EDGE ( 'NONE', *, *, #4146, .F. ) ;
#1694 = VERTEX_POINT ( 'NONE', #5049 ) ;
#1695 = CARTESIAN_POINT ( 'NONE',  ( 3.776923076923076827, 18.10000000000000142, -2.184615384615384848 ) ) ;
#1696 = LINE ( 'NONE', #1412, #120 ) ;
#1697 = CARTESIAN_POINT ( 'NONE',  ( 3.267965732233285792, 18.10000000000000853, -1.247925018653117890 ) ) ;
#1698 = EDGE_CURVE ( 'NONE', #3947, #4290, #3937, .T. ) ;
#1699 = CARTESIAN_POINT ( 'NONE',  ( 2.567227070093883068, 18.09999999999999787, -2.565073035737151397 ) ) ;
#1700 = COLOUR_RGB ( '',0.9254901960784314152, 0.9254901960784314152, 0.9254901960784314152 ) ;
#1701 = ORIENTED_EDGE ( 'NONE', *, *, #1161, .F. ) ;
#1702 = CARTESIAN_POINT ( 'NONE',  ( -5.208173076923075406, 18.19999999999999929, -1.715865384615384626 ) ) ;
#1703 = CIRCLE ( 'NONE', #4564, 0.3999999999999993006 ) ;
#1704 = CARTESIAN_POINT ( 'NONE',  ( -2.495187155050770933, 18.09999999999999787, -3.122742753908001934 ) ) ;
#1705 = EDGE_CURVE ( 'NONE', #2675, #3054, #4767, .T. ) ;
#1706 = EDGE_LOOP ( 'NONE', ( #4971, #5086, #1817, #4824 ) ) ;
#1707 = VECTOR ( 'NONE', #3739, 1000.000000000000000 ) ;
#1708 = ORIENTED_EDGE ( 'NONE', *, *, #3769, .F. ) ;
#1709 = CARTESIAN_POINT ( 'NONE',  ( 3.706577419070720580, 18.10000000000000853, -2.817601877973650470 ) ) ;
#1710 = DIRECTION ( 'NONE',  ( -0.000000000000000000, 1.000000000000000000, -0.000000000000000000 ) ) ;
#1711 = CARTESIAN_POINT ( 'NONE',  ( 5.069230769230770761, 18.19999999999999929, -1.000000000000000000 ) ) ;
#1712 = DIRECTION ( 'NONE',  ( 1.000000000000000000, 0.000000000000000000, 0.000000000000000000 ) ) ;
#1713 = EDGE_CURVE ( 'NONE', #2493, #2677, #3250, .T. ) ;
#1714 = CARTESIAN_POINT ( 'NONE',  ( 2.992788461538461675, 18.10000000000000142, -2.958653846153846079 ) ) ;
#1715 = CIRCLE ( 'NONE', #2295, 0.5000000000000004441 ) ;
#1716 = VERTEX_POINT ( 'NONE', #4655 ) ;
#1717 = CARTESIAN_POINT ( 'NONE',  ( -5.099999999999998757, 18.10000000000000142, -1.363461538461538503 ) ) ;
#1718 = CARTESIAN_POINT ( 'NONE',  ( 8.150000000000078515, -3.000000000000000000, -3.200000000000001510 ) ) ;
#1719 = EDGE_CURVE ( 'NONE', #4403, #949, #3200, .T. ) ;
#1720 = CARTESIAN_POINT ( 'NONE',  ( -1.989599004141098471, 18.10000000000000142, -3.305804669290711928 ) ) ;
#1721 = DIRECTION ( 'NONE',  ( -0.000000000000000000, 1.000000000000000000, -0.000000000000000000 ) ) ;
#1722 = VERTEX_POINT ( 'NONE', #4271 ) ;
#1723 = VERTEX_POINT ( 'NONE', #3911 ) ;
#1724 = EDGE_LOOP ( 'NONE', ( #1277, #1764, #2117, #4001 ) ) ;
#1725 = CARTESIAN_POINT ( 'NONE',  ( 3.552072828709938790, 18.19999999999998863, -1.001292606048663991 ) ) ;
#1726 = DIRECTION ( 'NONE',  ( 0.000000000000000000, 0.000000000000000000, 1.000000000000000000 ) ) ;
#1727 = LINE ( 'NONE', #2517, #1967 ) ;
#1728 = CARTESIAN_POINT ( 'NONE',  ( 2.546463846221115546, 18.10000000000000142, -2.217952049147305260 ) ) ;
#1729 = VECTOR ( 'NONE', #2430, 1000.000000000000000 ) ;
#1730 = ORIENTED_EDGE ( 'NONE', *, *, #3380, .T. ) ;
#1731 = CARTESIAN_POINT ( 'NONE',  ( 4.081712194732590504, 18.10000000000000142, -2.350367483978744065 ) ) ;
#1732 = CARTESIAN_POINT ( 'NONE',  ( -5.173915909796185097, 18.19999999999999574, -1.606609021216112598 ) ) ;
#1733 = ORIENTED_EDGE ( 'NONE', *, *, #2756, .T. ) ;
#1734 = ORIENTED_EDGE ( 'NONE', *, *, #1498, .T. ) ;
#1735 = CARTESIAN_POINT ( 'NONE',  ( 3.728377636870738421, 18.19999999999999574, -2.740848760997148137 ) ) ;
#1736 = VECTOR ( 'NONE', #4849, 1000.000000000000000 ) ;
#1737 = CARTESIAN_POINT ( 'NONE',  ( 3.056396222752959524, 18.19999999999999574, -1.347073402194445491 ) ) ;
#1738 = CARTESIAN_POINT ( 'NONE',  ( 5.175480769230769162, 18.10000000000000142, -1.652403846153845945 ) ) ;
#1739 = CARTESIAN_POINT ( 'NONE',  ( -1.870614675696654183, 18.19999999999999929, -3.221781701917301177 ) ) ;
#1740 = CARTESIAN_POINT ( 'NONE',  ( 2.992788461538461675, 18.19999999999999929, -2.958653846153846079 ) ) ;
#1741 = ORIENTED_EDGE ( 'NONE', *, *, #23, .F. ) ;
#1742 = CARTESIAN_POINT ( 'NONE',  ( -7.062297504795813197, 18.19999999999999574, -3.103493563119797738 ) ) ;
#1743 = CARTESIAN_POINT ( 'NONE',  ( -3.946153846153845013, 18.10000000000000142, -3.399999999999999911 ) ) ;
#1744 = CARTESIAN_POINT ( 'NONE',  ( 8.150000000000002132, 0.000000000000000000, 3.199999999999999734 ) ) ;
#1745 = ORIENTED_EDGE ( 'NONE', *, *, #793, .T. ) ;
#1746 = ORIENTED_EDGE ( 'NONE', *, *, #4631, .F. ) ;
#1747 = CARTESIAN_POINT ( 'NONE',  ( -0.3153846153846149303, 18.10000000000000142, -3.123076923076922640 ) ) ;
#1748 = ORIENTED_EDGE ( 'NONE', *, *, #4595, .F. ) ;
#1749 = EDGE_CURVE ( 'NONE', #1976, #260, #383, .T. ) ;
#1750 = DIRECTION ( 'NONE',  ( 0.000000000000000000, -1.000000000000000000, 0.000000000000000000 ) ) ;
#1751 = PLANE ( 'NONE',  #2610 ) ;
#1752 = ORIENTED_EDGE ( 'NONE', *, *, #739, .F. ) ;
#1753 = DIRECTION ( 'NONE',  ( -0.000000000000000000, -1.000000000000000000, -0.000000000000000000 ) ) ;
#1754 = CARTESIAN_POINT ( 'NONE',  ( 4.392307692307691802, 18.10000000000000142, -3.061538461538461320 ) ) ;
#1755 = FACE_OUTER_BOUND ( 'NONE', #1985, .T. ) ;
#1756 = CARTESIAN_POINT ( 'NONE',  ( 3.541059518722352362, 18.19999999999999574, -3.051080081795100707 ) ) ;
#1757 = CARTESIAN_POINT ( 'NONE',  ( 2.853846153846154809, 18.19999999999999574, -2.184615384615384848 ) ) ;
#1758 = CARTESIAN_POINT ( 'NONE',  ( 3.080314777368763579, 18.20000000000000639, -1.000512782942171164 ) ) ;
#1759 = ADVANCED_FACE ( 'NONE', ( #3143 ), #1211, .T. ) ;
#1760 = CARTESIAN_POINT ( 'NONE',  ( 2.602093797227662542, 18.20000000000000284, -1.605179932673136634 ) ) ;
#1761 = EDGE_CURVE ( 'NONE', #348, #4797, #4020, .T. ) ;
#1762 = CARTESIAN_POINT ( 'NONE',  ( -3.946153846153845013, 18.10000000000000142, -3.399999999999999911 ) ) ;
#1763 = CARTESIAN_POINT ( 'NONE',  ( 3.095161304938500280, 18.10000000000000497, -3.059130065727567072 ) ) ;
#1764 = ORIENTED_EDGE ( 'NONE', *, *, #350, .F. ) ;
#1765 = CARTESIAN_POINT ( 'NONE',  ( -7.143750878813161620, 18.20000000000000639, -2.996878775038471332 ) ) ;
#1766 = FACE_OUTER_BOUND ( 'NONE', #1138, .T. ) ;
#1767 = CARTESIAN_POINT ( 'NONE',  ( 3.057921456361752721, 18.10000000000000497, -3.031181415347780295 ) ) ;
#1768 = EDGE_CURVE ( 'NONE', #1023, #2946, #3683, .T. ) ;
#1769 = ORIENTED_EDGE ( 'NONE', *, *, #1795, .T. ) ;
#1770 = CARTESIAN_POINT ( 'NONE',  ( -9.000000000000000000, 17.69999999999999929, -4.500000000000000888 ) ) ;
#1771 = CARTESIAN_POINT ( 'NONE',  ( -2.053796760088443474, 18.10000000000000142, -2.475956467210549405 ) ) ;
#1772 = CARTESIAN_POINT ( 'NONE',  ( 9.000000000000000000, 0.000000000000000000, -4.500000000000000888 ) ) ;
#1773 = CARTESIAN_POINT ( 'NONE',  ( 3.645932334544622400, 18.09999999999999787, -1.426778977376649715 ) ) ;
#1774 = EDGE_LOOP ( 'NONE', ( #2020, #1577, #22, #1746 ) ) ;
#1775 = CARTESIAN_POINT ( 'NONE',  ( 3.315384615384616041, 18.10000000000000142, -0.9692307692307692291 ) ) ;
#1776 = CARTESIAN_POINT ( 'NONE',  ( 2.578849745660951154, 18.19999999999999574, -2.648556222682773686 ) ) ;
#1777 = CARTESIAN_POINT ( 'NONE',  ( -5.000924130847671734, 18.09999999999999787, -1.684873467603890340 ) ) ;
#1778 = COLOUR_RGB ( '',0.9254901960784314152, 0.9254901960784314152, 0.9254901960784314152 ) ;
#1779 = ORIENTED_EDGE ( 'NONE', *, *, #1866, .F. ) ;
#1780 = VECTOR ( 'NONE', #1475, 1000.000000000000000 ) ;
#1781 = DIRECTION ( 'NONE',  ( 1.000000000000000000, 0.000000000000000000, 0.000000000000000000 ) ) ;
#1782 = CARTESIAN_POINT ( 'NONE',  ( 8.115384615384616751, 18.19999999999999929, -2.870192307692307487 ) ) ;
#1783 = CARTESIAN_POINT ( 'NONE',  ( 4.020212307803342711, 18.19999999999999929, -1.569358161645650007 ) ) ;
#1784 = FILL_AREA_STYLE_COLOUR ( '', #645 ) ;
#1785 = VECTOR ( 'NONE', #2314, 1000.000000000000000 ) ;
#1786 = LINE ( 'NONE', #1060, #4919 ) ;
#1787 = FACE_OUTER_BOUND ( 'NONE', #2746, .T. ) ;
#1788 = ORIENTED_EDGE ( 'NONE', *, *, #587, .T. ) ;
#1789 = CARTESIAN_POINT ( 'NONE',  ( -7.256730769230768097, 18.19999999999999929, -2.847596153846153832 ) ) ;
#1790 = MECHANICAL_DESIGN_GEOMETRIC_PRESENTATION_REPRESENTATION (  '', ( #3918 ), #2935 ) ;
#1791 = DIRECTION ( 'NONE',  ( -1.000000000000000000, 0.000000000000000000, 0.000000000000000000 ) ) ;
#1792 = LINE ( 'NONE', #3868, #2543 ) ;
#1793 = CARTESIAN_POINT ( 'NONE',  ( -2.393740184159390605, 18.10000000000000142, -3.395756059434754004 ) ) ;
#1794 = AXIS2_PLACEMENT_3D ( 'NONE', #2401, #2014, #5051 ) ;
#1795 = EDGE_CURVE ( 'NONE', #615, #477, #4097, .T. ) ;
#1796 = CARTESIAN_POINT ( 'NONE',  ( -2.008031671781591143, 18.10000000000000142, -2.683633387421933580 ) ) ;
#1797 = CARTESIAN_POINT ( 'NONE',  ( -5.208173076923075406, 18.10000000000000142, -1.715865384615384626 ) ) ;
#1798 = CARTESIAN_POINT ( 'NONE',  ( 3.499599533645422866, 18.20000000000000639, -3.077129742952577462 ) ) ;
#1799 = CARTESIAN_POINT ( 'NONE',  ( 3.604338780524171337, 18.10000000000000142, -1.020448135813776913 ) ) ;
#1800 = CARTESIAN_POINT ( 'NONE',  ( 3.677846659479863334, 18.20000000000000639, -1.479246294470069056 ) ) ;
#1801 = ORIENTED_EDGE ( 'NONE', *, *, #631, .F. ) ;
#1802 = CARTESIAN_POINT ( 'NONE',  ( 3.378026126061575596, 18.10000000000000142, -0.9701851148018759696 ) ) ;
#1803 = CARTESIAN_POINT ( 'NONE',  ( 2.653767371758310567, 18.20000000000000639, -2.934418779485471696 ) ) ;
#1804 = ADVANCED_FACE ( 'NONE', ( #2124 ), #2504, .F. ) ;
#1805 = CARTESIAN_POINT ( 'NONE',  ( -3.115384615384614531, 18.10000000000000142, -1.000000000000000000 ) ) ;
#1806 = ORIENTED_EDGE ( 'NONE', *, *, #1505, .F. ) ;
#1807 = CARTESIAN_POINT ( 'NONE',  ( -1.423076923076922684, 18.10000000000000142, -3.123076923076922640 ) ) ;
#1808 = ADVANCED_FACE ( 'NONE', ( #574 ), #1370, .T. ) ;
#1809 = DIRECTION ( 'NONE',  ( -0.000000000000000000, 0.000000000000000000, 1.000000000000000000 ) ) ;
#1810 = CARTESIAN_POINT ( 'NONE',  ( 3.010372383461216828, 18.19999999999999574, -1.025268848514442777 ) ) ;
#1811 = CARTESIAN_POINT ( 'NONE',  ( 5.073795995318959307, 18.10000000000000142, -1.057910773979111152 ) ) ;
#1812 = LINE ( 'NONE', #4926, #53 ) ;
#1813 = ORIENTED_EDGE ( 'NONE', *, *, #1390, .F. ) ;
#1814 = CARTESIAN_POINT ( 'NONE',  ( 1.469230769230769562, 18.10000000000000142, -1.000000000000000000 ) ) ;
#1815 = EDGE_CURVE ( 'NONE', #4638, #3506, #4452, .T. ) ;
#1816 = VECTOR ( 'NONE', #780, 1000.000000000000000 ) ;
#1817 = ORIENTED_EDGE ( 'NONE', *, *, #2784, .T. ) ;
#1818 = CARTESIAN_POINT ( 'NONE',  ( -1.854527437778240140, 18.10000000000000142, -2.193958739501279620 ) ) ;
#1819 = FILL_AREA_STYLE_COLOUR ( '', #1700 ) ;
#1820 = CARTESIAN_POINT ( 'NONE',  ( 3.700957213380151156, 18.10000000000000497, -1.069897500955802716 ) ) ;
#1821 = LINE ( 'NONE', #1867, #4995 ) ;
#1822 = EDGE_LOOP ( 'NONE', ( #2601, #4267, #3973, #3516 ) ) ;
#1823 = CARTESIAN_POINT ( 'NONE',  ( 2.853846153846154809, 18.10000000000000142, -2.184615384615384848 ) ) ;
#1824 = CARTESIAN_POINT ( 'NONE',  ( -5.089519591096690831, 18.19999999999999929, -1.399067308160131473 ) ) ;
#1825 = ADVANCED_FACE ( 'NONE', ( #3633 ), #4473, .T. ) ;
#1826 = FACE_OUTER_BOUND ( 'NONE', #149, .T. ) ;
#1827 = ORIENTED_EDGE ( 'NONE', *, *, #1600, .T. ) ;
#1828 = CARTESIAN_POINT ( 'NONE',  ( -3.946153846153845013, 18.19999999999999929, -3.399999999999999911 ) ) ;
#1829 = CARTESIAN_POINT ( 'NONE',  ( -2.291880202924505117, 18.20000000000000284, -2.289368416125960426 ) ) ;
#1830 = CARTESIAN_POINT ( 'NONE',  ( -5.035602071132847080, 18.10000000000000142, -1.574317143404572850 ) ) ;
#1831 = VECTOR ( 'NONE', #2833, 1000.000000000000000 ) ;
#1832 = ORIENTED_EDGE ( 'NONE', *, *, #2262, .F. ) ;
#1833 = FACE_OUTER_BOUND ( 'NONE', #3696, .T. ) ;
#1834 = DIRECTION ( 'NONE',  ( 1.000000000000000000, 0.000000000000000000, 0.000000000000000000 ) ) ;
#1835 = CARTESIAN_POINT ( 'NONE',  ( 3.233516542726175835, 18.10000000000000142, -0.9715660603322926470 ) ) ;
#1836 = LINE ( 'NONE', #3834, #4009 ) ;
#1837 = SURFACE_STYLE_FILL_AREA ( #4240 ) ;
#1838 = VERTEX_POINT ( 'NONE', #2904 ) ;
#1839 = LINE ( 'NONE', #3041, #1409 ) ;
#1840 = ORIENTED_EDGE ( 'NONE', *, *, #3634, .T. ) ;
#1841 = CARTESIAN_POINT ( 'NONE',  ( -2.305549364443250315, 18.10000000000000497, -1.995799602201253187 ) ) ;
#1842 = CARTESIAN_POINT ( 'NONE',  ( -1.854527437778240140, 18.19999999999999929, -2.193958739501279620 ) ) ;
#1843 = FACE_BOUND ( 'NONE', #6, .T. ) ;
#1844 = CARTESIAN_POINT ( 'NONE',  ( 1.578846153846154898, 18.10000000000000497, -3.400000000000000355 ) ) ;
#1845 = CARTESIAN_POINT ( 'NONE',  ( -2.450796115529890962, 18.19999999999999929, -3.121712823946392046 ) ) ;
#1846 = CARTESIAN_POINT ( 'NONE',  ( 7.782829691274330663, 18.09999999999999787, -2.926233763544645594 ) ) ;
#1847 = CARTESIAN_POINT ( 'NONE',  ( -1.685515336341891546, 18.10000000000000853, -2.879982669605474666 ) ) ;
#1848 = CARTESIAN_POINT ( 'NONE',  ( 1.236629402869538374, 18.19999999999999574, -2.999303879377632320 ) ) ;
#1849 = ORIENTED_EDGE ( 'NONE', *, *, #3308, .F. ) ;
#1850 = SURFACE_STYLE_USAGE ( .BOTH. , #3403 ) ;
#1851 = CARTESIAN_POINT ( 'NONE',  ( -5.915384615384613909, 18.10000000000000142, -3.030769230769230660 ) ) ;
#1852 = CARTESIAN_POINT ( 'NONE',  ( 1.776923076923077049, 18.19999999999999929, -1.000000000000000000 ) ) ;
#1854 = ADVANCED_FACE ( 'NONE', ( #3257 ), #97, .F. ) ;
#1853 = CARTESIAN_POINT ( 'NONE',  ( 3.453382160197727480, 18.10000000000000142, -1.270950198682140098 ) ) ;
#1855 = LINE ( 'NONE', #1104, #4084 ) ;
#1856 = CARTESIAN_POINT ( 'NONE',  ( 3.704321896306789430, 18.19999999999999574, -1.543906214156757661 ) ) ;
#1857 = CARTESIAN_POINT ( 'NONE',  ( -5.158509417751325543, 18.10000000000000142, -1.557095613131726619 ) ) ;
#1858 = APPLICATION_PROTOCOL_DEFINITION ( 'draft international standard', 'automotive_design', 1998, #595 ) ;
#1859 = ORIENTED_EDGE ( 'NONE', *, *, #4374, .F. ) ;
#1860 = ADVANCED_FACE ( 'NONE', ( #69 ), #424, .T. ) ;
#1861 = AXIS2_PLACEMENT_3D ( 'NONE', #3120, #3557, #5099 ) ;
#1862 = DIRECTION ( 'NONE',  ( 0.000000000000000000, 0.000000000000000000, 1.000000000000000000 ) ) ;
#1863 = CARTESIAN_POINT ( 'NONE',  ( -1.967300323701803189, 18.10000000000000853, -2.100546650581091690 ) ) ;
#1864 = LINE ( 'NONE', #336, #548 ) ;
#1865 = AXIS2_PLACEMENT_3D ( 'NONE', #2448, #1264, #520 ) ;
#1866 = EDGE_CURVE ( 'NONE', #1353, #3531, #3007, .T. ) ;
#1867 = CARTESIAN_POINT ( 'NONE',  ( -7.905288461538460432, 18.19999999999999929, -1.431249999999999911 ) ) ;
#1868 = EDGE_CURVE ( 'NONE', #3532, #5039, #626, .T. ) ;
#1869 = B_SPLINE_SURFACE_WITH_KNOTS ( 'NONE', 3, 1, ( 
 ( #4037, #2897 ),
 ( #3247, #2063 ),
 ( #2499, #818 ),
 ( #4806, #1285 ),
 ( #4417, #898 ),
 ( #2089, #3650 ),
 ( #3276, #542 ),
 ( #2115, #596 ),
 ( #3773, #3800 ),
 ( #1773, #4517 ),
 ( #1439, #1800 ),
 ( #4490, #996 ),
 ( #191, #2973 ),
 ( #2168, #4989 ),
 ( #4540, #2218 ),
 ( #2568, #1466 ),
 ( #566, #620 ),
 ( #3722, #1022 ),
 ( #166, #2241 ) ),
 .UNSPECIFIED., .F., .F., .F.,
 ( 4, 1, 1, 1, 1, 1, 1, 1, 1, 1, 1, 1, 1, 1, 1, 1, 4 ),
 ( 2, 2 ),
 ( 0.000000000000000000, 0.04078184587225926888, 0.08086958872158687972, 0.1202681657882676697, 0.1601868504553524697, 0.2004597376386390017, 0.2422651778979079684, 0.2864592615494681027, 0.3329520837492635499, 0.3844305340495305368, 0.4433891253601054405, 0.5116814722136834304, 0.5890200255490082304, 0.6762451906507720434, 0.7737051914728236834, 0.8815677677819826474, 1.000000000000000000 ),
 ( 0.000000000000000000, 1.000000000000000000 ),
 .UNSPECIFIED. ) ;
#1870 = SURFACE_STYLE_FILL_AREA ( #3418 ) ;
#1871 = CIRCLE ( 'NONE', #1623, 0.4000000000000006328 ) ;
#1872 = EDGE_CURVE ( 'NONE', #1049, #4269, #678, .T. ) ;
#1873 = SURFACE_STYLE_USAGE ( .BOTH. , #3445 ) ;
#1874 = CARTESIAN_POINT ( 'NONE',  ( 8.225000000000001421, 18.19999999999999929, -3.399999999999999911 ) ) ;
#1875 = CARTESIAN_POINT ( 'NONE',  ( -1.870614675696654183, 18.10000000000000142, -3.221781701917301177 ) ) ;
#1876 = DIRECTION ( 'NONE',  ( -0.000000000000000000, 1.000000000000000000, -0.000000000000000000 ) ) ;
#1877 = ORIENTED_EDGE ( 'NONE', *, *, #5064, .F. ) ;
#1878 = ORIENTED_EDGE ( 'NONE', *, *, #1872, .T. ) ;
#1879 = DIRECTION ( 'NONE',  ( -0.000000000000000000, 1.000000000000000000, -0.000000000000000000 ) ) ;
#1880 = VECTOR ( 'NONE', #3328, 1000.000000000000000 ) ;
#1881 = CARTESIAN_POINT ( 'NONE',  ( -2.008031671781591143, 18.19999999999999929, -2.683633387421933580 ) ) ;
#1882 = DIRECTION ( 'NONE',  ( 0.000000000000000000, -1.000000000000000000, 0.000000000000000000 ) ) ;
#1883 = DIRECTION ( 'NONE',  ( 1.000000000000000000, 0.000000000000000000, 0.000000000000000000 ) ) ;
#1884 = ADVANCED_FACE ( 'NONE', ( #4571 ), #4546, .T. ) ;
#1885 = CARTESIAN_POINT ( 'NONE',  ( 5.623076923076923528, 18.10000000000000142, -3.061538461538461320 ) ) ;
#1886 = CARTESIAN_POINT ( 'NONE',  ( -2.216346153846153300, 18.10000000000000497, -3.377403846153846256 ) ) ;
#1887 = CARTESIAN_POINT ( 'NONE',  ( 5.069230769230770761, 18.10000000000000142, -1.000000000000000000 ) ) ;
#1888 = DIRECTION ( 'NONE',  ( 1.000000000000000000, 0.000000000000000000, 0.000000000000000000 ) ) ;
#1889 = ORIENTED_EDGE ( 'NONE', *, *, #1384, .T. ) ;
#1890 = VECTOR ( 'NONE', #3269, 1000.000000000000000 ) ;
#1891 = ORIENTED_EDGE ( 'NONE', *, *, #3856, .F. ) ;
#1892 = CARTESIAN_POINT ( 'NONE',  ( -9.000000000000000000, 17.69999999999999929, -4.500000000000000888 ) ) ;
#1893 = EDGE_LOOP ( 'NONE', ( #1679, #193, #1934, #3974, #4558, #3861, #1545, #1708 ) ) ;
#1894 = CARTESIAN_POINT ( 'NONE',  ( -2.023432240064720666, 18.09999999999999787, -2.557512764686789897 ) ) ;
#1895 = CARTESIAN_POINT ( 'NONE',  ( -3.115384615384614531, 18.10000000000000142, -1.984615384615384670 ) ) ;
#1896 = PLANE ( 'NONE',  #297 ) ;
#1897 = CARTESIAN_POINT ( 'NONE',  ( 2.855380985515227454, 18.10000000000000497, -2.316566826530490175 ) ) ;
#1898 = FACE_OUTER_BOUND ( 'NONE', #1124, .T. ) ;
#1899 = CARTESIAN_POINT ( 'NONE',  ( 8.124610084716920255, 18.19999999999999929, -3.239679382850802369 ) ) ;
#1900 = CARTESIAN_POINT ( 'NONE',  ( -1.707456510073958045, 18.20000000000000284, -2.960112347905065722 ) ) ;
#1901 = CARTESIAN_POINT ( 'NONE',  ( -9.000000000000000000, 17.69999999999999929, 4.500000000000000888 ) ) ;
#1902 = ORIENTED_EDGE ( 'NONE', *, *, #4631, .T. ) ;
#1903 = PLANE ( 'NONE',  #4153 ) ;
#1904 = AXIS2_PLACEMENT_3D ( 'NONE', #1184, #2397, #1579 ) ;
#1905 = CARTESIAN_POINT ( 'NONE',  ( 2.795851979522292030, 18.19999999999999929, -1.181903541130195245 ) ) ;
#1906 = DIRECTION ( 'NONE',  ( -0.000000000000000000, 1.000000000000000000, -0.000000000000000000 ) ) ;
#1907 = DIRECTION ( 'NONE',  ( -1.000000000000000000, 0.000000000000000000, 0.000000000000000000 ) ) ;
#1908 = CARTESIAN_POINT ( 'NONE',  ( 4.770505524654595320, 18.19999999999999929, -1.148514236008372214 ) ) ;
#1909 = EDGE_CURVE ( 'NONE', #2223, #3682, #4966, .T. ) ;
#1910 = CARTESIAN_POINT ( 'NONE',  ( 2.760306203006934744, 18.10000000000000142, -1.227918436977513572 ) ) ;
#1911 = ORIENTED_EDGE ( 'NONE', *, *, #4592, .T. ) ;
#1912 = VERTEX_POINT ( 'NONE', #4998 ) ;
#1913 = CARTESIAN_POINT ( 'NONE',  ( 4.080017485271135946, 18.10000000000000497, -1.985321155423562356 ) ) ;
#1914 = CARTESIAN_POINT ( 'NONE',  ( 0.4538461538461536215, 18.10000000000000142, -3.123076923076922640 ) ) ;
#1915 = DIRECTION ( 'NONE',  ( 1.000000000000000000, 0.000000000000000000, 0.000000000000000000 ) ) ;
#1916 = ADVANCED_FACE ( 'NONE', ( #3830 ), #3385, .T. ) ;
#1917 = CARTESIAN_POINT ( 'NONE',  ( 5.768049617164275666, 18.19999999999999929, -2.913287384086279630 ) ) ;
#1918 = CARTESIAN_POINT ( 'NONE',  ( 4.763794170705773823, 18.10000000000000497, -1.073020775578815922 ) ) ;
#1919 = LINE ( 'NONE', #4275, #2832 ) ;
#1920 = ADVANCED_FACE ( 'NONE', ( #1833 ), #1422, .T. ) ;
#1921 = LINE ( 'NONE', #4956, #1481 ) ;
#1922 = CARTESIAN_POINT ( 'NONE',  ( -2.188635936447937969, 18.20000000000000639, -3.372070952871049521 ) ) ;
#1923 = CARTESIAN_POINT ( 'NONE',  ( 8.150000000000078515, 0.000000000000000000, -3.200000000000001510 ) ) ;
#1924 = ORIENTED_EDGE ( 'NONE', *, *, #2306, .T. ) ;
#1925 = DIRECTION ( 'NONE',  ( 1.000000000000000000, 0.000000000000000000, 0.000000000000000000 ) ) ;
#1926 = CARTESIAN_POINT ( 'NONE',  ( -4.284615384615384492, 18.10000000000000142, -3.030769230769230660 ) ) ;
#1927 = PLANE ( 'NONE',  #141 ) ;
#1928 = EDGE_CURVE ( 'NONE', #4028, #4797, #2201, .T. ) ;
#1929 = EDGE_CURVE ( 'NONE', #4463, #1669, #228, .T. ) ;
#1930 = CARTESIAN_POINT ( 'NONE',  ( -5.158509417751325543, 18.10000000000000142, -1.557095613131726619 ) ) ;
#1931 = CARTESIAN_POINT ( 'NONE',  ( 7.599987423631177741, 18.10000000000000142, -2.819801292454274133 ) ) ;
#1932 = DIRECTION ( 'NONE',  ( 0.000000000000000000, 0.000000000000000000, -1.000000000000000000 ) ) ;
#1933 = DIRECTION ( 'NONE',  ( -1.000000000000000000, 0.000000000000000000, 0.000000000000000000 ) ) ;
#1934 = ORIENTED_EDGE ( 'NONE', *, *, #2391, .F. ) ;
#1935 = CARTESIAN_POINT ( 'NONE',  ( 4.000033776357088122, 18.10000000000000142, -1.500541616203622919 ) ) ;
#1936 = LINE ( 'NONE', #1914, #4883 ) ;
#1937 = CARTESIAN_POINT ( 'NONE',  ( -2.045738728102359349, 18.10000000000000497, -2.903315925913474871 ) ) ;
#1938 = MECHANICAL_DESIGN_GEOMETRIC_PRESENTATION_REPRESENTATION (  '', ( #4814 ), #4557 ) ;
#1939 = VECTOR ( 'NONE', #3641, 1000.000000000000000 ) ;
#1940 = CARTESIAN_POINT ( 'NONE',  ( 7.583923700993079997, 18.10000000000000142, -2.525554182939439674 ) ) ;
#1941 = CARTESIAN_POINT ( 'NONE',  ( 4.044465926960723046, 18.09999999999999787, -2.690956010443585456 ) ) ;
#1942 = VECTOR ( 'NONE', #2376, 1000.000000000000114 ) ;
#1943 = CARTESIAN_POINT ( 'NONE',  ( 8.124610084716920255, 18.10000000000000142, -3.239679382850802369 ) ) ;
#1944 = DIRECTION ( 'NONE',  ( -0.000000000000000000, 1.000000000000000000, -0.000000000000000000 ) ) ;
#1945 = AXIS2_PLACEMENT_3D ( 'NONE', #1517, #2687, #3026 ) ;
#1946 = EDGE_CURVE ( 'NONE', #1685, #2394, #3580, .T. ) ;
#1947 = ORIENTED_EDGE ( 'NONE', *, *, #3629, .T. ) ;
#1948 = CARTESIAN_POINT ( 'NONE',  ( 5.484604890145504008, 18.10000000000000142, -2.440926442479292469 ) ) ;
#1949 = CARTESIAN_POINT ( 'NONE',  ( 4.020212307803342711, 18.10000000000000142, -1.569358161645650007 ) ) ;
#1950 = CARTESIAN_POINT ( 'NONE',  ( 3.294376027792274453, 18.10000000000000142, -3.399672577889857994 ) ) ;
#1951 = B_SPLINE_SURFACE_WITH_KNOTS ( 'NONE', 3, 1, ( 
 ( #1738, #953 ),
 ( #1269, #4399 ),
 ( #2429, #2074 ),
 ( #3636, #3993 ),
 ( #3659, #1688 ),
 ( #3259, #4427 ),
 ( #1349, #1711 ) ),
 .UNSPECIFIED., .F., .F., .F.,
 ( 4, 1, 1, 1, 4 ),
 ( 2, 2 ),
 ( 0.000000000000000000, 0.2372165186042100860, 0.4825864912431352405, 0.7368469271779307661, 0.9999999999999998890 ),
 ( 0.000000000000000000, 1.000000000000000000 ),
 .UNSPECIFIED. ) ;
#1952 = STYLED_ITEM ( 'NONE', ( #4786 ), #4319 ) ;
#1953 = FACE_OUTER_BOUND ( 'NONE', #432, .T. ) ;
#1954 = VECTOR ( 'NONE', #280, 1000.000000000000114 ) ;
#1955 = CARTESIAN_POINT ( 'NONE',  ( 1.129908470754228400, 18.09999999999999787, -2.621307487327408481 ) ) ;
#1956 = CARTESIAN_POINT ( 'NONE',  ( 3.094746296037601763, 18.19999999999999574, -1.315953161850569320 ) ) ;
#1957 = CARTESIAN_POINT ( 'NONE',  ( 5.291455422122420593, 18.19999999999999929, -2.617492989218589639 ) ) ;
#1958 = CARTESIAN_POINT ( 'NONE',  ( 2.576922501824455480, 18.19999999999999929, -1.734067893245186065 ) ) ;
#1959 = EDGE_LOOP ( 'NONE', ( #1995, #3775, #2800, #2931, #4927 ) ) ;
#1960 = EDGE_CURVE ( 'NONE', #3961, #2359, #2275, .T. ) ;
#1961 = VERTEX_POINT ( 'NONE', #2300 ) ;
#1962 = CARTESIAN_POINT ( 'NONE',  ( 1.282972807564151330, 18.09999999999999787, -2.716401017527266593 ) ) ;
#1963 = CARTESIAN_POINT ( 'NONE',  ( 3.315384615384616041, 18.10000000000000142, -3.399999999999999911 ) ) ;
#1964 = CARTESIAN_POINT ( 'NONE',  ( 8.150000000000002132, -3.000000000000000000, 3.599999999999999201 ) ) ;
#1965 = LINE ( 'NONE', #3939, #4088 ) ;
#1966 = DIRECTION ( 'NONE',  ( 0.000000000000000000, 0.000000000000000000, -1.000000000000000000 ) ) ;
#1967 = VECTOR ( 'NONE', #4882, 1000.000000000000000 ) ;
#1968 = CARTESIAN_POINT ( 'NONE',  ( 4.792069883629102911, 18.19999999999999574, -1.310487776408184368 ) ) ;
#1969 = DIRECTION ( 'NONE',  ( 0.000000000000000000, 1.000000000000000000, 0.000000000000000000 ) ) ;
#1970 = LINE ( 'NONE', #888, #1453 ) ;
#1971 = ORIENTED_EDGE ( 'NONE', *, *, #1698, .T. ) ;
#1972 = CARTESIAN_POINT ( 'NONE',  ( -1.423076923076922684, 18.10000000000000142, -3.399999999999999911 ) ) ;
#1973 = VERTEX_POINT ( 'NONE', #4753 ) ;
#1974 = VERTEX_POINT ( 'NONE', #4695 ) ;
#1975 = CARTESIAN_POINT ( 'NONE',  ( 1.776923076923077049, 18.19999999999999929, -3.399999999999999911 ) ) ;
#1976 = VERTEX_POINT ( 'NONE', #2669 ) ;
#1977 = CARTESIAN_POINT ( 'NONE',  ( 3.253062904703640346, 18.10000000000000142, -3.399028706431161506 ) ) ;
#1978 = EDGE_CURVE ( 'NONE', #1723, #1555, #4720, .T. ) ;
#1979 = CARTESIAN_POINT ( 'NONE',  ( 5.564804083632930443, 18.10000000000000497, -2.996529776171388715 ) ) ;
#1980 = VECTOR ( 'NONE', #4551, 1000.000000000000000 ) ;
#1981 = CARTESIAN_POINT ( 'NONE',  ( 1.469230769230769562, 18.19999999999999929, -2.870192307692307487 ) ) ;
#1982 = DIRECTION ( 'NONE',  ( -0.000000000000000000, 1.000000000000000000, -0.000000000000000000 ) ) ;
#1983 = DIRECTION ( 'NONE',  ( 0.000000000000000000, 0.000000000000000000, 1.000000000000000000 ) ) ;
#1984 = CARTESIAN_POINT ( 'NONE',  ( 2.548454474610803100, 18.10000000000000142, -2.025164989444831143 ) ) ;
#1985 = EDGE_LOOP ( 'NONE', ( #4346, #1014, #3268, #2059 ) ) ;
#1986 = EDGE_LOOP ( 'NONE', ( #966, #4738, #54, #5026 ) ) ;
#1987 = LINE ( 'NONE', #3555, #4603 ) ;
#1988 = CARTESIAN_POINT ( 'NONE',  ( 0.9153846153846165734, 18.10000000000000142, -2.799999999999999822 ) ) ;
#1989 = DIRECTION ( 'NONE',  ( -0.000000000000000000, 1.000000000000000000, -0.000000000000000000 ) ) ;
#1990 = CARTESIAN_POINT ( 'NONE',  ( 3.315384615384616041, 18.10000000000000142, -0.9692307692307692291 ) ) ;
#1991 = CARTESIAN_POINT ( 'NONE',  ( 4.770505524654595320, 18.19999999999999574, -1.148514236008372214 ) ) ;
#1992 = ORIENTED_EDGE ( 'NONE', *, *, #2816, .T. ) ;
#1993 = CARTESIAN_POINT ( 'NONE',  ( 3.346206945881829764, 18.09999999999999787, -3.399093845297284311 ) ) ;
#1994 = CARTESIAN_POINT ( 'NONE',  ( 3.134944262634138390, 18.19999999999999929, -3.382062021272044916 ) ) ;
#1995 = ORIENTED_EDGE ( 'NONE', *, *, #1513, .T. ) ;
#1996 = DIRECTION ( 'NONE',  ( -1.000000000000000000, 0.000000000000000000, 0.000000000000000000 ) ) ;
#1997 = ORIENTED_EDGE ( 'NONE', *, *, #2926, .F. ) ;
#1998 = ORIENTED_EDGE ( 'NONE', *, *, #580, .F. ) ;
#1999 = PRESENTATION_STYLE_ASSIGNMENT (( #3593 ) ) ;
#2000 = EDGE_LOOP ( 'NONE', ( #2293, #3197, #547, #80 ) ) ;
#2001 = CARTESIAN_POINT ( 'NONE',  ( 2.931392159653424034, 18.10000000000000142, -3.299328212117354386 ) ) ;
#2002 = CARTESIAN_POINT ( 'NONE',  ( 2.860846452848627930, 18.09999999999999787, -1.923852666564324299 ) ) ;
#2003 = CARTESIAN_POINT ( 'NONE',  ( -2.536538461538460520, 18.09999999999902798, -2.261538461538461497 ) ) ;
#2004 = ADVANCED_FACE ( 'NONE', ( #4670 ), #3875, .T. ) ;
#2005 = VECTOR ( 'NONE', #4196, 1000.000000000000000 ) ;
#2006 = CARTESIAN_POINT ( 'NONE',  ( -5.120200361892401908, 18.19999999999999574, -1.430558136623163668 ) ) ;
#2007 = CARTESIAN_POINT ( 'NONE',  ( 8.211172319838404121, 18.10000000000000142, -3.373676773969032539 ) ) ;
#2008 = DIRECTION ( 'NONE',  ( 0.000000000000000000, 0.000000000000000000, -1.000000000000000000 ) ) ;
#2009 = EDGE_CURVE ( 'NONE', #3484, #3013, #327, .T. ) ;
#2010 = EDGE_LOOP ( 'NONE', ( #2799, #1339, #611, #1468 ) ) ;
#2011 = CARTESIAN_POINT ( 'NONE',  ( 5.930769230769231015, 18.10000000000000142, -3.120192307692307931 ) ) ;
#2012 = CARTESIAN_POINT ( 'NONE',  ( 8.115384615384616751, 18.19999999999999929, -2.870192307692307487 ) ) ;
#2013 = DIRECTION ( 'NONE',  ( 1.000000000000000000, 0.000000000000000000, 0.000000000000000000 ) ) ;
#2014 = DIRECTION ( 'NONE',  ( 1.000000000000000000, 0.000000000000000000, 0.000000000000000000 ) ) ;
#2015 = CARTESIAN_POINT ( 'NONE',  ( -4.924999999999998934, 18.10000000000000142, -1.000000000000000000 ) ) ;
#2016 = CARTESIAN_POINT ( 'NONE',  ( 4.827241142095441973, 18.19999999999999574, -1.486991543295926865 ) ) ;
#2017 = CARTESIAN_POINT ( 'NONE',  ( 3.894742298593650620, 18.10000000000000142, -3.100064677758481935 ) ) ;
#2018 = CARTESIAN_POINT ( 'NONE',  ( 3.253062904703640346, 18.19999999999999929, -3.399028706431161506 ) ) ;
#2019 = EDGE_CURVE ( 'NONE', #3697, #3926, #909, .T. ) ;
#2020 = ORIENTED_EDGE ( 'NONE', *, *, #969, .F. ) ;
#2021 = FACE_OUTER_BOUND ( 'NONE', #987, .T. ) ;
#2022 = ADVANCED_FACE ( 'NONE', ( #4306 ), #376, .T. ) ;
#2023 = VECTOR ( 'NONE', #4618, 1000.000000000000000 ) ;
#2024 = VERTEX_POINT ( 'NONE', #1754 ) ;
#2025 = ORIENTED_EDGE ( 'NONE', *, *, #649, .F. ) ;
#2026 = CARTESIAN_POINT ( 'NONE',  ( -6.623076923076922640, 18.19999999999999929, -3.123076923076922640 ) ) ;
#2027 = AXIS2_PLACEMENT_3D ( 'NONE', #2624, #2225, #2250 ) ;
#2028 = EDGE_LOOP ( 'NONE', ( #2604, #281, #1452, #491 ) ) ;
#2029 = ADVANCED_FACE ( 'NONE', ( #2065 ), #945, .T. ) ;
#2030 = CARTESIAN_POINT ( 'NONE',  ( 3.192606984876889431, 18.10000000000000142, -3.392736022487100822 ) ) ;
#2031 = VECTOR ( 'NONE', #2013, 1000.000000000000000 ) ;
#2032 = LINE ( 'NONE', #87, #3680 ) ;
#2033 = ORIENTED_EDGE ( 'NONE', *, *, #1651, .T. ) ;
#2034 = AXIS2_PLACEMENT_3D ( 'NONE', #4152, #3020, #4583 ) ;
#2035 = CARTESIAN_POINT ( 'NONE',  ( 4.077285751806663860, 18.20000000000000284, -2.427461949620420167 ) ) ;
#2036 = CARTESIAN_POINT ( 'NONE',  ( 8.225000000000001421, 18.10000000000000142, -3.399999999999999911 ) ) ;
#2037 = B_SPLINE_SURFACE_WITH_KNOTS ( 'NONE', 3, 1, ( 
 ( #4392, #2092 ),
 ( #2853, #4784 ),
 ( #4015, #493 ),
 ( #4809, #1290 ),
 ( #4419, #116 ),
 ( #4352, #486 ),
 ( #4385, #3216 ),
 ( #3546, #2058 ),
 ( #448, #4775 ),
 ( #1948, #3130 ),
 ( #3105, #787 ),
 ( #3622, #366 ),
 ( #3925, #3183 ),
 ( #3155, #1256 ),
 ( #421, #837 ) ),
 .UNSPECIFIED., .F., .F., .F.,
 ( 4, 1, 1, 1, 1, 1, 1, 1, 1, 1, 1, 1, 4 ),
 ( 2, 2 ),
 ( 0.000000000000000000, 0.05027347261518842758, 0.1027915920399816302, 0.1576149749310263859, 0.2146336648361198141, 0.2740644707480646147, 0.3359484752142244401, 0.4003220641367520316, 0.4670793284020362535, 0.6020733564500507784, 0.7357483921364994517, 0.8682030502592537058, 0.9999999999999998890 ),
 ( 0.000000000000000000, 1.000000000000000000 ),
 .UNSPECIFIED. ) ;
#2038 = CARTESIAN_POINT ( 'NONE',  ( -8.438461538461536904, 18.10000000000000142, -1.000000000000000000 ) ) ;
#2039 = CARTESIAN_POINT ( 'NONE',  ( 3.315384615384616041, 18.19999999999999929, -3.399999999999999911 ) ) ;
#2040 = CIRCLE ( 'NONE', #4915, 0.4000000000000006328 ) ;
#2041 = EDGE_LOOP ( 'NONE', ( #590, #1877, #3723, #2136 ) ) ;
#2042 = ORIENTED_EDGE ( 'NONE', *, *, #1016, .F. ) ;
#2043 = CARTESIAN_POINT ( 'NONE',  ( 4.083959067738040183, 18.20000000000000284, -2.268603173857155042 ) ) ;
#2044 = CARTESIAN_POINT ( 'NONE',  ( 5.069230769230770761, 18.19999999999999929, -1.000000000000000000 ) ) ;
#2045 = STYLED_ITEM ( 'NONE', ( #2650 ), #4742 ) ;
#2046 =( LENGTH_UNIT ( ) NAMED_UNIT ( * ) SI_UNIT ( .MILLI., .METRE. ) );
#2047 = CARTESIAN_POINT ( 'NONE',  ( -9.000000000000000000, 18.19999999999999929, 5.000000000000000000 ) ) ;
#2048 = DIRECTION ( 'NONE',  ( 1.000000000000000000, 0.000000000000000000, 0.000000000000000000 ) ) ;
#2049 = DIRECTION ( 'NONE',  ( 0.000000000000000000, 0.000000000000000000, -1.000000000000000000 ) ) ;
#2050 = CARTESIAN_POINT ( 'NONE',  ( 5.452979305625587081, 18.10000000000000853, -2.855655843047851139 ) ) ;
#2051 = VERTEX_POINT ( 'NONE', #115 ) ;
#2052 = CARTESIAN_POINT ( 'NONE',  ( 4.064567905724292274, 18.10000000000000142, -2.568264613888620485 ) ) ;
#2053 = CARTESIAN_POINT ( 'NONE',  ( -2.008409260630632964, 18.19999999999999929, -2.724912159888931207 ) ) ;
#2054 = ORIENTED_EDGE ( 'NONE', *, *, #76, .T. ) ;
#2055 = CARTESIAN_POINT ( 'NONE',  ( 8.423076923076923350, 18.10000000000000142, -3.399999999999999911 ) ) ;
#2056 = ORIENTED_EDGE ( 'NONE', *, *, #3211, .F. ) ;
#2057 = ORIENTED_EDGE ( 'NONE', *, *, #2173, .T. ) ;
#2058 = CARTESIAN_POINT ( 'NONE',  ( 5.608109923590768986, 18.19999999999999929, -2.663426262958054291 ) ) ;
#2059 = ORIENTED_EDGE ( 'NONE', *, *, #84, .T. ) ;
#2060 = CARTESIAN_POINT ( 'NONE',  ( 1.236629402869538374, 18.19999999999999574, -2.999303879377632320 ) ) ;
#2061 = CARTESIAN_POINT ( 'NONE',  ( 9.000000000000000000, 17.69999999999999929, 4.500000000000000888 ) ) ;
#2062 = B_SPLINE_CURVE_WITH_KNOTS ( 'NONE', 3,
 ( #1569, #1596, #2339, #3524, #5089, #792, #3133, #1178, #2274, #2739, #3854, #4304, #3828, #1129, #2365, #3159, #3476, #1501, #3928, #396, #1979, #4620, #3548 ),
 .UNSPECIFIED., .F., .F.,
 ( 4, 1, 1, 1, 1, 1, 1, 1, 1, 1, 1, 1, 1, 1, 1, 1, 1, 1, 1, 1, 4 ),
 ( 0.000000000000000000, 0.03151564373867424274, 0.06481006533273546422, 0.09991211289599512269, 0.1366760950200034963, 0.1751440237152077362, 0.2157659058959838783, 0.2581579823942000140, 0.3022942968481799331, 0.3927424795002074087, 0.4833004723787817092, 0.5744138652515148324, 0.6662924698498350340, 0.7120095546388085506, 0.7563734879424631741, 0.7998146506884959983, 0.8419610443957342705, 0.8828426900620671702, 0.9229177121409651852, 0.9619664608219107294, 1.000000000000000000 ),
 .UNSPECIFIED. ) ;
#2063 = CARTESIAN_POINT ( 'NONE',  ( 3.331277114617992030, 18.19999999999999574, -1.246760579290438153 ) ) ;
#2064 = ORIENTED_EDGE ( 'NONE', *, *, #397, .T. ) ;
#2065 = FACE_OUTER_BOUND ( 'NONE', #937, .T. ) ;
#2066 = CARTESIAN_POINT ( 'NONE',  ( -2.265865384615383338, 18.10000000000000142, -3.101923076923076561 ) ) ;
#2067 = CARTESIAN_POINT ( 'NONE',  ( 5.623076923076923528, 18.10000000000000142, -3.061538461538461320 ) ) ;
#2068 = CARTESIAN_POINT ( 'NONE',  ( -2.371084277308483923, 18.19999999999999574, -3.394821395933963704 ) ) ;
#2069 = EDGE_LOOP ( 'NONE', ( #3472, #2413, #4701 ) ) ;
#2070 = CIRCLE ( 'NONE', #5100, 0.5000000000000004441 ) ;
#2071 = VERTEX_POINT ( 'NONE', #1702 ) ;
#2072 = DIRECTION ( 'NONE',  ( -1.000000000000000000, 0.000000000000000000, 0.000000000000000000 ) ) ;
#2073 = CARTESIAN_POINT ( 'NONE',  ( 2.885270054113527660, 18.10000000000000142, -1.708592970359585683 ) ) ;
#2074 = CARTESIAN_POINT ( 'NONE',  ( 5.135196560720766357, 18.20000000000000284, -1.498682840318683596 ) ) ;
#2075 = EDGE_LOOP ( 'NONE', ( #705, #5105, #3742, #4843 ) ) ;
#2076 = DIRECTION ( 'NONE',  ( 0.000000000000000000, 0.000000000000000000, 1.000000000000000000 ) ) ;
#2077 = DIRECTION ( 'NONE',  ( -0.000000000000000000, -0.000000000000000000, 1.000000000000000000 ) ) ;
#2078 = CARTESIAN_POINT ( 'NONE',  ( -7.047596153846152234, 18.19999999999999929, -3.123076923076922640 ) ) ;
#2079 = ADVANCED_FACE ( 'NONE', ( #2501 ), #3916, .T. ) ;
#2080 = LINE ( 'NONE', #2889, #3083 ) ;
#2081 = DIRECTION ( 'NONE',  ( 1.000000000000000000, 0.000000000000000000, 0.000000000000000000 ) ) ;
#2082 = CARTESIAN_POINT ( 'NONE',  ( -7.256730769230768097, 18.19999999999999929, -2.847596153846153832 ) ) ;
#2083 = ORIENTED_EDGE ( 'NONE', *, *, #4799, .F. ) ;
#2084 = ORIENTED_EDGE ( 'NONE', *, *, #3520, .F. ) ;
#2085 = DIRECTION ( 'NONE',  ( 0.000000000000000000, 0.000000000000000000, -1.000000000000000000 ) ) ;
#2086 = ORIENTED_EDGE ( 'NONE', *, *, #1543, .F. ) ;
#2087 = EDGE_CURVE ( 'NONE', #2825, #786, #3905, .T. ) ;
#2088 = FILL_AREA_STYLE_COLOUR ( '', #3992 ) ;
#2089 = CARTESIAN_POINT ( 'NONE',  ( 3.495785003489886744, 18.10000000000000142, -1.290526879701793250 ) ) ;
#2090 = ORIENTED_EDGE ( 'NONE', *, *, #1713, .F. ) ;
#2091 = CARTESIAN_POINT ( 'NONE',  ( 3.894742298593650620, 18.10000000000000142, -3.100064677758481935 ) ) ;
#2092 = CARTESIAN_POINT ( 'NONE',  ( 5.930769230769231015, 18.19999999999999929, -3.120192307692307931 ) ) ;
#2093 = CARTESIAN_POINT ( 'NONE',  ( 3.328884997822857628, 18.19999999999999929, -3.122543707496022058 ) ) ;
#2094 = FACE_OUTER_BOUND ( 'NONE', #4950, .T. ) ;
#2095 = PRODUCT_DEFINITION ( 'UNKNOWN', '', #3107, #3692 ) ;
#2096 = VERTEX_POINT ( 'NONE', #651 ) ;
#2097 = EDGE_CURVE ( 'NONE', #4006, #4689, #4839, .T. ) ;
#2098 = ORIENTED_EDGE ( 'NONE', *, *, #1155, .F. ) ;
#2099 = DIRECTION ( 'NONE',  ( -1.000000000000000000, 0.000000000000000000, 0.000000000000000000 ) ) ;
#2100 = DIRECTION ( 'NONE',  ( -0.000000000000000000, 1.000000000000000000, -0.000000000000000000 ) ) ;
#2101 = FACE_OUTER_BOUND ( 'NONE', #3209, .T. ) ;
#2102 = CARTESIAN_POINT ( 'NONE',  ( -2.134925810975867311, 18.20000000000000284, -3.361734319158221851 ) ) ;
#2103 = CARTESIAN_POINT ( 'NONE',  ( 3.023833735935659295, 18.19999999999999929, -2.997129104337987737 ) ) ;
#2104 = VERTEX_POINT ( 'NONE', #1418 ) ;
#2105 = LINE ( 'NONE', #4479, #2152 ) ;
#2106 = FACE_OUTER_BOUND ( 'NONE', #4782, .T. ) ;
#2107 = CARTESIAN_POINT ( 'NONE',  ( -7.198140329621732114, 18.19999999999999574, -2.924163884963882243 ) ) ;
#2108 = VERTEX_POINT ( 'NONE', #1851 ) ;
#2109 = ORIENTED_EDGE ( 'NONE', *, *, #411, .T. ) ;
#2110 = DIRECTION ( 'NONE',  ( -0.000000000000000000, 1.000000000000000000, -0.000000000000000000 ) ) ;
#2111 = ORIENTED_EDGE ( 'NONE', *, *, #1550, .T. ) ;
#2112 = CARTESIAN_POINT ( 'NONE',  ( 1.578846153846154898, 18.20000000000000284, -3.400000000000000355 ) ) ;
#2113 = CARTESIAN_POINT ( 'NONE',  ( -4.982211538461537970, 18.10000000000000142, -1.744711538461538369 ) ) ;
#2114 = CARTESIAN_POINT ( 'NONE',  ( 3.177309505806124257, 18.10000000000000497, -1.270359157206181200 ) ) ;
#2115 = CARTESIAN_POINT ( 'NONE',  ( 3.574335215015275846, 18.09999999999999432, -1.347121170653132527 ) ) ;
#2116 = AXIS2_PLACEMENT_3D ( 'NONE', #2882, #4499, #3607 ) ;
#2117 = ORIENTED_EDGE ( 'NONE', *, *, #2193, .T. ) ;
#2118 = CARTESIAN_POINT ( 'NONE',  ( 4.064567905724292274, 18.19999999999999929, -2.568264613888620485 ) ) ;
#2119 = VECTOR ( 'NONE', #2552, 1000.000000000000000 ) ;
#2120 = SURFACE_SIDE_STYLE ('',( #1657 ) ) ;
#2121 = ORIENTED_EDGE ( 'NONE', *, *, #2252, .F. ) ;
#2122 = VECTOR ( 'NONE', #186, 1000.000000000000000 ) ;
#2123 = ORIENTED_EDGE ( 'NONE', *, *, #1928, .F. ) ;
#2124 = FACE_OUTER_BOUND ( 'NONE', #3406, .T. ) ;
#2125 = DIRECTION ( 'NONE',  ( -0.000000000000000000, 0.000000000000000000, -1.000000000000000000 ) ) ;
#2126 = COLOUR_RGB ( '',0.9254901960784314152, 0.9254901960784314152, 0.9254901960784314152 ) ;
#2127 = LINE ( 'NONE', #4819, #1547 ) ;
#2128 =( NAMED_UNIT ( * ) PLANE_ANGLE_UNIT ( ) SI_UNIT ( $, .RADIAN. ) );
#2129 = EDGE_CURVE ( 'NONE', #3506, #2787, #2923, .T. ) ;
#2130 = CARTESIAN_POINT ( 'NONE',  ( -1.669760732007673720, 18.19999999999999929, -2.685229055820534505 ) ) ;
#2131 = AXIS2_PLACEMENT_3D ( 'NONE', #4159, #4136, #646 ) ;
#2132 = ORIENTED_EDGE ( 'NONE', *, *, #3218, .F. ) ;
#2133 = CARTESIAN_POINT ( 'NONE',  ( -7.093471189335661897, 18.19999999999999929, -3.061967754530907637 ) ) ;
#2134 = LINE ( 'NONE', #4434, #1617 ) ;
#2135 = CARTESIAN_POINT ( 'NONE',  ( 3.133809111242184642, 18.09999999999999787, -3.083067493141752102 ) ) ;
#2136 = ORIENTED_EDGE ( 'NONE', *, *, #172, .T. ) ;
#2137 = ORIENTED_EDGE ( 'NONE', *, *, #2146, .T. ) ;
#2138 = LINE ( 'NONE', #4802, #3774 ) ;
#2139 = CARTESIAN_POINT ( 'NONE',  ( 1.478456238563073732, 18.10000000000000142, -3.239679382850803258 ) ) ;
#2140 = CARTESIAN_POINT ( 'NONE',  ( 4.392307692307691802, 18.19999999999999929, -3.369230769230769251 ) ) ;
#2141 = CARTESIAN_POINT ( 'NONE',  ( 1.327820251214496539, 18.20000000000000284, -3.078022637135052086 ) ) ;
#2142 = ORIENTED_EDGE ( 'NONE', *, *, #2150, .T. ) ;
#2143 = CARTESIAN_POINT ( 'NONE',  ( 3.406758650459227766, 18.19999999999999574, -3.397313668036994638 ) ) ;
#2144 = ADVANCED_FACE ( 'NONE', ( #4994 ), #252, .T. ) ;
#2145 = CARTESIAN_POINT ( 'NONE',  ( 3.728348910570527863, 18.19999999999999929, -3.281893800862494270 ) ) ;
#2146 = EDGE_CURVE ( 'NONE', #3671, #4326, #3666, .T. ) ;
#2147 = CARTESIAN_POINT ( 'NONE',  ( 2.546153846153847322, 18.19999999999999929, -2.183653846153846168 ) ) ;
#2148 = VECTOR ( 'NONE', #2560, 1000.000000000000000 ) ;
#2149 = EDGE_LOOP ( 'NONE', ( #625, #4511, #1017 ) ) ;
#2150 = EDGE_CURVE ( 'NONE', #1209, #2108, #3725, .T. ) ;
#2151 = CARTESIAN_POINT ( 'NONE',  ( 3.615326654806911844, 18.10000000000000142, -2.980426335184347408 ) ) ;
#2152 = VECTOR ( 'NONE', #4899, 999.9999999999998863 ) ;
#2153 = CARTESIAN_POINT ( 'NONE',  ( 2.984832436276437573, 18.10000000000000497, -1.426258130120833023 ) ) ;
#2154 = CARTESIAN_POINT ( 'NONE',  ( -3.115384615384614531, 18.10000000000000142, -3.123076923076922640 ) ) ;
#2155 = DIRECTION ( 'NONE',  ( 1.000000000000000000, -0.000000000000000000, -0.000000000000000000 ) ) ;
#2156 = CARTESIAN_POINT ( 'NONE',  ( -1.927189302630910817, 18.20000000000000284, -3.267169074947183116 ) ) ;
#2157 = CARTESIAN_POINT ( 'NONE',  ( -1.905715178691937517, 18.19999999999999574, -2.143419369769263838 ) ) ;
#2158 = ORIENTED_EDGE ( 'NONE', *, *, #2621, .F. ) ;
#2159 = CARTESIAN_POINT ( 'NONE',  ( -7.198140329621732114, 18.19999999999999574, -2.924163884963882243 ) ) ;
#2160 = CARTESIAN_POINT ( 'NONE',  ( -4.284615384615384492, 18.10000000000000142, -3.030769230769230660 ) ) ;
#2161 = UNCERTAINTY_MEASURE_WITH_UNIT (LENGTH_MEASURE( 1.000000000000000082E-05 ), #4449, 'distance_accuracy_value', 'NONE');
#2162 = DIRECTION ( 'NONE',  ( 1.000000000000000000, -5.268851504197830142E-11, 0.000000000000000000 ) ) ;
#2163 = ORIENTED_EDGE ( 'NONE', *, *, #4534, .T. ) ;
#2164 = CARTESIAN_POINT ( 'NONE',  ( 5.930769230769231015, 18.10000000000000142, -3.120192307692307931 ) ) ;
#2165 = ORIENTED_EDGE ( 'NONE', *, *, #2563, .F. ) ;
#2166 = CARTESIAN_POINT ( 'NONE',  ( -2.127934392361590543, 18.09999999999999787, -2.375574024023833886 ) ) ;
#2167 = AXIS2_PLACEMENT_3D ( 'NONE', #2867, #2081, #2890 ) ;
#2168 = CARTESIAN_POINT ( 'NONE',  ( 3.745478666341328644, 18.10000000000000142, -1.709391010091495966 ) ) ;
#2169 = VERTEX_POINT ( 'NONE', #976 ) ;
#2170 = CARTESIAN_POINT ( 'NONE',  ( -5.099999999999998757, 18.10000000000000142, -1.363461538461538503 ) ) ;
#2171 = CARTESIAN_POINT ( 'NONE',  ( 2.557412174202554400, 18.20000000000000639, -2.476760059876441655 ) ) ;
#2172 = LINE ( 'NONE', #3360, #723 ) ;
#2173 = EDGE_CURVE ( 'NONE', #1293, #4290, #606, .T. ) ;
#2174 = ORIENTED_EDGE ( 'NONE', *, *, #2548, .T. ) ;
#2175 = CARTESIAN_POINT ( 'NONE',  ( 3.362791624304162230, 18.10000000000000497, -1.247963719025054541 ) ) ;
#2176 = CARTESIAN_POINT ( 'NONE',  ( 2.984832436276437573, 18.19999999999999929, -1.426258130120833023 ) ) ;
#2177 = CARTESIAN_POINT ( 'NONE',  ( 3.287630136848779472, 18.19999999999999574, -0.9700224671985785418 ) ) ;
#2178 = CARTESIAN_POINT ( 'NONE',  ( 5.073795995318959307, 18.19999999999999929, -1.057910773979111152 ) ) ;
#2179 = CARTESIAN_POINT ( 'NONE',  ( -1.685515336341891546, 18.20000000000000639, -2.879982669605474666 ) ) ;
#2180 = EDGE_CURVE ( 'NONE', #3926, #2096, #1970, .T. ) ;
#2181 = LINE ( 'NONE', #5005, #3785 ) ;
#2182 = VERTEX_POINT ( 'NONE', #2435 ) ;
#2183 = DIRECTION ( 'NONE',  ( -0.000000000000000000, 1.000000000000000000, -0.000000000000000000 ) ) ;
#2184 = CARTESIAN_POINT ( 'NONE',  ( -7.047596153846152234, 18.10000000000000142, -3.123076923076922640 ) ) ;
#2185 = PLANE ( 'NONE',  #2205 ) ;
#2186 = VERTEX_POINT ( 'NONE', #1100 ) ;
#2187 = FACE_OUTER_BOUND ( 'NONE', #4390, .T. ) ;
#2188 = EDGE_CURVE ( 'NONE', #4758, #2372, #3058, .T. ) ;
#2189 = CARTESIAN_POINT ( 'NONE',  ( -2.404714144073598181, 18.10000000000000142, -2.267857542201235699 ) ) ;
#2190 = CARTESIAN_POINT ( 'NONE',  ( 5.623076923076923528, 18.19999999999999574, -3.061538461538461320 ) ) ;
#2191 = CARTESIAN_POINT ( 'NONE',  ( -6.623076923076922640, 18.10000000000000142, -3.399999999999999911 ) ) ;
#2192 = B_SPLINE_CURVE_WITH_KNOTS ( 'NONE', 3,
 ( #3713, #629, #3367, #3458, #1857, #1399, #4575, #703, #2627, #3784, #2962 ),
 .UNSPECIFIED., .F., .F.,
 ( 4, 1, 1, 1, 1, 1, 1, 1, 4 ),
 ( 0.000000000000000000, 0.1625255217041872702, 0.3143148980392371783, 0.4549784905465743545, 0.5845192373661989294, 0.7045671033090727953, 0.8134949897289288634, 0.9116812596826063819, 1.000000000000000000 ),
 .UNSPECIFIED. ) ;
#2193 = EDGE_CURVE ( 'NONE', #3214, #2825, #3451, .T. ) ;
#2194 = VERTEX_POINT ( 'NONE', #3561 ) ;
#2195 = CARTESIAN_POINT ( 'NONE',  ( 4.071553904578464333, 18.19999999999999929, -2.500079255282473767 ) ) ;
#2196 = CARTESIAN_POINT ( 'NONE',  ( -2.536538461538460520, 18.19999999999999929, -2.261538461538461497 ) ) ;
#2197 = AXIS2_PLACEMENT_3D ( 'NONE', #1743, #3318, #183 ) ;
#2198 = DIRECTION ( 'NONE',  ( -0.000000000000000000, 1.000000000000000000, -0.000000000000000000 ) ) ;
#2199 = AXIS2_PLACEMENT_3D ( 'NONE', #1196, #3595, #1619 ) ;
#2200 = AXIS2_PLACEMENT_3D ( 'NONE', #3902, #2720, #3084 ) ;
#2201 = LINE ( 'NONE', #3805, #3003 ) ;
#2202 = LINE ( 'NONE', #3758, #126 ) ;
#2203 = CARTESIAN_POINT ( 'NONE',  ( 4.000033776357088122, 18.19999999999999929, -1.500541616203622919 ) ) ;
#2204 = CARTESIAN_POINT ( 'NONE',  ( 2.872436391460736260, 18.19999999999999929, -2.554772537676874844 ) ) ;
#2205 = AXIS2_PLACEMENT_3D ( 'NONE', #667, #3815, #1512 ) ;
#2206 = CARTESIAN_POINT ( 'NONE',  ( -5.744711538461537259, 18.10000000000000142, -3.399999999999999911 ) ) ;
#2207 = CARTESIAN_POINT ( 'NONE',  ( 8.150000000000002132, -3.000000000000000000, 3.199999999999999734 ) ) ;
#2208 = ORIENTED_EDGE ( 'NONE', *, *, #782, .F. ) ;
#2209 = CARTESIAN_POINT ( 'NONE',  ( -2.037358073775814571, 18.10000000000000853, -2.515532718914099686 ) ) ;
#2210 = EDGE_CURVE ( 'NONE', #477, #2071, #1586, .T. ) ;
#2211 = AXIS2_PLACEMENT_3D ( 'NONE', #2673, #1506, #2371 ) ;
#2212 = CARTESIAN_POINT ( 'NONE',  ( -1.679757226774479584, 18.20000000000000639, -2.564420299337779152 ) ) ;
#2213 = DIRECTION ( 'NONE',  ( 1.000000000000000000, 0.000000000000000000, 0.000000000000000000 ) ) ;
#2214 = AXIS2_PLACEMENT_3D ( 'NONE', #2689, #3851, #4254 ) ;
#2215 = ORIENTED_EDGE ( 'NONE', *, *, #2019, .T. ) ;
#2216 = CARTESIAN_POINT ( 'NONE',  ( 2.886654477288478571, 18.10000000000000142, -2.657326307023503809 ) ) ;
#2217 = LINE ( 'NONE', #344, #1127 ) ;
#2218 = CARTESIAN_POINT ( 'NONE',  ( 3.759441579142028811, 18.20000000000000284, -1.810604586323385501 ) ) ;
#2219 = ORIENTED_EDGE ( 'NONE', *, *, #4470, .T. ) ;
#2220 = CARTESIAN_POINT ( 'NONE',  ( 3.700957213380151156, 18.10000000000000497, -1.069897500955802716 ) ) ;
#2221 = CARTESIAN_POINT ( 'NONE',  ( -2.466932861722537229, 18.19999999999999929, -3.399400766561992082 ) ) ;
#2222 = DIRECTION ( 'NONE',  ( -0.000000000000000000, 1.000000000000000000, -0.000000000000000000 ) ) ;
#2223 = VERTEX_POINT ( 'NONE', #2666 ) ;
#2224 = ORIENTED_EDGE ( 'NONE', *, *, #3898, .T. ) ;
#2225 = DIRECTION ( 'NONE',  ( -0.000000000000000000, 0.000000000000000000, 1.000000000000000000 ) ) ;
#2226 = CARTESIAN_POINT ( 'NONE',  ( -5.915384615384613909, 18.19999999999999929, -1.000000000000000000 ) ) ;
#2227 = CARTESIAN_POINT ( 'NONE',  ( -2.216346153846153300, 18.10000000000000497, -3.377403846153846256 ) ) ;
#2228 = FACE_OUTER_BOUND ( 'NONE', #3801, .T. ) ;
#2229 = ORIENTED_EDGE ( 'NONE', *, *, #1815, .F. ) ;
#2230 = CARTESIAN_POINT ( 'NONE',  ( -9.000000000000000000, 0.000000000000000000, -5.000000000000000000 ) ) ;
#2231 = CIRCLE ( 'NONE', #499, 0.4000000000000006328 ) ;
#2232 = ORIENTED_EDGE ( 'NONE', *, *, #3582, .T. ) ;
#2233 = CARTESIAN_POINT ( 'NONE',  ( -2.053796760088443474, 18.10000000000000142, -2.475956467210549405 ) ) ;
#2234 = FACE_OUTER_BOUND ( 'NONE', #537, .T. ) ;
#2235 = LINE ( 'NONE', #3069, #3094 ) ;
#2236 = AXIS2_PLACEMENT_3D ( 'NONE', #1036, #1454, #663 ) ;
#2237 = LINE ( 'NONE', #3023, #581 ) ;
#2238 = CARTESIAN_POINT ( 'NONE',  ( -8.149999999999998579, -3.000000000000000000, 3.999999999999999112 ) ) ;
#2239 = CARTESIAN_POINT ( 'NONE',  ( 7.599987423631177741, 18.19999999999999929, -2.819801292454274133 ) ) ;
#2240 = CARTESIAN_POINT ( 'NONE',  ( -2.058880598214879676, 18.09999999999999787, -3.336814937498076894 ) ) ;
#2241 = CARTESIAN_POINT ( 'NONE',  ( 3.776923076923076827, 18.19999999999999574, -2.184615384615384848 ) ) ;
#2242 = ORIENTED_EDGE ( 'NONE', *, *, #2621, .T. ) ;
#2243 = ADVANCED_FACE ( 'NONE', ( #5104 ), #4296, .T. ) ;
#2244 = VERTEX_POINT ( 'NONE', #781 ) ;
#2245 = CARTESIAN_POINT ( 'NONE',  ( 2.546463846221115546, 18.10000000000000142, -2.217952049147305260 ) ) ;
#2246 = CARTESIAN_POINT ( 'NONE',  ( 2.547071005808292821, 18.19999999999999929, -2.285127785442878867 ) ) ;
#2247 = EDGE_CURVE ( 'NONE', #1838, #4353, #3901, .T. ) ;
#2248 = PLANE ( 'NONE',  #3018 ) ;
#2249 = EDGE_CURVE ( 'NONE', #1622, #1262, #479, .T. ) ;
#2250 = DIRECTION ( 'NONE',  ( 1.000000000000000000, 0.000000000000000000, 0.000000000000000000 ) ) ;
#2251 = CARTESIAN_POINT ( 'NONE',  ( 1.578846153846154676, 18.10000000000000142, -3.399999999999999911 ) ) ;
#2252 = EDGE_CURVE ( 'NONE', #2787, #260, #4035, .T. ) ;
#2253 = CARTESIAN_POINT ( 'NONE',  ( 2.828504931412796797, 18.19999999999999929, -1.145195567548841220 ) ) ;
#2254 = PLANE ( 'NONE',  #2765 ) ;
#2255 = CARTESIAN_POINT ( 'NONE',  ( -9.000000000000000000, 17.69999999999999929, -4.500000000000000888 ) ) ;
#2256 = ORIENTED_EDGE ( 'NONE', *, *, #3753, .F. ) ;
#2257 = ADVANCED_FACE ( 'NONE', ( #812 ), #4769, .T. ) ;
#2258 = CARTESIAN_POINT ( 'NONE',  ( 1.776923076923077049, 18.10000000000000142, -1.000000000000000000 ) ) ;
#2259 = CARTESIAN_POINT ( 'NONE',  ( -1.905715178691937517, 18.09999999999999432, -2.143419369769263838 ) ) ;
#2260 = CARTESIAN_POINT ( 'NONE',  ( -5.278846153846153300, 18.19999999999999929, -1.000000000000000000 ) ) ;
#2261 = LINE ( 'NONE', #1068, #216 ) ;
#2262 = EDGE_CURVE ( 'NONE', #2280, #1429, #3615, .T. ) ;
#2263 = CARTESIAN_POINT ( 'NONE',  ( 2.981352469133486505, 18.10000000000000142, -2.939534020949919224 ) ) ;
#2264 = VECTOR ( 'NONE', #2490, 1000.000000000000000 ) ;
#2265 = CARTESIAN_POINT ( 'NONE',  ( -2.410383215157984704, 18.10000000000000142, -3.120520381876108029 ) ) ;
#2266 = CARTESIAN_POINT ( 'NONE',  ( 4.084299577736445030, 18.19999999999998863, -2.149516746834950975 ) ) ;
#2267 = CARTESIAN_POINT ( 'NONE',  ( 7.675768051220906329, 18.20000000000000639, -2.858828467379157967 ) ) ;
#2268 = LINE ( 'NONE', #3448, #2768 ) ;
#2269 = EDGE_CURVE ( 'NONE', #419, #365, #4345, .T. ) ;
#2270 = VERTEX_POINT ( 'NONE', #3237 ) ;
#2271 = CARTESIAN_POINT ( 'NONE',  ( 2.550837019486005719, 18.19999999999998508, -2.383417955359577789 ) ) ;
#2272 = CARTESIAN_POINT ( 'NONE',  ( -2.288777541248401270, 18.19999999999999929, -3.389155956462528430 ) ) ;
#2273 = CARTESIAN_POINT ( 'NONE',  ( -1.685515336341891546, 18.10000000000000853, -2.879982669605474666 ) ) ;
#2274 = CARTESIAN_POINT ( 'NONE',  ( 4.850079925740796938, 18.09999999999999432, -1.580671772003720443 ) ) ;
#2275 = LINE ( 'NONE', #1202, #1114 ) ;
#2276 = PLANE ( 'NONE',  #4644 ) ;
#2277 = DIRECTION ( 'NONE',  ( -0.000000000000000000, 0.000000000000000000, 1.000000000000000000 ) ) ;
#2278 = CARTESIAN_POINT ( 'NONE',  ( 2.906308194775690801, 18.19999999999999929, -2.748781090926442960 ) ) ;
#2279 = VECTOR ( 'NONE', #273, 1000.000000000000000 ) ;
#2280 = VERTEX_POINT ( 'NONE', #1275 ) ;
#2281 = ORIENTED_EDGE ( 'NONE', *, *, #192, .F. ) ;
#2282 = DIRECTION ( 'NONE',  ( 0.000000000000000000, 0.000000000000000000, -1.000000000000000000 ) ) ;
#2283 = CARTESIAN_POINT ( 'NONE',  ( -2.243077434865247355, 18.19999999999999574, -2.304940609253527395 ) ) ;
#2284 = CARTESIAN_POINT ( 'NONE',  ( -2.413443195616157944, 18.10000000000000142, -1.986541358438716820 ) ) ;
#2285 = COLOUR_RGB ( '',0.9254901960784314152, 0.9254901960784314152, 0.9254901960784314152 ) ;
#2286 = FACE_BOUND ( 'NONE', #4300, .T. ) ;
#2287 = AXIS2_PLACEMENT_3D ( 'NONE', #290, #1414, #4183 ) ;
#2288 = CARTESIAN_POINT ( 'NONE',  ( -2.272739899038000999, 18.20000000000000284, -3.103604047599044957 ) ) ;
#2289 = CARTESIAN_POINT ( 'NONE',  ( 7.599987423631177741, 18.10000000000000142, -2.819801292454274133 ) ) ;
#2290 = CARTESIAN_POINT ( 'NONE',  ( -1.738782968608385993, 18.20000000000000639, -3.035327045240470589 ) ) ;
#2291 = VECTOR ( 'NONE', #2222, 1000.000000000000000 ) ;
#2292 = SURFACE_SIDE_STYLE ('',( #716 ) ) ;
#2293 = ORIENTED_EDGE ( 'NONE', *, *, #3375, .F. ) ;
#2294 = CARTESIAN_POINT ( 'NONE',  ( -9.000000000000000000, 0.000000000000000000, 5.000000000000000000 ) ) ;
#2295 = AXIS2_PLACEMENT_3D ( 'NONE', #2255, #234, #3786 ) ;
#2296 = CARTESIAN_POINT ( 'NONE',  ( -1.776419275174005774, 18.10000000000000142, -3.105229208171969457 ) ) ;
#2297 = CARTESIAN_POINT ( 'NONE',  ( -0.6538461538461524114, 18.10000000000000142, -3.123076923076922640 ) ) ;
#2298 = EDGE_CURVE ( 'NONE', #3242, #4604, #2834, .T. ) ;
#2299 = EDGE_CURVE ( 'NONE', #1973, #2305, #4876, .T. ) ;
#2300 = CARTESIAN_POINT ( 'NONE',  ( -2.527403846153844835, 18.19999999999999929, -1.984615384615384670 ) ) ;
#2301 = CARTESIAN_POINT ( 'NONE',  ( -3.946153846153845013, 18.10000000000000142, -1.000000000000000000 ) ) ;
#2302 = CARTESIAN_POINT ( 'NONE',  ( 4.084615384615384315, 18.10000000000000142, -2.183653846153846168 ) ) ;
#2303 = PRESENTATION_STYLE_ASSIGNMENT (( #5 ) ) ;
#2304 = CARTESIAN_POINT ( 'NONE',  ( 2.589252378137119059, 18.10000000000000142, -1.672891117628519053 ) ) ;
#2305 = VERTEX_POINT ( 'NONE', #4150 ) ;
#2306 = EDGE_CURVE ( 'NONE', #3697, #1331, #2561, .T. ) ;
#2307 = ORIENTED_EDGE ( 'NONE', *, *, #4980, .F. ) ;
#2308 = CARTESIAN_POINT ( 'NONE',  ( 0.9844204099801433516, 18.09999999999999787, -2.544743598796537665 ) ) ;
#2309 = DIRECTION ( 'NONE',  ( 1.000000000000000000, 0.000000000000000000, 0.000000000000000000 ) ) ;
#2310 = VECTOR ( 'NONE', #1302, 1000.000000000000000 ) ;
#2311 = CARTESIAN_POINT ( 'NONE',  ( -7.236648581862020535, 18.09999999999999787, -2.873840154283197279 ) ) ;
#2312 = DIRECTION ( 'NONE',  ( 0.000000000000000000, 0.000000000000000000, 1.000000000000000000 ) ) ;
#2313 = DIRECTION ( 'NONE',  ( -0.000000000000000000, 0.000000000000000000, -1.000000000000000000 ) ) ;
#2314 = DIRECTION ( 'NONE',  ( -0.000000000000000000, 1.000000000000000000, -0.000000000000000000 ) ) ;
#2315 = DIRECTION ( 'NONE',  ( -0.000000000000000000, 1.000000000000000000, -0.000000000000000000 ) ) ;
#2316 = EDGE_CURVE ( 'NONE', #635, #1249, #3373, .T. ) ;
#2317 = EDGE_LOOP ( 'NONE', ( #4065, #2593, #2631, #4513, #4982, #3522, #1122, #2511 ) ) ;
#2318 = ORIENTED_EDGE ( 'NONE', *, *, #2249, .F. ) ;
#2319 = CARTESIAN_POINT ( 'NONE',  ( 2.945446618524610205, 18.19999999999999929, -1.058381511807500841 ) ) ;
#2320 = CARTESIAN_POINT ( 'NONE',  ( 1.414691079326208856, 18.09999999999999787, -2.817595486909847402 ) ) ;
#2321 = CARTESIAN_POINT ( 'NONE',  ( 3.315384615384616041, 18.20000000000000284, -1.246153846153845945 ) ) ;
#2322 = LINE ( 'NONE', #2742, #3748 ) ;
#2323 = SURFACE_SIDE_STYLE ('',( #3880 ) ) ;
#2324 = VERTEX_POINT ( 'NONE', #3738 ) ;
#2325 = VERTEX_POINT ( 'NONE', #1356 ) ;
#2326 = CARTESIAN_POINT ( 'NONE',  ( 1.129908470754228400, 18.09999999999999787, -2.621307487327408481 ) ) ;
#2327 = CARTESIAN_POINT ( 'NONE',  ( -2.007692307692306777, 18.19999999999999574, -2.700480769230769074 ) ) ;
#2328 = CARTESIAN_POINT ( 'NONE',  ( -6.561538461538460432, 18.10000000000000142, -1.276923076923077049 ) ) ;
#2329 = CARTESIAN_POINT ( 'NONE',  ( 5.400997047652274397, 18.20000000000000284, -2.274750883084691200 ) ) ;
#2330 = ADVANCED_FACE ( 'NONE', ( #2106 ), #4128, .T. ) ;
#2331 = CARTESIAN_POINT ( 'NONE',  ( 4.762276479739213642, 18.19999999999999574, -1.023890784411019661 ) ) ;
#2332 = LINE ( 'NONE', #17, #5066 ) ;
#2333 = CARTESIAN_POINT ( 'NONE',  ( 7.561538461538461320, 18.19999999999999929, -2.799999999999999822 ) ) ;
#2334 = DIRECTION ( 'NONE',  ( 0.000000000000000000, 0.000000000000000000, -1.000000000000000000 ) ) ;
#2335 = EDGE_CURVE ( 'NONE', #3532, #3668, #3913, .T. ) ;
#2336 = ORIENTED_EDGE ( 'NONE', *, *, #3562, .F. ) ;
#2337 = SURFACE_SIDE_STYLE ('',( #762 ) ) ;
#2338 = CARTESIAN_POINT ( 'NONE',  ( -6.253846153846152944, 18.10000000000000142, -1.000000000000000000 ) ) ;
#2339 = CARTESIAN_POINT ( 'NONE',  ( 4.763794170705773823, 18.10000000000000497, -1.073020775578815922 ) ) ;
#2340 = EDGE_CURVE ( 'NONE', #3242, #2024, #613, .T. ) ;
#2341 = CARTESIAN_POINT ( 'NONE',  ( -5.202268448344484320, 18.10000000000000497, -1.696787074431586273 ) ) ;
#2342 = CARTESIAN_POINT ( 'NONE',  ( 2.885270054113527660, 18.19999999999999929, -1.708592970359585683 ) ) ;
#2343 = CARTESIAN_POINT ( 'NONE',  ( 5.091051706498471496, 18.20000000000000284, -2.256765462741175288 ) ) ;
#2344 = SHAPE_DEFINITION_REPRESENTATION ( #1082, #4742 ) ;
#2345 = EDGE_LOOP ( 'NONE', ( #1358, #2559, #1878, #1902 ) ) ;
#2346 = ORIENTED_EDGE ( 'NONE', *, *, #1253, .F. ) ;
#2347 = CARTESIAN_POINT ( 'NONE',  ( 9.000000000000000000, 18.19999999999999929, -4.500000000000000888 ) ) ;
#2348 = CARTESIAN_POINT ( 'NONE',  ( 1.478456238563073732, 18.10000000000000142, -3.239679382850803258 ) ) ;
#2349 = DIRECTION ( 'NONE',  ( 0.000000000000000000, 0.000000000000000000, 1.000000000000000000 ) ) ;
#2350 = CARTESIAN_POINT ( 'NONE',  ( 3.315384615384616041, 18.10000000000000142, -3.399999999999999911 ) ) ;
#2351 = VECTOR ( 'NONE', #3691, 1000.000000000000000 ) ;
#2352 = ADVANCED_FACE ( 'NONE', ( #133 ), #4480, .F. ) ;
#2353 = CARTESIAN_POINT ( 'NONE',  ( 5.171217090749906653, 18.10000000000000142, -2.410676415353255386 ) ) ;
#2354 = CARTESIAN_POINT ( 'NONE',  ( 3.315384615384616041, 18.19999999999999929, -0.9692307692307692291 ) ) ;
#2355 = VECTOR ( 'NONE', #4572, 1000.000000000000000 ) ;
#2356 = CARTESIAN_POINT ( 'NONE',  ( -2.007692307692306777, 18.19999999999999929, -2.700480769230769074 ) ) ;
#2357 = VERTEX_POINT ( 'NONE', #2160 ) ;
#2358 = CYLINDRICAL_SURFACE ( 'NONE', #3998, 0.5000000000000004441 ) ;
#2359 = VERTEX_POINT ( 'NONE', #1326 ) ;
#2360 = VECTOR ( 'NONE', #2969, 1000.000000000000000 ) ;
#2361 = ORIENTED_EDGE ( 'NONE', *, *, #641, .F. ) ;
#2362 = CARTESIAN_POINT ( 'NONE',  ( 7.561538461538461320, 18.19999999999999929, -2.516346153846153566 ) ) ;
#2363 = CARTESIAN_POINT ( 'NONE',  ( 1.236629402869538374, 18.09999999999999787, -2.999303879377632320 ) ) ;
#2364 = AXIS2_PLACEMENT_3D ( 'NONE', #545, #4063, #92 ) ;
#2365 = CARTESIAN_POINT ( 'NONE',  ( 5.239578550408356961, 18.10000000000000142, -2.530529983020429530 ) ) ;
#2366 = AXIS2_PLACEMENT_3D ( 'NONE', #3568, #4389, #27 ) ;
#2367 = ORIENTED_EDGE ( 'NONE', *, *, #190, .T. ) ;
#2368 = CARTESIAN_POINT ( 'NONE',  ( -5.202268448344484320, 18.20000000000000284, -1.696787074431586273 ) ) ;
#2369 = CARTESIAN_POINT ( 'NONE',  ( 7.882783249023385785, 18.10000000000000853, -2.999303879377634985 ) ) ;
#2370 = CARTESIAN_POINT ( 'NONE',  ( 3.496749514743123566, 18.19999999999999929, -0.9872565573675524675 ) ) ;
#2371 = DIRECTION ( 'NONE',  ( 0.000000000000000000, 0.000000000000000000, 1.000000000000000000 ) ) ;
#2372 = VERTEX_POINT ( 'NONE', #557 ) ;
#2373 = ORIENTED_EDGE ( 'NONE', *, *, #1419, .T. ) ;
#2374 = CARTESIAN_POINT ( 'NONE',  ( -9.500000000000000000, 17.69999999999999929, 5.000000000000000000 ) ) ;
#2375 = DIRECTION ( 'NONE',  ( 0.000000000000000000, 0.000000000000000000, -1.000000000000000000 ) ) ;
#2376 = DIRECTION ( 'NONE',  ( -0.6040146511370632076, 0.000000000000000000, 0.7969732123552031311 ) ) ;
#2377 = CARTESIAN_POINT ( 'NONE',  ( 4.392307692307691802, 18.19999999999999929, -3.061538461538461320 ) ) ;
#2378 = VECTOR ( 'NONE', #2497, 1000.000000000000114 ) ;
#2379 = CARTESIAN_POINT ( 'NONE',  ( 8.115384615384616751, 18.19999999999999929, -2.870192307692307487 ) ) ;
#2380 = CARTESIAN_POINT ( 'NONE',  ( 3.656654829903065007, 18.10000000000000142, -3.324452503712089779 ) ) ;
#2381 = CARTESIAN_POINT ( 'NONE',  ( 3.315384615384616041, 18.19999999999999929, -3.399999999999999911 ) ) ;
#2382 = LINE ( 'NONE', #2734, #1379 ) ;
#2383 = EDGE_CURVE ( 'NONE', #106, #3632, #2080, .T. ) ;
#2384 = EDGE_LOOP ( 'NONE', ( #3087, #2083, #2836, #554 ) ) ;
#2385 = CARTESIAN_POINT ( 'NONE',  ( -0.6538461538461524114, 18.19999999999999929, -1.000000000000000000 ) ) ;
#2386 = CARTESIAN_POINT ( 'NONE',  ( 2.653767371758310567, 18.10000000000000853, -2.934418779485471696 ) ) ;
#2387 = VECTOR ( 'NONE', #3884, 1000.000000000000000 ) ;
#2388 = CARTESIAN_POINT ( 'NONE',  ( 2.557412174202554400, 18.10000000000000853, -2.476760059876441655 ) ) ;
#2389 = EDGE_CURVE ( 'NONE', #2795, #3508, #1013, .T. ) ;
#2390 = CARTESIAN_POINT ( 'NONE',  ( 0.9844204099801433516, 18.19999999999999574, -2.544743598796537665 ) ) ;
#2391 = EDGE_CURVE ( 'NONE', #4885, #1061, #4508, .T. ) ;
#2392 = CARTESIAN_POINT ( 'NONE',  ( 2.854151667839954776, 18.20000000000000284, -2.138454655276096794 ) ) ;
#2393 = CARTESIAN_POINT ( 'NONE',  ( 3.615326654806911844, 18.19999999999999929, -2.980426335184347408 ) ) ;
#2394 = VERTEX_POINT ( 'NONE', #1718 ) ;
#2395 = EDGE_CURVE ( 'NONE', #3179, #3613, #2134, .T. ) ;
#2396 = EDGE_LOOP ( 'NONE', ( #2700, #3065, #3228, #420 ) ) ;
#2397 = DIRECTION ( 'NONE',  ( 0.000000000000000000, -0.000000000000000000, 1.000000000000000000 ) ) ;
#2398 = LINE ( 'NONE', #407, #436 ) ;
#2399 = EDGE_CURVE ( 'NONE', #1723, #4794, #4050, .T. ) ;
#2400 = LINE ( 'NONE', #1633, #4486 ) ;
#2401 = CARTESIAN_POINT ( 'NONE',  ( 1.469230769230769562, 18.10000000000000142, -1.000000000000000000 ) ) ;
#2402 = ADVANCED_FACE ( 'NONE', ( #3718 ), #3293, .T. ) ;
#2403 = LINE ( 'NONE', #3469, #5076 ) ;
#2404 = CARTESIAN_POINT ( 'NONE',  ( 7.929126653717996298, 18.19999999999999574, -2.716401017527264816 ) ) ;
#2405 = DIRECTION ( 'NONE',  ( 0.000000000000000000, 0.000000000000000000, -1.000000000000000000 ) ) ;
#2406 = CARTESIAN_POINT ( 'NONE',  ( 0.4538461538461536215, 18.10000000000000142, -3.399999999999999911 ) ) ;
#2407 = EDGE_LOOP ( 'NONE', ( #2641, #4350, #2785, #1174 ) ) ;
#2408 = CARTESIAN_POINT ( 'NONE',  ( -2.265865384615383338, 18.19999999999999929, -3.101923076923076561 ) ) ;
#2409 = ADVANCED_FACE ( 'NONE', ( #1766 ), #4201, .T. ) ;
#2410 = EDGE_LOOP ( 'NONE', ( #2132, #783, #4688, #935 ) ) ;
#2411 = EDGE_LOOP ( 'NONE', ( #655, #3016, #3822, #4219 ) ) ;
#2412 = DIRECTION ( 'NONE',  ( 1.000000000000000000, 0.000000000000000000, 0.000000000000000000 ) ) ;
#2413 = ORIENTED_EDGE ( 'NONE', *, *, #631, .T. ) ;
#2414 = CARTESIAN_POINT ( 'NONE',  ( 3.315384615384616041, 18.10000000000000142, -3.399999999999999911 ) ) ;
#2415 = CARTESIAN_POINT ( 'NONE',  ( 2.903631010677926394, 18.10000000000000142, -1.619593970782625014 ) ) ;
#2416 = CARTESIAN_POINT ( 'NONE',  ( 2.931392159653424034, 18.10000000000000142, -3.299328212117354386 ) ) ;
#2417 = EDGE_CURVE ( 'NONE', #4161, #1973, #1154, .T. ) ;
#2418 = EDGE_LOOP ( 'NONE', ( #1075, #4038, #2215, #3645 ) ) ;
#2419 = B_SPLINE_CURVE_WITH_KNOTS ( 'NONE', 3,
 ( #4428, #4872, #2102, #2461, #4503, #2156, #1739, #955, #3660, #1298, #2555, #2179, #127, #2863, #4792 ),
 .UNSPECIFIED., .F., .F.,
 ( 4, 1, 1, 1, 1, 1, 1, 1, 1, 1, 1, 1, 4 ),
 ( 0.000000000000000000, 0.08924249378152880607, 0.1729768290722679125, 0.2526551372368086024, 0.3289533944009838673, 0.4046880824662923981, 0.4814988935669582415, 0.5618700905962247250, 0.6456290048367236967, 0.7322912491886807151, 0.8191788448148049628, 0.9080746859653683334, 1.000000000000000000 ),
 .UNSPECIFIED. ) ;
#2420 = CARTESIAN_POINT ( 'NONE',  ( 4.004609738356283088, 18.20000000000000284, -2.845397204304962457 ) ) ;
#2421 = DIRECTION ( 'NONE',  ( 1.000000000000000000, 0.000000000000000000, 0.000000000000000000 ) ) ;
#2422 = CARTESIAN_POINT ( 'NONE',  ( 3.728377636870738421, 18.19999999999999929, -2.740848760997148137 ) ) ;
#2423 = VERTEX_POINT ( 'NONE', #2260 ) ;
#2424 = VERTEX_POINT ( 'NONE', #3814 ) ;
#2425 = CARTESIAN_POINT ( 'NONE',  ( 4.064567905724292274, 18.19999999999999929, -2.568264613888620485 ) ) ;
#2426 = CARTESIAN_POINT ( 'NONE',  ( -8.149999999999998579, 0.000000000000000000, 3.999999999999999112 ) ) ;
#2427 = DIRECTION ( 'NONE',  ( -1.000000000000000000, 0.000000000000000000, 0.000000000000000000 ) ) ;
#2428 = APPLICATION_CONTEXT ( 'automotive_design' ) ;
#2429 = CARTESIAN_POINT ( 'NONE',  ( 5.135196560720766357, 18.10000000000000497, -1.498682840318683596 ) ) ;
#2430 = DIRECTION ( 'NONE',  ( -0.000000000000000000, 1.000000000000000000, -0.000000000000000000 ) ) ;
#2431 = DIRECTION ( 'NONE',  ( 1.000000000000000000, 0.000000000000000000, 0.000000000000000000 ) ) ;
#2432 = CARTESIAN_POINT ( 'NONE',  ( 5.564804083632930443, 18.10000000000000497, -2.996529776171388715 ) ) ;
#2433 = ORIENTED_EDGE ( 'NONE', *, *, #4146, .T. ) ;
#2434 = DIRECTION ( 'NONE',  ( 1.000000000000000000, 0.000000000000000000, 0.000000000000000000 ) ) ;
#2435 = CARTESIAN_POINT ( 'NONE',  ( -6.561538461538460432, 18.10000000000000142, -1.000000000000000000 ) ) ;
#2436 = AXIS2_PLACEMENT_3D ( 'NONE', #158, #586, #1303 ) ;
#2437 = CARTESIAN_POINT ( 'NONE',  ( 8.055720882108712289, 18.20000000000000639, -3.158487338531030364 ) ) ;
#2438 = ORIENTED_EDGE ( 'NONE', *, *, #2940, .T. ) ;
#2439 = ORIENTED_EDGE ( 'NONE', *, *, #3153, .T. ) ;
#2440 = CARTESIAN_POINT ( 'NONE',  ( 3.409183886520096962, 18.19999999999999574, -1.255977642365009084 ) ) ;
#2441 = AXIS2_PLACEMENT_3D ( 'NONE', #3527, #5044, #2421 ) ;
#2442 = ORIENTED_EDGE ( 'NONE', *, *, #2454, .T. ) ;
#2443 = CARTESIAN_POINT ( 'NONE',  ( 2.631357219009320847, 18.09999999999999787, -2.869763943659481953 ) ) ;
#2444 = AXIS2_PLACEMENT_3D ( 'NONE', #640, #4933, #2213 ) ;
#2445 = FACE_OUTER_BOUND ( 'NONE', #4759, .T. ) ;
#2446 = ORIENTED_EDGE ( 'NONE', *, *, #4595, .T. ) ;
#2447 = CARTESIAN_POINT ( 'NONE',  ( 8.115384615384616751, 18.10000000000000142, -2.870192307692307487 ) ) ;
#2448 = CARTESIAN_POINT ( 'NONE',  ( -9.000000000000000000, 17.69999999999999929, -4.500000000000000888 ) ) ;
#2449 = B_SPLINE_SURFACE_WITH_KNOTS ( 'NONE', 3, 1, ( 
 ( #3395, #1039 ),
 ( #237, #4580 ),
 ( #2679, #4244 ),
 ( #1484, #2653 ),
 ( #2990, #1404 ),
 ( #2632, #4951 ),
 ( #3841, #2283 ),
 ( #3813, #3042 ),
 ( #4608, #1087 ),
 ( #4222, #4149 ),
 ( #708, #313 ),
 ( #4554, #2605 ),
 ( #2233, #637 ),
 ( #2209, #4176 ),
 ( #1894, #3461 ),
 ( #5028, #1510 ),
 ( #3067, #39 ),
 ( #357, #4315 ),
 ( #4368, #2327 ) ),
 .UNSPECIFIED., .F., .F., .F.,
 ( 4, 1, 1, 1, 1, 1, 1, 1, 1, 1, 1, 1, 1, 1, 1, 1, 4 ),
 ( 2, 2 ),
 ( 0.000000000000000000, 0.08773102264437469822, 0.1690056846605411667, 0.2448021443962126731, 0.3142317617715638667, 0.3789415805204454646, 0.4391718549354322598, 0.4957867026411696965, 0.5494347689706723381, 0.6020003354234680915, 0.6542545252912729259, 0.7069046930323722444, 0.7612021463875934257, 0.8168623067330522680, 0.8746699957507750867, 0.9360077445631973525, 1.000000000000000000 ),
 ( 0.000000000000000000, 1.000000000000000000 ),
 .UNSPECIFIED. ) ;
#2450 = DIRECTION ( 'NONE',  ( 0.000000000000000000, -1.000000000000000000, 0.000000000000000000 ) ) ;
#2451 = CARTESIAN_POINT ( 'NONE',  ( -2.466932861722537229, 18.19999999999999929, -3.399400766561992082 ) ) ;
#2452 =( GEOMETRIC_REPRESENTATION_CONTEXT ( 3 ) GLOBAL_UNCERTAINTY_ASSIGNED_CONTEXT ( ( #4408 ) ) GLOBAL_UNIT_ASSIGNED_CONTEXT ( ( #4072, #2128, #1270 ) ) REPRESENTATION_CONTEXT ( 'NONE', 'WORKASPACE' ) );
#2453 = ORIENTED_EDGE ( 'NONE', *, *, #261, .F. ) ;
#2454 = EDGE_CURVE ( 'NONE', #3968, #3030, #1431, .T. ) ;
#2455 = ORIENTED_EDGE ( 'NONE', *, *, #1602, .F. ) ;
#2456 = CARTESIAN_POINT ( 'NONE',  ( 5.477577880266427002, 18.10000000000000142, -2.425489111870404724 ) ) ;
#2457 = AXIS2_PLACEMENT_3D ( 'NONE', #829, #3205, #741 ) ;
#2458 = CARTESIAN_POINT ( 'NONE',  ( 3.267965732233285792, 18.20000000000000284, -1.247925018653117890 ) ) ;
#2459 = CARTESIAN_POINT ( 'NONE',  ( 0.000000000000000000, 18.19999999999999929, 0.000000000000000000 ) ) ;
#2460 = CARTESIAN_POINT ( 'NONE',  ( 8.150000000000002132, -3.000000000000000000, 3.599999999999999201 ) ) ;
#2461 = CARTESIAN_POINT ( 'NONE',  ( -2.058880598214879676, 18.19999999999999574, -3.336814937498076894 ) ) ;
#2462 = EDGE_CURVE ( 'NONE', #621, #477, #1864, .T. ) ;
#2463 = FACE_OUTER_BOUND ( 'NONE', #3790, .T. ) ;
#2464 = ORIENTED_EDGE ( 'NONE', *, *, #1868, .F. ) ;
#2465 = CARTESIAN_POINT ( 'NONE',  ( 3.003292774680716537, 18.19999999999999929, -2.971672128905175736 ) ) ;
#2466 = CARTESIAN_POINT ( 'NONE',  ( 2.978157993061859798, 18.19999999999999929, -3.326107752057128053 ) ) ;
#2467 = UNCERTAINTY_MEASURE_WITH_UNIT (LENGTH_MEASURE( 1.000000000000000082E-05 ), #3436, 'distance_accuracy_value', 'NONE');
#2468 = ORIENTED_EDGE ( 'NONE', *, *, #1768, .T. ) ;
#2469 = CARTESIAN_POINT ( 'NONE',  ( -5.077960781242496502, 18.09999999999999432, -1.437153954985861848 ) ) ;
#2470 = ORIENTED_EDGE ( 'NONE', *, *, #3707, .T. ) ;
#2471 = ORIENTED_EDGE ( 'NONE', *, *, #455, .F. ) ;
#2472 = DIRECTION ( 'NONE',  ( -0.000000000000000000, 1.000000000000000000, -0.000000000000000000 ) ) ;
#2473 = ORIENTED_EDGE ( 'NONE', *, *, #969, .T. ) ;
#2474 = CARTESIAN_POINT ( 'NONE',  ( 2.771938851578563234, 18.19999999999998508, -3.149975448221549623 ) ) ;
#2475 = PRODUCT_RELATED_PRODUCT_CATEGORY ( 'part', '', ( #2807 ) ) ;
#2476 = CARTESIAN_POINT ( 'NONE',  ( 2.771938851578563234, 18.09999999999999787, -3.149975448221549623 ) ) ;
#2477 = ADVANCED_FACE ( 'NONE', ( #265 ), #314, .T. ) ;
#2478 = VERTEX_POINT ( 'NONE', #3793 ) ;
#2479 = CARTESIAN_POINT ( 'NONE',  ( 4.077285751806663860, 18.10000000000000497, -2.427461949620420167 ) ) ;
#2480 = FACE_OUTER_BOUND ( 'NONE', #2069, .T. ) ;
#2481 = CARTESIAN_POINT ( 'NONE',  ( 5.452979305625587081, 18.20000000000000639, -2.855655843047851139 ) ) ;
#2482 = FACE_OUTER_BOUND ( 'NONE', #936, .T. ) ;
#2483 = ORIENTED_EDGE ( 'NONE', *, *, #942, .T. ) ;
#2484 = CARTESIAN_POINT ( 'NONE',  ( 9.000000000000000000, 17.69999999999999929, 4.500000000000000888 ) ) ;
#2485 = CARTESIAN_POINT ( 'NONE',  ( -3.453846153846152678, 18.10000000000000142, -3.399999999999999911 ) ) ;
#2486 = CARTESIAN_POINT ( 'NONE',  ( 2.779326923076924416, 18.20000000000000284, -1.200480769230769296 ) ) ;
#2487 = CARTESIAN_POINT ( 'NONE',  ( 8.225000000000001421, 18.10000000000000142, -3.399999999999999911 ) ) ;
#2488 = CARTESIAN_POINT ( 'NONE',  ( 3.218888391468177179, 18.20000000000000284, -3.113984868111275617 ) ) ;
#2489 = ORIENTED_EDGE ( 'NONE', *, *, #3334, .F. ) ;
#2490 = DIRECTION ( 'NONE',  ( -0.000000000000000000, 1.000000000000000000, -0.000000000000000000 ) ) ;
#2491 = CARTESIAN_POINT ( 'NONE',  ( 2.546938034086394964, 18.10000000000000142, -2.129631629529233017 ) ) ;
#2492 = CARTESIAN_POINT ( 'NONE',  ( -5.096649554142043570, 18.10000000000000497, -1.374844224452763664 ) ) ;
#2493 = VERTEX_POINT ( 'NONE', #666 ) ;
#2494 = ORIENTED_EDGE ( 'NONE', *, *, #146, .T. ) ;
#2495 = CARTESIAN_POINT ( 'NONE',  ( -6.253846153846152944, 18.10000000000000142, -1.000000000000000000 ) ) ;
#2496 = DIRECTION ( 'NONE',  ( -1.000000000000000000, 0.000000000000000000, 0.000000000000000000 ) ) ;
#2497 = DIRECTION ( 'NONE',  ( -0.3007423372023669828, 0.000000000000000000, 0.9537054296867862879 ) ) ;
#2498 = CARTESIAN_POINT ( 'NONE',  ( 3.134843345529545910, 18.10000000000000142, -1.290005227956964706 ) ) ;
#2499 = CARTESIAN_POINT ( 'NONE',  ( 3.362791624304162230, 18.10000000000000497, -1.247963719025054541 ) ) ;
#2500 = ORIENTED_EDGE ( 'NONE', *, *, #4322, .T. ) ;
#2501 = FACE_OUTER_BOUND ( 'NONE', #2892, .T. ) ;
#2502 = ADVANCED_FACE ( 'NONE', ( #2234 ), #3488, .T. ) ;
#2503 = ORIENTED_EDGE ( 'NONE', *, *, #735, .T. ) ;
#2504 = PLANE ( 'NONE',  #205 ) ;
#2505 = CARTESIAN_POINT ( 'NONE',  ( 3.020043355269099283, 18.10000000000000142, -1.383686435946038351 ) ) ;
#2506 = FACE_OUTER_BOUND ( 'NONE', #3594, .T. ) ;
#2507 = CARTESIAN_POINT ( 'NONE',  ( 9.500000000000000000, 17.69999999999999929, 5.000000000000000000 ) ) ;
#2508 = CARTESIAN_POINT ( 'NONE',  ( 3.264779896615866761, 18.19999999999999574, -3.121837077022470819 ) ) ;
#2509 = CARTESIAN_POINT ( 'NONE',  ( 2.721084664008242893, 18.09999999999999787, -1.284496082387477811 ) ) ;
#2510 = CARTESIAN_POINT ( 'NONE',  ( -0.6538461538461524114, 18.19999999999999929, -1.000000000000000000 ) ) ;
#2511 = ORIENTED_EDGE ( 'NONE', *, *, #4962, .T. ) ;
#2512 = ADVANCED_FACE ( 'NONE', ( #1187 ), #1663, .T. ) ;
#2513 = ORIENTED_EDGE ( 'NONE', *, *, #5088, .F. ) ;
#2514 = EDGE_CURVE ( 'NONE', #5058, #4929, #1581, .T. ) ;
#2515 = CARTESIAN_POINT ( 'NONE',  ( 3.499599533645422866, 18.10000000000000853, -3.077129742952577462 ) ) ;
#2516 = LINE ( 'NONE', #968, #457 ) ;
#2517 = CARTESIAN_POINT ( 'NONE',  ( 1.776923076923077049, 18.19999999999999929, -1.000000000000000000 ) ) ;
#2518 = VECTOR ( 'NONE', #295, 1000.000000000000000 ) ;
#2519 = CARTESIAN_POINT ( 'NONE',  ( -8.284615384615383604, 18.10000000000000142, -3.123076923076922640 ) ) ;
#2520 = AXIS2_PLACEMENT_3D ( 'NONE', #4340, #775, #2349 ) ;
#2521 = EDGE_CURVE ( 'NONE', #2359, #2182, #1213, .T. ) ;
#2522 = ORIENTED_EDGE ( 'NONE', *, *, #2556, .T. ) ;
#2523 = CARTESIAN_POINT ( 'NONE',  ( 4.044465926960723046, 18.19999999999999574, -2.690956010443585456 ) ) ;
#2524 = CARTESIAN_POINT ( 'NONE',  ( 3.495164451837819097, 18.19999999999999929, -3.382794865329382006 ) ) ;
#2525 = AXIS2_PLACEMENT_3D ( 'NONE', #1964, #3535, #2883 ) ;
#2526 = CARTESIAN_POINT ( 'NONE',  ( -5.099999999999998757, 18.19999999999999929, -1.363461538461538503 ) ) ;
#2527 = VECTOR ( 'NONE', #364, 1000.000000000000000 ) ;
#2528 = ORIENTED_EDGE ( 'NONE', *, *, #939, .F. ) ;
#2529 = DIRECTION ( 'NONE',  ( 0.000000000000000000, -1.000000000000000000, 0.000000000000000000 ) ) ;
#2530 = CARTESIAN_POINT ( 'NONE',  ( 3.134843345529545910, 18.19999999999999574, -1.290005227956964706 ) ) ;
#2531 =( GEOMETRIC_REPRESENTATION_CONTEXT ( 3 ) GLOBAL_UNCERTAINTY_ASSIGNED_CONTEXT ( ( #2161 ) ) GLOBAL_UNIT_ASSIGNED_CONTEXT ( ( #4449, #118, #3655 ) ) REPRESENTATION_CONTEXT ( 'NONE', 'WORKASPACE' ) );
#2532 = PLANE ( 'NONE',  #2851 ) ;
#2533 = DIRECTION ( 'NONE',  ( 1.000000000000000000, 0.000000000000000000, 0.000000000000000000 ) ) ;
#2534 = CARTESIAN_POINT ( 'NONE',  ( -1.714944158477354597, 18.19999999999999929, -2.429316474343960586 ) ) ;
#2535 = VERTEX_POINT ( 'NONE', #470 ) ;
#2536 = CARTESIAN_POINT ( 'NONE',  ( 8.423076923076923350, 18.10000000000000142, -3.399999999999999911 ) ) ;
#2537 = CARTESIAN_POINT ( 'NONE',  ( 5.623076923076923528, 18.10000000000000142, -3.061538461538461320 ) ) ;
#2538 = CARTESIAN_POINT ( 'NONE',  ( 2.992788461538461675, 18.10000000000000142, -2.958653846153846079 ) ) ;
#2539 = CARTESIAN_POINT ( 'NONE',  ( 3.410362879566767091, 18.10000000000000142, -3.112609316632037437 ) ) ;
#2540 = CARTESIAN_POINT ( 'NONE',  ( -2.513451802306759575, 18.10000000000000142, -2.261924479252429343 ) ) ;
#2541 = EDGE_CURVE ( 'NONE', #3484, #1974, #3578, .T. ) ;
#2542 = CARTESIAN_POINT ( 'NONE',  ( 0.9153846153846165734, 18.19999999999999929, -2.799999999999999822 ) ) ;
#2543 = VECTOR ( 'NONE', #4614, 1000.000000000000000 ) ;
#2544 = ORIENTED_EDGE ( 'NONE', *, *, #4521, .T. ) ;
#2545 = CARTESIAN_POINT ( 'NONE',  ( 3.315384615384616041, 18.19999999999999929, -3.399999999999999911 ) ) ;
#2546 = CARTESIAN_POINT ( 'NONE',  ( 7.701395832919349260, 18.09999999999999787, -2.579837375352686646 ) ) ;
#2547 = STYLED_ITEM ( 'NONE', ( #267 ), #463 ) ;
#2548 = EDGE_CURVE ( 'NONE', #4885, #1961, #3231, .T. ) ;
#2549 = DIRECTION ( 'NONE',  ( 0.000000000000000000, 0.000000000000000000, 1.000000000000000000 ) ) ;
#2550 = CARTESIAN_POINT ( 'NONE',  ( -2.542307692307691713, 18.19999999999999929, -3.123076923076922640 ) ) ;
#2551 = VECTOR ( 'NONE', #2405, 1000.000000000000000 ) ;
#2552 = DIRECTION ( 'NONE',  ( -0.000000000000000000, 1.000000000000000000, -0.000000000000000000 ) ) ;
#2553 = CARTESIAN_POINT ( 'NONE',  ( 3.769896036752482527, 18.19999999999999929, -1.924174558915090705 ) ) ;
#2554 = CARTESIAN_POINT ( 'NONE',  ( 0.9153846153846165734, 18.20000000000000284, -2.516346153846154010 ) ) ;
#2555 = CARTESIAN_POINT ( 'NONE',  ( -1.707456510073958045, 18.19999999999999929, -2.960112347905065722 ) ) ;
#2556 = EDGE_CURVE ( 'NONE', #2244, #2270, #807, .T. ) ;
#2557 = EDGE_CURVE ( 'NONE', #786, #3054, #358, .T. ) ;
#2558 = DIRECTION ( 'NONE',  ( 1.000000000000000000, -0.000000000000000000, 0.000000000000000000 ) ) ;
#2559 = ORIENTED_EDGE ( 'NONE', *, *, #248, .T. ) ;
#2560 = DIRECTION ( 'NONE',  ( 0.000000000000000000, 0.000000000000000000, 1.000000000000000000 ) ) ;
#2561 = LINE ( 'NONE', #4900, #2751 ) ;
#2562 = CARTESIAN_POINT ( 'NONE',  ( -6.561538461538460432, 18.19999999999999929, -1.276923076923077049 ) ) ;
#2563 = EDGE_CURVE ( 'NONE', #1169, #621, #2400, .T. ) ;
#2564 = CARTESIAN_POINT ( 'NONE',  ( 3.336553207373425423, 18.19999999999999218, -0.9695532734582819057 ) ) ;
#2565 = CARTESIAN_POINT ( 'NONE',  ( -2.074767633150751855, 18.10000000000000142, -2.439553844681967121 ) ) ;
#2566 = LINE ( 'NONE', #2113, #3206 ) ;
#2567 = CARTESIAN_POINT ( 'NONE',  ( 3.759876393278177353, 18.19999999999999574, -2.552200703506998014 ) ) ;
#2568 = CARTESIAN_POINT ( 'NONE',  ( 3.769896036752482527, 18.10000000000000142, -1.924174558915090705 ) ) ;
#2569 = ORIENTED_EDGE ( 'NONE', *, *, #782, .T. ) ;
#2570 = CARTESIAN_POINT ( 'NONE',  ( -3.453846153846152678, 18.10000000000000142, -1.000000000000000000 ) ) ;
#2571 = CARTESIAN_POINT ( 'NONE',  ( 2.546463846221115546, 18.19999999999999929, -2.217952049147305260 ) ) ;
#2572 = DIRECTION ( 'NONE',  ( 0.000000000000000000, 0.000000000000000000, -1.000000000000000000 ) ) ;
#2573 = DIRECTION ( 'NONE',  ( 0.000000000000000000, 0.000000000000000000, -1.000000000000000000 ) ) ;
#2574 = CARTESIAN_POINT ( 'NONE',  ( 5.554683873739917566, 18.09999999999999787, -2.570725532689420501 ) ) ;
#2575 = CARTESIAN_POINT ( 'NONE',  ( 2.885227487847910499, 18.19999999999999574, -1.098669532604227284 ) ) ;
#2576 = CARTESIAN_POINT ( 'NONE',  ( 8.150000000000002132, -3.000000000000000000, 3.199999999999999734 ) ) ;
#2577 = FACE_BOUND ( 'NONE', #4774, .T. ) ;
#2578 = DIRECTION ( 'NONE',  ( -1.000000000000000000, 0.000000000000000000, 0.000000000000000000 ) ) ;
#2579 = ORIENTED_EDGE ( 'NONE', *, *, #3799, .T. ) ;
#2580 = CARTESIAN_POINT ( 'NONE',  ( -2.527403846153844835, 18.10000000000000142, -1.984615384615384670 ) ) ;
#2581 = DIRECTION ( 'NONE',  ( 0.3055884099676584031, 0.000000000000000000, -0.9521637063517167654 ) ) ;
#2582 = DIRECTION ( 'NONE',  ( -0.000000000000000000, 1.000000000000000000, -0.000000000000000000 ) ) ;
#2583 = CARTESIAN_POINT ( 'NONE',  ( 2.906308194775690801, 18.10000000000000142, -2.748781090926442960 ) ) ;
#2584 = CARTESIAN_POINT ( 'NONE',  ( -2.287678691531958464, 18.19999999999999574, -3.107256912452172948 ) ) ;
#2585 = CARTESIAN_POINT ( 'NONE',  ( 5.930769230769231015, 18.10000000000000142, -3.369230769230769251 ) ) ;
#2586 = CARTESIAN_POINT ( 'NONE',  ( -8.022115384615382538, 18.10000000000000142, -1.276923076923077049 ) ) ;
#2587 = ORIENTED_EDGE ( 'NONE', *, *, #4056, .T. ) ;
#2588 = CARTESIAN_POINT ( 'NONE',  ( -4.924999999999998934, 18.10000000000000142, -1.000000000000000000 ) ) ;
#2589 = CIRCLE ( 'NONE', #3086, 0.4000000000000001887 ) ;
#2590 = CARTESIAN_POINT ( 'NONE',  ( -2.572115384615383693, 18.19999999999999929, -3.399999999999999911 ) ) ;
#2591 = AXIS2_PLACEMENT_3D ( 'NONE', #2646, #4213, #700 ) ;
#2592 = DIRECTION ( 'NONE',  ( -0.000000000000000000, 1.000000000000000000, -0.000000000000000000 ) ) ;
#2593 = ORIENTED_EDGE ( 'NONE', *, *, #1382, .T. ) ;
#2594 = CARTESIAN_POINT ( 'NONE',  ( 3.645932334544622400, 18.09999999999999787, -1.426778977376649715 ) ) ;
#2595 = LINE ( 'NONE', #277, #2754 ) ;
#2596 = CARTESIAN_POINT ( 'NONE',  ( 3.776622059628654160, 18.19999999999999929, -2.138454447030724292 ) ) ;
#2597 = CARTESIAN_POINT ( 'NONE',  ( 5.135196560720766357, 18.10000000000000497, -1.498682840318683596 ) ) ;
#2598 = EDGE_CURVE ( 'NONE', #4380, #1976, #1537, .T. ) ;
#2599 = AXIS2_PLACEMENT_3D ( 'NONE', #1142, #4658, #3579 ) ;
#2600 =( NAMED_UNIT ( * ) PLANE_ANGLE_UNIT ( ) SI_UNIT ( $, .RADIAN. ) );
#2601 = ORIENTED_EDGE ( 'NONE', *, *, #5029, .F. ) ;
#2602 = EDGE_LOOP ( 'NONE', ( #3182, #1693, #3139, #3639 ) ) ;
#2603 = DIRECTION ( 'NONE',  ( -0.000000000000000000, 1.000000000000000000, -0.000000000000000000 ) ) ;
#2604 = ORIENTED_EDGE ( 'NONE', *, *, #1382, .F. ) ;
#2605 = CARTESIAN_POINT ( 'NONE',  ( -2.074767633150751855, 18.19999999999999574, -2.439553844681967121 ) ) ;
#2606 = CIRCLE ( 'NONE', #379, 0.3999999999999993006 ) ;
#2607 = CARTESIAN_POINT ( 'NONE',  ( -1.773150575060601586, 18.20000000000000284, -2.305778009833629127 ) ) ;
#2608 = DIRECTION ( 'NONE',  ( 0.000000000000000000, 0.000000000000000000, -1.000000000000000000 ) ) ;
#2609 = EDGE_CURVE ( 'NONE', #3040, #1353, #3202, .T. ) ;
#2610 = AXIS2_PLACEMENT_3D ( 'NONE', #247, #941, #4563 ) ;
#2611 =( LENGTH_UNIT ( ) NAMED_UNIT ( * ) SI_UNIT ( .MILLI., .METRE. ) );
#2612 =( NAMED_UNIT ( * ) PLANE_ANGLE_UNIT ( ) SI_UNIT ( $, .RADIAN. ) );
#2613 = CARTESIAN_POINT ( 'NONE',  ( 8.211172319838404121, 18.19999999999999929, -3.373676773969032539 ) ) ;
#2614 = CARTESIAN_POINT ( 'NONE',  ( -5.035602071132847080, 18.19999999999999929, -1.574317143404572850 ) ) ;
#2615 = DIRECTION ( 'NONE',  ( 1.000000000000000000, 0.000000000000000000, 0.000000000000000000 ) ) ;
#2616 = EDGE_LOOP ( 'NONE', ( #1172, #823, #481, #3541 ) ) ;
#2617 = ORIENTED_EDGE ( 'NONE', *, *, #536, .T. ) ;
#2618 = CARTESIAN_POINT ( 'NONE',  ( 1.469230769230769562, 18.10000000000000142, -2.870192307692307487 ) ) ;
#2619 = EDGE_CURVE ( 'NONE', #4604, #3895, #854, .T. ) ;
#2620 = CARTESIAN_POINT ( 'NONE',  ( -5.278846153846153300, 18.10000000000000142, -1.000000000000000000 ) ) ;
#2621 = EDGE_CURVE ( 'NONE', #1578, #695, #1539, .T. ) ;
#2622 = CARTESIAN_POINT ( 'NONE',  ( -5.077960781242496502, 18.09999999999999432, -1.437153954985861848 ) ) ;
#2623 = VECTOR ( 'NONE', #3795, 1000.000000000000000 ) ;
#2624 = CARTESIAN_POINT ( 'NONE',  ( -4.450961538461537081, 18.10000000000000142, -3.399999999999999911 ) ) ;
#2625 = LINE ( 'NONE', #3782, #2355 ) ;
#2626 = CARTESIAN_POINT ( 'NONE',  ( 3.154487628615804340, 18.09999999999999076, -0.9820538248941480530 ) ) ;
#2627 = CARTESIAN_POINT ( 'NONE',  ( -5.109360721970400476, 18.10000000000000497, -1.395909515061808159 ) ) ;
#2628 = DIRECTION ( 'NONE',  ( -0.000000000000000000, 1.000000000000000000, -0.000000000000000000 ) ) ;
#2629 = ORIENTED_EDGE ( 'NONE', *, *, #4878, .F. ) ;
#2630 = DIRECTION ( 'NONE',  ( -0.000000000000000000, 1.000000000000000000, -0.000000000000000000 ) ) ;
#2631 = ORIENTED_EDGE ( 'NONE', *, *, #1534, .T. ) ;
#2632 = CARTESIAN_POINT ( 'NONE',  ( -2.291880202924505117, 18.10000000000000497, -2.289368416125960426 ) ) ;
#2633 = CARTESIAN_POINT ( 'NONE',  ( -1.669760732007673720, 18.10000000000000142, -2.685229055820534505 ) ) ;
#2634 = CARTESIAN_POINT ( 'NONE',  ( -9.500000000000000000, 0.000000000000000000, 4.500000000000001776 ) ) ;
#2635 = SURFACE_STYLE_USAGE ( .BOTH. , #1514 ) ;
#2636 = CARTESIAN_POINT ( 'NONE',  ( -2.287678691531958464, 18.10000000000000142, -3.107256912452172948 ) ) ;
#2637 = CARTESIAN_POINT ( 'NONE',  ( 4.083682586835209349, 18.09999999999999432, -2.082823203790411082 ) ) ;
#2638 = CARTESIAN_POINT ( 'NONE',  ( 7.782829691274330663, 18.19999999999999574, -2.926233763544645594 ) ) ;
#2639 = AXIS2_PLACEMENT_3D ( 'NONE', #3357, #468, #4091 ) ;
#2640 = DIRECTION ( 'NONE',  ( 0.000000000000000000, -0.000000000000000000, 1.000000000000000000 ) ) ;
#2641 = ORIENTED_EDGE ( 'NONE', *, *, #3799, .F. ) ;
#2642 = FILL_AREA_STYLE ('',( #4668 ) ) ;
#2643 = B_SPLINE_SURFACE_WITH_KNOTS ( 'NONE', 3, 1, ( 
 ( #3004, #3754 ),
 ( #4598, #2645 ),
 ( #3726, #171 ),
 ( #2622, #1001 ),
 ( #977, #2956 ),
 ( #653, #226 ),
 ( #1830, #196 ),
 ( #3427, #253 ),
 ( #1777, #601 ),
 ( #677, #4918 ),
 ( #4212, #3405 ) ),
 .UNSPECIFIED., .F., .F., .F.,
 ( 4, 1, 1, 1, 1, 1, 1, 1, 4 ),
 ( 2, 2 ),
 ( 0.000000000000000000, 0.08920477023324585586, 0.1898334556643478388, 0.2992325919749810326, 0.4192609378429065781, 0.5492073901909394484, 0.6890743636843497111, 0.8395791979483188117, 1.000000000000000000 ),
 ( 0.000000000000000000, 1.000000000000000000 ),
 .UNSPECIFIED. ) ;
#2644 = CARTESIAN_POINT ( 'NONE',  ( 7.853327119348947782, 18.10000000000000497, -2.667418883870759760 ) ) ;
#2645 = CARTESIAN_POINT ( 'NONE',  ( -5.096649554142043570, 18.20000000000000284, -1.374844224452763664 ) ) ;
#2646 = CARTESIAN_POINT ( 'NONE',  ( 8.150000000000078515, -3.000000000000000000, -3.600000000000000977 ) ) ;
#2647 = EDGE_CURVE ( 'NONE', #772, #1315, #3730, .T. ) ;
#2648 = CARTESIAN_POINT ( 'NONE',  ( 5.236994319973145906, 18.10000000000000142, -1.863193651523353145 ) ) ;
#2649 = CARTESIAN_POINT ( 'NONE',  ( -2.535568354910453071, 18.10000000000000142, -3.399791788581822072 ) ) ;
#2650 = PRESENTATION_STYLE_ASSIGNMENT (( #3012 ) ) ;
#2651 = ORIENTED_EDGE ( 'NONE', *, *, #3455, .F. ) ;
#2652 = LINE ( 'NONE', #4221, #3305 ) ;
#2653 = CARTESIAN_POINT ( 'NONE',  ( -2.404714144073598181, 18.19999999999999574, -2.267857542201235699 ) ) ;
#2654 = CARTESIAN_POINT ( 'NONE',  ( -1.773150575060601586, 18.10000000000000497, -2.305778009833629127 ) ) ;
#2655 = FACE_BOUND ( 'NONE', #2317, .T. ) ;
#2656 = B_SPLINE_CURVE_WITH_KNOTS ( 'NONE', 3,
 ( #3733, #3434, #307, #1478, #3390, #2178, #4948 ),
 .UNSPECIFIED., .F., .F.,
 ( 4, 1, 1, 1, 4 ),
 ( 0.000000000000000000, 0.2372165186042100860, 0.4825864912431352405, 0.7368469271779307661, 0.9999999999999998890 ),
 .UNSPECIFIED. ) ;
#2657 = CARTESIAN_POINT ( 'NONE',  ( 2.872436391460736260, 18.10000000000000142, -2.554772537676874844 ) ) ;
#2658 = PRESENTATION_STYLE_ASSIGNMENT (( #1873 ) ) ;
#2659 = CARTESIAN_POINT ( 'NONE',  ( 2.795851979522292030, 18.10000000000000142, -1.181903541130195245 ) ) ;
#2660 = CARTESIAN_POINT ( 'NONE',  ( -1.669982765383187129, 18.20000000000000284, -2.739160095924392468 ) ) ;
#2661 = ADVANCED_FACE ( 'NONE', ( #4845 ), #200, .T. ) ;
#2662 = FILL_AREA_STYLE_COLOUR ( '', #2939 ) ;
#2663 = EDGE_CURVE ( 'NONE', #1974, #333, #1371, .T. ) ;
#2664 = ORIENTED_EDGE ( 'NONE', *, *, #3207, .F. ) ;
#2665 = CARTESIAN_POINT ( 'NONE',  ( -3.946153846153845013, 18.10000000000000142, -3.399999999999999911 ) ) ;
#2666 = CARTESIAN_POINT ( 'NONE',  ( 6.176923076923078071, 18.19999999999999929, -1.984615384615384670 ) ) ;
#2667 = CARTESIAN_POINT ( 'NONE',  ( 3.233516542726175835, 18.19999999999999929, -0.9715660603322926470 ) ) ;
#2668 = EDGE_CURVE ( 'NONE', #3179, #4353, #3430, .T. ) ;
#2669 = CARTESIAN_POINT ( 'NONE',  ( -2.265865384615383338, 18.10000000000000142, -3.101923076923076561 ) ) ;
#2670 = VECTOR ( 'NONE', #50, 1000.000000000000000 ) ;
#2671 = PLANE ( 'NONE',  #954 ) ;
#2672 = CARTESIAN_POINT ( 'NONE',  ( -8.149999999999923972, 0.000000000000000000, -4.000000000000000888 ) ) ;
#2673 = CARTESIAN_POINT ( 'NONE',  ( -8.149999999999998579, -3.000000000000000000, 3.599999999999999201 ) ) ;
#2674 = DIRECTION ( 'NONE',  ( -0.000000000000000000, 0.000000000000000000, 1.000000000000000000 ) ) ;
#2675 = VERTEX_POINT ( 'NONE', #1782 ) ;
#2676 = VECTOR ( 'NONE', #1906, 1000.000000000000000 ) ;
#2677 = VERTEX_POINT ( 'NONE', #1319 ) ;
#2678 = DIRECTION ( 'NONE',  ( 0.000000000000000000, -1.000000000000000000, 0.000000000000000000 ) ) ;
#2679 = CARTESIAN_POINT ( 'NONE',  ( -2.468977492850748412, 18.10000000000000497, -2.262668106604234008 ) ) ;
#2680 = CARTESIAN_POINT ( 'NONE',  ( -2.038095505313256783, 18.10000000000000142, -2.064545618190203768 ) ) ;
#2681 = VECTOR ( 'NONE', #1654, 1000.000000000000000 ) ;
#2682 = FACE_BOUND ( 'NONE', #3787, .T. ) ;
#2683 =( NAMED_UNIT ( * ) SI_UNIT ( $, .STERADIAN. ) SOLID_ANGLE_UNIT ( ) );
#2684 = AXIS2_PLACEMENT_3D ( 'NONE', #91, #2450, #1682 ) ;
#2685 = PLANE ( 'NONE',  #3424 ) ;
#2686 = CARTESIAN_POINT ( 'NONE',  ( 7.782829691274330663, 18.19999999999999574, -2.926233763544645594 ) ) ;
#2687 = DIRECTION ( 'NONE',  ( 0.000000000000000000, 0.000000000000000000, -1.000000000000000000 ) ) ;
#2688 = AXIS2_PLACEMENT_3D ( 'NONE', #4071, #3685, #3312 ) ;
#2689 = CARTESIAN_POINT ( 'NONE',  ( -5.915384615384613909, 18.10000000000000142, -1.000000000000000000 ) ) ;
#2690 = ORIENTED_EDGE ( 'NONE', *, *, #4261, .F. ) ;
#2691 = ORIENTED_EDGE ( 'NONE', *, *, #2949, .F. ) ;
#2692 = DIRECTION ( 'NONE',  ( 0.000000000000000000, 0.000000000000000000, 1.000000000000000000 ) ) ;
#2693 = PRESENTATION_LAYER_ASSIGNMENT (  '', '', ( #2045 ) ) ;
#2694 = DIRECTION ( 'NONE',  ( 0.000000000000000000, -0.000000000000000000, -1.000000000000000000 ) ) ;
#2696 = ADVANCED_FACE ( 'NONE', ( #3364 ), #3287, .T. ) ;
#2695 = CARTESIAN_POINT ( 'NONE',  ( 0.9377698548392356948, 18.10000000000000497, -2.525554182939440562 ) ) ;
#2697 = CARTESIAN_POINT ( 'NONE',  ( 2.860846452848627930, 18.19999999999999574, -1.923852666564324299 ) ) ;
#2698 = LINE ( 'NONE', #727, #4647 ) ;
#2699 = DIRECTION ( 'NONE',  ( 0.000000000000000000, 0.000000000000000000, 1.000000000000000000 ) ) ;
#2700 = ORIENTED_EDGE ( 'NONE', *, *, #3201, .F. ) ;
#2701 = ORIENTED_EDGE ( 'NONE', *, *, #4484, .T. ) ;
#2702 = DIRECTION ( 'NONE',  ( 0.9542223647567410483, 0.000000000000000000, -0.2990981086500767994 ) ) ;
#2703 = CARTESIAN_POINT ( 'NONE',  ( 7.929126653717996298, 18.19999999999999574, -2.716401017527264816 ) ) ;
#2704 = CARTESIAN_POINT ( 'NONE',  ( -2.527403846153844835, 18.19999999999999929, -1.984615384615384670 ) ) ;
#2705 = ADVANCED_FACE ( 'NONE', ( #2933 ), #2721, .T. ) ;
#2706 = LINE ( 'NONE', #808, #3011 ) ;
#2707 = FACE_OUTER_BOUND ( 'NONE', #5095, .T. ) ;
#2708 = CARTESIAN_POINT ( 'NONE',  ( -9.500000000000000000, 17.69999999999999929, -5.000000000000000000 ) ) ;
#2709 = EDGE_CURVE ( 'NONE', #3621, #4175, #907, .T. ) ;
#2710 = CARTESIAN_POINT ( 'NONE',  ( 8.055720882108712289, 18.10000000000000853, -3.158487338531030364 ) ) ;
#2711 = CARTESIAN_POINT ( 'NONE',  ( 8.211172319838404121, 18.19999999999999929, -3.373676773969032539 ) ) ;
#2712 = ORIENTED_EDGE ( 'NONE', *, *, #3823, .T. ) ;
#2713 = CARTESIAN_POINT ( 'NONE',  ( -0.6538461538461524114, 18.10000000000000142, -3.123076923076922640 ) ) ;
#2714 = VERTEX_POINT ( 'NONE', #2981 ) ;
#2715 = DIRECTION ( 'NONE',  ( -1.000000000000000000, 0.000000000000000000, 0.000000000000000000 ) ) ;
#2716 = EDGE_CURVE ( 'NONE', #2108, #4506, #2625, .T. ) ;
#2717 = DIRECTION ( 'NONE',  ( -0.9537054296867863989, 0.000000000000000000, -0.3007423372023670383 ) ) ;
#2718 = LINE ( 'NONE', #1522, #3103 ) ;
#2719 = CARTESIAN_POINT ( 'NONE',  ( -6.623076923076922640, 18.10000000000000142, -3.123076923076922640 ) ) ;
#2720 = DIRECTION ( 'NONE',  ( -1.000000000000000000, 0.000000000000000000, 0.000000000000000000 ) ) ;
#2721 = B_SPLINE_SURFACE_WITH_KNOTS ( 'NONE', 3, 1, ( 
 ( #928, #1757 ),
 ( #4474, #604 ),
 ( #4923, #4398 ),
 ( #3336, #2827 ),
 ( #4426, #500 ),
 ( #2073, #152 ),
 ( #1348, #4818 ),
 ( #3258, #2905 ),
 ( #981, #4045 ),
 ( #2153, #2176 ),
 ( #2505, #952 ),
 ( #4891, #1737 ),
 ( #4500, #550 ),
 ( #4070, #2530 ),
 ( #528, #883 ),
 ( #4098, #3711 ),
 ( #3311, #2458 ),
 ( #4120, #4021 ),
 ( #3635, #1687 ) ),
 .UNSPECIFIED., .F., .F., .F.,
 ( 4, 1, 1, 1, 1, 1, 1, 1, 1, 1, 1, 1, 1, 1, 1, 1, 4 ),
 ( 2, 2 ),
 ( 0.000000000000000000, 0.1184055081537697673, 0.2266543328167019145, 0.3240923419286019236, 0.4117048030053219176, 0.4890259050064155177, 0.5569093973430760958, 0.6162333444927066139, 0.6673492812770748239, 0.7135123932013480719, 0.7576965045209782534, 0.7994925114422912760, 0.8399760647439390437, 0.8798857418167758127, 0.9191486593857416398, 0.9592273564930835494, 1.000000000000000000 ),
 ( 0.000000000000000000, 1.000000000000000000 ),
 .UNSPECIFIED. ) ;
#2722 = CARTESIAN_POINT ( 'NONE',  ( 4.779444433441320861, 18.19999999999999574, -1.227759138775727399 ) ) ;
#2723 = CARTESIAN_POINT ( 'NONE',  ( 2.675179253312191641, 18.19999999999999929, -1.380966216061077168 ) ) ;
#2724 = ADVANCED_FACE ( 'NONE', ( #3806 ), #4946, .T. ) ;
#2725 = APPLICATION_PROTOCOL_DEFINITION ( 'draft international standard', 'automotive_design', 1998, #2428 ) ;
#2726 = VERTEX_POINT ( 'NONE', #3479 ) ;
#2727 = ORIENTED_EDGE ( 'NONE', *, *, #3049, .T. ) ;
#2728 = CYLINDRICAL_SURFACE ( 'NONE', #3543, 0.5000000000000004441 ) ;
#2729 = CARTESIAN_POINT ( 'NONE',  ( -0.6538461538461524114, 18.19999999999999929, -3.123076923076922640 ) ) ;
#2730 = CARTESIAN_POINT ( 'NONE',  ( 2.853846153846154809, 18.10000000000000142, -2.184615384615384848 ) ) ;
#2731 = CARTESIAN_POINT ( 'NONE',  ( 4.763794170705773823, 18.19999999999999574, -1.073020775578815922 ) ) ;
#2732 = CARTESIAN_POINT ( 'NONE',  ( -4.284615384615384492, 18.10000000000000142, -1.000000000000000000 ) ) ;
#2733 = ORIENTED_EDGE ( 'NONE', *, *, #465, .T. ) ;
#2734 = CARTESIAN_POINT ( 'NONE',  ( 0.9153846153846165734, 18.10000000000000142, -2.799999999999999822 ) ) ;
#2735 = EDGE_LOOP ( 'NONE', ( #110, #4117, #447, #73 ) ) ;
#2736 = VERTEX_POINT ( 'NONE', #4191 ) ;
#2737 = CYLINDRICAL_SURFACE ( 'NONE', #3270, 0.3999999999999993006 ) ;
#2738 = CARTESIAN_POINT ( 'NONE',  ( 2.846017106966918675, 18.19999999999998863, -3.233123557294836470 ) ) ;
#2739 = CARTESIAN_POINT ( 'NONE',  ( 4.883857184201487733, 18.10000000000000497, -1.710553263832049975 ) ) ;
#2740 = CARTESIAN_POINT ( 'NONE',  ( 2.957202061001956039, 18.10000000000000142, -2.899156975764275224 ) ) ;
#2741 = CARTESIAN_POINT ( 'NONE',  ( 2.952673102015411111, 18.20000000000000284, -1.478483989688305522 ) ) ;
#2742 = CARTESIAN_POINT ( 'NONE',  ( -1.423076923076922684, 18.19999999999999929, -3.123076923076922640 ) ) ;
#2743 = CARTESIAN_POINT ( 'NONE',  ( 2.558742542046325674, 18.10000000000000142, -1.874083075895056627 ) ) ;
#2744 = ORIENTED_EDGE ( 'NONE', *, *, #942, .F. ) ;
#2745 = B_SPLINE_CURVE_WITH_KNOTS ( 'NONE', 3,
 ( #1695, #1307, #3243, #3299, #3646, #4855, #2915, #2871, #4485, #4439, #4904, #1385, #2894, #2515, #967, #2539, #4032, #3071, #4250 ),
 .UNSPECIFIED., .F., .F.,
 ( 4, 1, 1, 1, 1, 1, 1, 1, 1, 1, 1, 1, 1, 1, 1, 1, 4 ),
 ( 0.000000000000000000, 0.1156291309254414840, 0.2215410391198764650, 0.3170478562190413574, 0.4031508756396167126, 0.4801812167162797240, 0.5476493661481897091, 0.6070358428421809283, 0.6586524080635072220, 0.7057228903536461040, 0.7498040879796473712, 0.7925868153452740872, 0.8338739610102610111, 0.8747683933034329229, 0.9152226988916376538, 0.9568807037304793983, 1.000000000000000000 ),
 .UNSPECIFIED. ) ;
#2746 = EDGE_LOOP ( 'NONE', ( #4043, #4383, #4903, #138 ) ) ;
#2747 = CARTESIAN_POINT ( 'NONE',  ( 0.9377698548392356948, 18.10000000000000497, -2.525554182939440562 ) ) ;
#2748 = CARTESIAN_POINT ( 'NONE',  ( 8.097667665084690825, 18.19999999999999929, -2.853106488880952529 ) ) ;
#2749 = AXIS2_PLACEMENT_3D ( 'NONE', #4282, #764, #3824 ) ;
#2750 = FACE_OUTER_BOUND ( 'NONE', #3960, .T. ) ;
#2751 = VECTOR ( 'NONE', #4458, 1000.000000000000000 ) ;
#2752 = CARTESIAN_POINT ( 'NONE',  ( 7.853327119348947782, 18.20000000000000284, -2.667418883870759760 ) ) ;
#2753 = CARTESIAN_POINT ( 'NONE',  ( 1.352446128032018358, 18.20000000000000284, -2.767338551688109938 ) ) ;
#2754 = VECTOR ( 'NONE', #4168, 1000.000000000000000 ) ;
#2755 = CARTESIAN_POINT ( 'NONE',  ( -2.159875118442785347, 18.19999999999999929, -3.050132823464086762 ) ) ;
#2756 = EDGE_CURVE ( 'NONE', #1049, #3728, #4990, .T. ) ;
#2757 = CARTESIAN_POINT ( 'NONE',  ( -2.008409260630632964, 18.19999999999999929, -2.724912159888931207 ) ) ;
#2758 = ORIENTED_EDGE ( 'NONE', *, *, #4365, .F. ) ;
#2759 = CIRCLE ( 'NONE', #2034, 0.5000000000000004441 ) ;
#2760 = ADVANCED_FACE ( 'NONE', ( #680 ), #1006, .T. ) ;
#2761 = ORIENTED_EDGE ( 'NONE', *, *, #652, .T. ) ;
#2762 = DIRECTION ( 'NONE',  ( -1.000000000000000000, 0.000000000000000000, 0.000000000000000000 ) ) ;
#2763 = VERTEX_POINT ( 'NONE', #3408 ) ;
#2764 = CARTESIAN_POINT ( 'NONE',  ( 2.610959739297014082, 18.19999999999998508, -2.800852016738642369 ) ) ;
#2765 = AXIS2_PLACEMENT_3D ( 'NONE', #3808, #2983, #660 ) ;
#2766 = DIRECTION ( 'NONE',  ( -0.000000000000000000, 1.000000000000000000, -0.000000000000000000 ) ) ;
#2767 = EDGE_CURVE ( 'NONE', #2424, #4944, #1423, .T. ) ;
#2768 = VECTOR ( 'NONE', #2315, 1000.000000000000000 ) ;
#2769 = EDGE_CURVE ( 'NONE', #2182, #2104, #2595, .T. ) ;
#2770 = CARTESIAN_POINT ( 'NONE',  ( 2.853846153846154809, 18.10000000000000142, -2.184615384615384848 ) ) ;
#2771 = CARTESIAN_POINT ( 'NONE',  ( 5.069230769230770761, 18.10000000000000142, -1.000000000000000000 ) ) ;
#2772 = CARTESIAN_POINT ( 'NONE',  ( 3.410362879566767091, 18.19999999999999929, -3.112609316632037437 ) ) ;
#2773 = CARTESIAN_POINT ( 'NONE',  ( 8.423076923076923350, 18.10000000000000142, -1.000000000000000000 ) ) ;
#2774 = ORIENTED_EDGE ( 'NONE', *, *, #3248, .T. ) ;
#2775 = ORIENTED_EDGE ( 'NONE', *, *, #3324, .F. ) ;
#2776 = DIRECTION ( 'NONE',  ( -1.000000000000000000, 0.000000000000000000, 0.000000000000000000 ) ) ;
#2777 = LINE ( 'NONE', #4292, #3021 ) ;
#2778 = EDGE_CURVE ( 'NONE', #4758, #2478, #3387, .T. ) ;
#2779 = PLANE ( 'NONE',  #1794 ) ;
#2780 = CARTESIAN_POINT ( 'NONE',  ( -3.946153846153845013, 18.10000000000000142, -1.000000000000000000 ) ) ;
#2781 = CARTESIAN_POINT ( 'NONE',  ( 7.583923700993079997, 18.19999999999999929, -2.525554182939439674 ) ) ;
#2782 = DIRECTION ( 'NONE',  ( -1.000000000000000000, 0.000000000000000000, 0.000000000000000000 ) ) ;
#2783 = CARTESIAN_POINT ( 'NONE',  ( -2.527403846153844835, 18.10000000000000142, -1.984615384615384670 ) ) ;
#2784 = EDGE_CURVE ( 'NONE', #365, #332, #1855, .T. ) ;
#2785 = ORIENTED_EDGE ( 'NONE', *, *, #455, .T. ) ;
#2786 = CARTESIAN_POINT ( 'NONE',  ( -2.247094459223405671, 18.10000000000000142, -3.095451486059088264 ) ) ;
#2787 = VERTEX_POINT ( 'NONE', #658 ) ;
#2788 = AXIS2_PLACEMENT_3D ( 'NONE', #1248, #1143, #3146 ) ;
#2789 = VERTEX_POINT ( 'NONE', #2226 ) ;
#2790 = DIRECTION ( 'NONE',  ( -1.000000000000000000, 0.000000000000000000, 0.000000000000000000 ) ) ;
#2791 = EDGE_LOOP ( 'NONE', ( #3256, #3075, #272, #2470 ) ) ;
#2792 = CARTESIAN_POINT ( 'NONE',  ( 2.846017106966918675, 18.10000000000000142, -3.233123557294836470 ) ) ;
#2793 = ORIENTED_EDGE ( 'NONE', *, *, #1200, .F. ) ;
#2794 = CARTESIAN_POINT ( 'NONE',  ( 2.978157993061859798, 18.10000000000000142, -3.326107752057128053 ) ) ;
#2795 = VERTEX_POINT ( 'NONE', #2960 ) ;
#2796 = CARTESIAN_POINT ( 'NONE',  ( 3.728348910570527863, 18.10000000000000142, -3.281893800862494270 ) ) ;
#2797 = LINE ( 'NONE', #3111, #3829 ) ;
#2798 = CARTESIAN_POINT ( 'NONE',  ( -8.284615384615383604, 18.10000000000000142, -3.399999999999999911 ) ) ;
#2799 = ORIENTED_EDGE ( 'NONE', *, *, #1351, .F. ) ;
#2800 = ORIENTED_EDGE ( 'NONE', *, *, #2926, .T. ) ;
#2801 = CARTESIAN_POINT ( 'NONE',  ( 3.935563269827206057, 18.19999999999999574, -3.022916728556235721 ) ) ;
#2802 = AXIS2_PLACEMENT_3D ( 'NONE', #1926, #2717, #3497 ) ;
#2803 = CARTESIAN_POINT ( 'NONE',  ( 3.776923076923076827, 18.10000000000000142, -2.184615384615384848 ) ) ;
#2804 = CARTESIAN_POINT ( 'NONE',  ( -0.6538461538461524114, 18.10000000000000142, -3.123076923076922640 ) ) ;
#2805 = CARTESIAN_POINT ( 'NONE',  ( 5.608109923590768986, 18.19999999999999929, -2.663426262958054291 ) ) ;
#2806 = CARTESIAN_POINT ( 'NONE',  ( -1.423076923076922684, 18.10000000000000142, -3.399999999999999911 ) ) ;
#2807 = PRODUCT ( 'ZMPT107-1', 'ZMPT107-1', '', ( #3138 ) ) ;
#2808 = CARTESIAN_POINT ( 'NONE',  ( 7.630574256133987099, 18.10000000000000142, -2.544743598796537665 ) ) ;
#2809 = CARTESIAN_POINT ( 'NONE',  ( 3.935563269827206057, 18.09999999999999432, -3.022916728556235721 ) ) ;
#2810 = CARTESIAN_POINT ( 'NONE',  ( -5.744711538461537259, 18.19999999999999929, -3.399999999999999911 ) ) ;
#2811 = CARTESIAN_POINT ( 'NONE',  ( -2.045738728102359349, 18.20000000000000284, -2.903315925913474871 ) ) ;
#2812 = ORIENTED_EDGE ( 'NONE', *, *, #4322, .F. ) ;
#2813 = VERTEX_POINT ( 'NONE', #4999 ) ;
#2814 = CARTESIAN_POINT ( 'NONE',  ( -3.946153846153845013, 18.19999999999999929, -1.000000000000000000 ) ) ;
#2815 = CARTESIAN_POINT ( 'NONE',  ( 2.807033930689045054, 18.10000000000000142, -3.194019714711821223 ) ) ;
#2816 = EDGE_CURVE ( 'NONE', #332, #2985, #5084, .T. ) ;
#2817 = CARTESIAN_POINT ( 'NONE',  ( -4.284615384615384492, 18.10000000000000142, -1.000000000000000000 ) ) ;
#2818 = ADVANCED_FACE ( 'NONE', ( #3062 ), #2276, .T. ) ;
#2819 = CARTESIAN_POINT ( 'NONE',  ( 2.779326923076924416, 18.20000000000000284, -1.200480769230769296 ) ) ;
#2820 = EDGE_LOOP ( 'NONE', ( #1590, #2831, #1992, #3449 ) ) ;
#2821 = CARTESIAN_POINT ( 'NONE',  ( 3.792374746408881947, 18.10000000000000142, -3.230157213527303561 ) ) ;
#2822 = CARTESIAN_POINT ( 'NONE',  ( -2.373856394399910030, 18.10000000000000497, -3.117933599874898487 ) ) ;
#2823 = ADVANCED_FACE ( 'NONE', ( #303 ), #2671, .T. ) ;
#2824 = CARTESIAN_POINT ( 'NONE',  ( -9.500000000000000000, 0.000000000000000000, -4.500000000000000888 ) ) ;
#2825 = VERTEX_POINT ( 'NONE', #627 ) ;
#2826 = CARTESIAN_POINT ( 'NONE',  ( 3.649711190051189380, 18.19999999999999218, -2.936315729415142961 ) ) ;
#2827 = CARTESIAN_POINT ( 'NONE',  ( 2.860846452848627930, 18.19999999999999574, -1.923852666564324299 ) ) ;
#2828 = CARTESIAN_POINT ( 'NONE',  ( 4.761538461538461497, 18.10000000000000142, -1.000000000000000000 ) ) ;
#2829 = CARTESIAN_POINT ( 'NONE',  ( -0.6538461538461524114, 18.10000000000000142, -1.000000000000000000 ) ) ;
#2830 = CARTESIAN_POINT ( 'NONE',  ( 3.312019230769231104, 18.10000000000000142, -3.123076923076922640 ) ) ;
#2831 = ORIENTED_EDGE ( 'NONE', *, *, #795, .F. ) ;
#2832 = VECTOR ( 'NONE', #49, 1000.000000000000114 ) ;
#2833 = DIRECTION ( 'NONE',  ( -0.000000000000000000, 1.000000000000000000, -0.000000000000000000 ) ) ;
#2834 = LINE ( 'NONE', #4932, #4307 ) ;
#2835 = EDGE_CURVE ( 'NONE', #3923, #621, #2202, .T. ) ;
#2836 = ORIENTED_EDGE ( 'NONE', *, *, #692, .T. ) ;
#2837 = MECHANICAL_DESIGN_GEOMETRIC_PRESENTATION_REPRESENTATION (  '', ( #3426 ), #4721 ) ;
#2838 = CARTESIAN_POINT ( 'NONE',  ( -7.143750878813161620, 18.20000000000000639, -2.996878775038471332 ) ) ;
#2839 = VERTEX_POINT ( 'NONE', #1133 ) ;
#2840 = EDGE_LOOP ( 'NONE', ( #2442, #3362, #3090, #3392, #503, #2958, #206 ) ) ;
#2841 = CARTESIAN_POINT ( 'NONE',  ( 5.930769230769231015, 18.10000000000000142, -3.369230769230769251 ) ) ;
#2842 = VECTOR ( 'NONE', #1982, 1000.000000000000000 ) ;
#2843 = CARTESIAN_POINT ( 'NONE',  ( 3.924782351644866107, 18.10000000000000497, -1.319641031038868872 ) ) ;
#2844 = EDGE_LOOP ( 'NONE', ( #4550, #2056, #2090, #2489, #2208, #531, #3882 ) ) ;
#2845 = CARTESIAN_POINT ( 'NONE',  ( 1.029614205067056254, 18.09999999999999787, -2.858828467379156635 ) ) ;
#2846 = DIRECTION ( 'NONE',  ( -0.000000000000000000, 1.000000000000000000, -0.000000000000000000 ) ) ;
#2847 = AXIS2_PLACEMENT_3D ( 'NONE', #1357, #4105, #2162 ) ;
#2848 = LINE ( 'NONE', #870, #305 ) ;
#2849 = VECTOR ( 'NONE', #2434, 1000.000000000000000 ) ;
#2850 = VERTEX_POINT ( 'NONE', #352 ) ;
#2851 = AXIS2_PLACEMENT_3D ( 'NONE', #1664, #4099, #577 ) ;
#2852 = CARTESIAN_POINT ( 'NONE',  ( 4.004609738356283088, 18.10000000000000497, -2.845397204304962457 ) ) ;
#2853 = CARTESIAN_POINT ( 'NONE',  ( 5.912657523429853512, 18.10000000000000142, -3.099012180496111935 ) ) ;
#2854 = CARTESIAN_POINT ( 'NONE',  ( 1.776923076923077049, 18.19999999999999929, -3.399999999999999911 ) ) ;
#2855 = CARTESIAN_POINT ( 'NONE',  ( 2.546938034086394964, 18.19999999999999929, -2.129631629529233017 ) ) ;
#2856 = AXIS2_PLACEMENT_3D ( 'NONE', #3809, #4624, #1426 ) ;
#2857 = ORIENTED_EDGE ( 'NONE', *, *, #360, .F. ) ;
#2858 = ADVANCED_FACE ( 'NONE', ( #1157 ), #4333, .T. ) ;
#2859 = EDGE_LOOP ( 'NONE', ( #3588, #4450, #1027, #3284, #1660, #2471, #347, #369, #4255, #5071, #3623, #4111 ) ) ;
#2860 = CARTESIAN_POINT ( 'NONE',  ( 3.759876393278177353, 18.09999999999999432, -2.552200703506998014 ) ) ;
#2861 = CARTESIAN_POINT ( 'NONE',  ( 9.000000000000000000, 17.69999999999999929, -4.500000000000000888 ) ) ;
#2862 = LINE ( 'NONE', #4046, #47 ) ;
#2863 = CARTESIAN_POINT ( 'NONE',  ( -1.669982765383187129, 18.19999999999999929, -2.739160095924392468 ) ) ;
#2864 = CARTESIAN_POINT ( 'NONE',  ( 5.452979305625587081, 18.19999999999999929, -2.855655843047851139 ) ) ;
#2865 = LINE ( 'NONE', #913, #2264 ) ;
#2866 = CARTESIAN_POINT ( 'NONE',  ( -4.982211538461537970, 18.10000000000000142, -1.744711538461538369 ) ) ;
#2867 = CARTESIAN_POINT ( 'NONE',  ( 6.176923076923078071, 18.10000000000000142, -1.707692307692307621 ) ) ;
#2868 = CARTESIAN_POINT ( 'NONE',  ( 3.095161304938500280, 18.10000000000000497, -3.059130065727567072 ) ) ;
#2869 = ORIENTED_EDGE ( 'NONE', *, *, #3953, .T. ) ;
#2870 = VERTEX_POINT ( 'NONE', #1573 ) ;
#2871 = CARTESIAN_POINT ( 'NONE',  ( 3.706577419070720580, 18.10000000000000853, -2.817601877973650470 ) ) ;
#2872 = EDGE_CURVE ( 'NONE', #4944, #3040, #2797, .T. ) ;
#2873 = CARTESIAN_POINT ( 'NONE',  ( -6.253846153846152944, 18.10000000000000142, -3.399999999999999911 ) ) ;
#2874 = CARTESIAN_POINT ( 'NONE',  ( 3.027384934338290368, 18.09999999999999787, -3.349752154914120705 ) ) ;
#2875 = VERTEX_POINT ( 'NONE', #4360 ) ;
#2876 = CARTESIAN_POINT ( 'NONE',  ( 4.055449411551101058, 18.20000000000000284, -2.631941549491857213 ) ) ;
#2877 = CARTESIAN_POINT ( 'NONE',  ( -2.287678691531958464, 18.10000000000000142, -3.107256912452172948 ) ) ;
#2878 = CARTESIAN_POINT ( 'NONE',  ( -5.144633445661981774, 18.19999999999999574, -1.511192905079860926 ) ) ;
#2879 = VERTEX_POINT ( 'NONE', #5092 ) ;
#2880 = VECTOR ( 'NONE', #2630, 1000.000000000000000 ) ;
#2881 = ORIENTED_EDGE ( 'NONE', *, *, #1287, .T. ) ;
#2882 = CARTESIAN_POINT ( 'NONE',  ( 7.561538461538461320, 18.10000000000000142, -2.516346153846153566 ) ) ;
#2883 = DIRECTION ( 'NONE',  ( 0.000000000000000000, 0.000000000000000000, -1.000000000000000000 ) ) ;
#2884 = EDGE_CURVE ( 'NONE', #2051, #4028, #4672, .T. ) ;
#2885 = CARTESIAN_POINT ( 'NONE',  ( -8.438461538461536904, 18.19999999999999929, -1.288461538461538547 ) ) ;
#2886 = CARTESIAN_POINT ( 'NONE',  ( -2.373856394399910030, 18.20000000000000284, -3.117933599874898487 ) ) ;
#2887 = CARTESIAN_POINT ( 'NONE',  ( 3.175397551158673615, 18.20000000000000639, -3.100854224656199420 ) ) ;
#2888 = LINE ( 'NONE', #1717, #1831 ) ;
#2889 = CARTESIAN_POINT ( 'NONE',  ( -0.3153846153846149303, 18.19999999999999929, -1.000000000000000000 ) ) ;
#2890 = DIRECTION ( 'NONE',  ( 0.000000000000000000, 0.000000000000000000, -1.000000000000000000 ) ) ;
#2891 = CARTESIAN_POINT ( 'NONE',  ( -7.093471189335661897, 18.10000000000000142, -3.061967754530907637 ) ) ;
#2892 = EDGE_LOOP ( 'NONE', ( #2744, #4974, #1889, #1440 ) ) ;
#2893 = ORIENTED_EDGE ( 'NONE', *, *, #2252, .T. ) ;
#2894 = CARTESIAN_POINT ( 'NONE',  ( 3.541059518722352362, 18.10000000000000142, -3.051080081795100707 ) ) ;
#2895 = CARTESIAN_POINT ( 'NONE',  ( 3.893675568454759262, 18.19999999999999218, -1.267974801501045468 ) ) ;
#2896 = CARTESIAN_POINT ( 'NONE',  ( 1.565018473684557820, 18.10000000000000142, -3.373676773969032094 ) ) ;
#2897 = CARTESIAN_POINT ( 'NONE',  ( 3.315384615384616041, 18.19999999999999574, -1.246153846153845945 ) ) ;
#2898 = ORIENTED_EDGE ( 'NONE', *, *, #3616, .F. ) ;
#2899 = CARTESIAN_POINT ( 'NONE',  ( 3.578481221751953267, 18.20000000000000284, -3.357958215618551012 ) ) ;
#2900 = CARTESIAN_POINT ( 'NONE',  ( 8.060844925480052936, 18.09999999999999787, -2.817595486909846514 ) ) ;
#2901 = DIRECTION ( 'NONE',  ( 0.000000000000000000, -0.000000000000000000, 1.000000000000000000 ) ) ;
#2902 = VECTOR ( 'NONE', #3414, 1000.000000000000000 ) ;
#2903 = VERTEX_POINT ( 'NONE', #2036 ) ;
#2904 = CARTESIAN_POINT ( 'NONE',  ( 9.500000000000000000, 17.69999999999999929, -4.500000000000000888 ) ) ;
#2905 = CARTESIAN_POINT ( 'NONE',  ( 2.926685363257350847, 18.19999999999999574, -1.543196624343209589 ) ) ;
#2906 = DIRECTION ( 'NONE',  ( 0.000000000000000000, 1.000000000000000000, 0.000000000000000000 ) ) ;
#2907 = CARTESIAN_POINT ( 'NONE',  ( -8.149999999999923972, -3.000000000000000000, -3.600000000000000977 ) ) ;
#2908 = ADVANCED_FACE ( 'NONE', ( #375 ), #1237, .T. ) ;
#2909 = CARTESIAN_POINT ( 'NONE',  ( 3.264779896615866761, 18.09999999999999787, -3.121837077022470819 ) ) ;
#2910 = EDGE_LOOP ( 'NONE', ( #3386, #2775, #1528, #3643 ) ) ;
#2911 = CARTESIAN_POINT ( 'NONE',  ( -0.3153846153846149303, 18.19999999999999929, -3.123076923076922640 ) ) ;
#2912 = CARTESIAN_POINT ( 'NONE',  ( 2.548454474610803100, 18.10000000000000142, -2.025164989444831143 ) ) ;
#2913 = B_SPLINE_CURVE_WITH_KNOTS ( 'NONE', 3,
 ( #4673, #3858, #1158, #1908, #2722, #4287, #3480, #4697, #1525, #768, #4309, #5045, #2343, #3903, #377, #1957, #4420, #619, #2481, #3630, #1238, #4135, #2190 ),
 .UNSPECIFIED., .F., .F.,
 ( 4, 1, 1, 1, 1, 1, 1, 1, 1, 1, 1, 1, 1, 1, 1, 1, 1, 1, 1, 1, 4 ),
 ( 0.000000000000000000, 0.03151564373867424274, 0.06481006533273546422, 0.09991211289599512269, 0.1366760950200034963, 0.1751440237152077362, 0.2157659058959838783, 0.2581579823942000140, 0.3022942968481799331, 0.3927424795002074087, 0.4833004723787817092, 0.5744138652515148324, 0.6662924698498350340, 0.7120095546388085506, 0.7563734879424631741, 0.7998146506884959983, 0.8419610443957342705, 0.8828426900620671702, 0.9229177121409651852, 0.9619664608219107294, 1.000000000000000000 ),
 .UNSPECIFIED. ) ;
#2914 = FACE_OUTER_BOUND ( 'NONE', #2941, .T. ) ;
#2915 = CARTESIAN_POINT ( 'NONE',  ( 3.728377636870738421, 18.10000000000000142, -2.740848760997148137 ) ) ;
#2916 = EDGE_CURVE ( 'NONE', #2357, #878, #1598, .T. ) ;
#2917 = LINE ( 'NONE', #4464, #3499 ) ;
#2918 = DIRECTION ( 'NONE',  ( 0.000000000000000000, 0.000000000000000000, 1.000000000000000000 ) ) ;
#2919 = EDGE_CURVE ( 'NONE', #1838, #3179, #3507, .T. ) ;
#2920 = VECTOR ( 'NONE', #2573, 1000.000000000000000 ) ;
#2921 = ORIENTED_EDGE ( 'NONE', *, *, #188, .T. ) ;
#2922 = CARTESIAN_POINT ( 'NONE',  ( 5.930769230769231015, 18.10000000000000142, -3.369230769230769251 ) ) ;
#2923 = B_SPLINE_CURVE_WITH_KNOTS ( 'NONE', 3,
 ( #2196, #3803, #4916, #3002, #4211, #1829, #697, #1366, #4495, #274, #296, #3425, #1393, #4114, #2955, #599, #3777, #1881, #4961 ),
 .UNSPECIFIED., .F., .F.,
 ( 4, 1, 1, 1, 1, 1, 1, 1, 1, 1, 1, 1, 1, 1, 1, 1, 4 ),
 ( 0.000000000000000000, 0.08773102264437469822, 0.1690056846605411667, 0.2448021443962126731, 0.3142317617715638667, 0.3789415805204454646, 0.4391718549354322598, 0.4957867026411696965, 0.5494347689706723381, 0.6020003354234680915, 0.6542545252912729259, 0.7069046930323722444, 0.7612021463875934257, 0.8168623067330522680, 0.8746699957507750867, 0.9360077445631973525, 1.000000000000000000 ),
 .UNSPECIFIED. ) ;
#2924 = CARTESIAN_POINT ( 'NONE',  ( 2.550837019486005719, 18.19999999999999574, -2.383417955359577789 ) ) ;
#2925 = VECTOR ( 'NONE', #2762, 1000.000000000000000 ) ;
#2926 = EDGE_CURVE ( 'NONE', #2096, #2194, #3255, .T. ) ;
#2927 = CARTESIAN_POINT ( 'NONE',  ( -3.115384615384614531, 18.10000000000000142, -3.123076923076922640 ) ) ;
#2928 = EDGE_CURVE ( 'NONE', #4579, #2903, #1473, .T. ) ;
#2929 = VECTOR ( 'NONE', #4979, 1000.000000000000000 ) ;
#2930 = ORIENTED_EDGE ( 'NONE', *, *, #1946, .F. ) ;
#2931 = ORIENTED_EDGE ( 'NONE', *, *, #3076, .T. ) ;
#2932 = DIRECTION ( 'NONE',  ( -1.000000000000000000, 0.000000000000000000, -0.000000000000000000 ) ) ;
#2933 = FACE_OUTER_BOUND ( 'NONE', #3573, .T. ) ;
#2934 = CARTESIAN_POINT ( 'NONE',  ( 3.495785003489886744, 18.19999999999999929, -1.290526879701793250 ) ) ;
#2935 =( GEOMETRIC_REPRESENTATION_CONTEXT ( 3 ) GLOBAL_UNCERTAINTY_ASSIGNED_CONTEXT ( ( #1276 ) ) GLOBAL_UNIT_ASSIGNED_CONTEXT ( ( #4217, #4724, #3530 ) ) REPRESENTATION_CONTEXT ( 'NONE', 'WORKASPACE' ) );
#2936 = CARTESIAN_POINT ( 'NONE',  ( 2.957202061001956039, 18.19999999999999929, -2.899156975764275224 ) ) ;
#2937 = CARTESIAN_POINT ( 'NONE',  ( -2.272739899038000999, 18.20000000000000639, -3.103604047599044957 ) ) ;
#2938 = CARTESIAN_POINT ( 'NONE',  ( 5.508915165638904377, 18.19999999999999218, -2.927443551440969127 ) ) ;
#2939 = COLOUR_RGB ( '',0.9254901960784314152, 0.9254901960784314152, 0.9254901960784314152 ) ;
#2940 = EDGE_CURVE ( 'NONE', #2423, #859, #1203, .T. ) ;
#2941 = EDGE_LOOP ( 'NONE', ( #1183, #1859, #3061, #3590 ) ) ;
#2942 = CARTESIAN_POINT ( 'NONE',  ( 3.095161304938500280, 18.20000000000000284, -3.059130065727567072 ) ) ;
#2943 = DIRECTION ( 'NONE',  ( -0.000000000000000000, 1.000000000000000000, -0.000000000000000000 ) ) ;
#2944 = CARTESIAN_POINT ( 'NONE',  ( -3.453846153846152678, 18.10000000000000142, -3.399999999999999911 ) ) ;
#2945 = ORIENTED_EDGE ( 'NONE', *, *, #3076, .F. ) ;
#2946 = VERTEX_POINT ( 'NONE', #3194 ) ;
#2947 = CARTESIAN_POINT ( 'NONE',  ( 3.552072828709938790, 18.10000000000000142, -1.001292606048663991 ) ) ;
#2948 = CARTESIAN_POINT ( 'NONE',  ( -5.278846153846153300, 18.10000000000000142, -1.000000000000000000 ) ) ;
#2949 = EDGE_CURVE ( 'NONE', #4030, #4854, #4755, .T. ) ;
#2950 = LINE ( 'NONE', #4058, #2378 ) ;
#2951 = DIRECTION ( 'NONE',  ( 0.000000000000000000, 0.000000000000000000, 1.000000000000000000 ) ) ;
#2952 = PLANE ( 'NONE',  #4835 ) ;
#2953 = EDGE_LOOP ( 'NONE', ( #454, #2137 ) ) ;
#2954 = LINE ( 'NONE', #3331, #412 ) ;
#2955 = CARTESIAN_POINT ( 'NONE',  ( -2.023432240064720666, 18.19999999999999574, -2.557512764686789897 ) ) ;
#2956 = CARTESIAN_POINT ( 'NONE',  ( -5.065661878461894752, 18.20000000000000639, -1.479301115418934609 ) ) ;
#2957 = VECTOR ( 'NONE', #4766, 1000.000000000000000 ) ;
#2958 = ORIENTED_EDGE ( 'NONE', *, *, #4442, .T. ) ;
#2959 = CARTESIAN_POINT ( 'NONE',  ( 3.362044959501998775, 18.19999999999999574, -3.121495346744141308 ) ) ;
#2960 = CARTESIAN_POINT ( 'NONE',  ( -4.982211538461537970, 18.10000000000000142, -1.744711538461538369 ) ) ;
#2961 = CARTESIAN_POINT ( 'NONE',  ( 3.453382160197727480, 18.19999999999999929, -1.270950198682140098 ) ) ;
#2962 = CARTESIAN_POINT ( 'NONE',  ( -5.099999999999998757, 18.10000000000000142, -1.363461538461538503 ) ) ;
#2963 = VECTOR ( 'NONE', #1086, 1000.000000000000000 ) ;
#2964 = EDGE_LOOP ( 'NONE', ( #2242, #958 ) ) ;
#2965 = DIRECTION ( 'NONE',  ( 0.000000000000000000, 0.000000000000000000, 1.000000000000000000 ) ) ;
#2966 = ORIENTED_EDGE ( 'NONE', *, *, #1761, .T. ) ;
#2967 = CARTESIAN_POINT ( 'NONE',  ( -1.670803462803135631, 18.09999999999999787, -2.636301678210188459 ) ) ;
#2968 = CARTESIAN_POINT ( 'NONE',  ( 2.779326923076924416, 18.10000000000000142, -1.200480769230769296 ) ) ;
#2969 = DIRECTION ( 'NONE',  ( -0.000000000000000000, 1.000000000000000000, -0.000000000000000000 ) ) ;
#2970 = CARTESIAN_POINT ( 'NONE',  ( 1.565018473684557820, 18.19999999999999929, -3.373676773969032094 ) ) ;
#2971 = PLANE ( 'NONE',  #1229 ) ;
#2972 = CARTESIAN_POINT ( 'NONE',  ( -1.989599004141098471, 18.20000000000000284, -3.305804669290711928 ) ) ;
#2973 = CARTESIAN_POINT ( 'NONE',  ( 3.727016959652104333, 18.19999999999999574, -1.620437355121891798 ) ) ;
#2974 = ORIENTED_EDGE ( 'NONE', *, *, #4086, .T. ) ;
#2975 = LINE ( 'NONE', #4468, #5023 ) ;
#2976 = CARTESIAN_POINT ( 'NONE',  ( 2.738181368829333273, 18.19999999999999929, -3.102606032933265201 ) ) ;
#2977 = EDGE_CURVE ( 'NONE', #4175, #4006, #1312, .T. ) ;
#2978 = CARTESIAN_POINT ( 'NONE',  ( -9.500000000000000000, 17.69999999999999929, -4.500000000000000888 ) ) ;
#2979 = EDGE_CURVE ( 'NONE', #1976, #1148, #975, .T. ) ;
#2980 = CARTESIAN_POINT ( 'NONE',  ( 3.331277114617992030, 18.10000000000000142, -1.246760579290438153 ) ) ;
#2981 = CARTESIAN_POINT ( 'NONE',  ( -8.149999999999998579, -3.000000000000000000, 3.999999999999999112 ) ) ;
#2982 = CARTESIAN_POINT ( 'NONE',  ( 3.745478666341328644, 18.19999999999999929, -1.709391010091495966 ) ) ;
#2983 = DIRECTION ( 'NONE',  ( -1.000000000000000000, 0.000000000000000000, 0.000000000000000000 ) ) ;
#2984 = FACE_OUTER_BOUND ( 'NONE', #485, .T. ) ;
#2985 = VERTEX_POINT ( 'NONE', #3653 ) ;
#2986 = ORIENTED_EDGE ( 'NONE', *, *, #694, .F. ) ;
#2987 = CARTESIAN_POINT ( 'NONE',  ( 9.500000000000000000, 18.19999999999999929, 4.500000000000000888 ) ) ;
#2988 = ORIENTED_EDGE ( 'NONE', *, *, #1929, .T. ) ;
#2989 = ORIENTED_EDGE ( 'NONE', *, *, #2598, .T. ) ;
#2990 = CARTESIAN_POINT ( 'NONE',  ( -2.345736247244337935, 18.09999999999999432, -2.276840216022473662 ) ) ;
#2991 = FILL_AREA_STYLE ('',( #1819 ) ) ;
#2992 = DIRECTION ( 'NONE',  ( -0.000000000000000000, 1.000000000000000000, -0.000000000000000000 ) ) ;
#2993 = ADVANCED_FACE ( 'NONE', ( #2480 ), #3224, .T. ) ;
#2994 = ORIENTED_EDGE ( 'NONE', *, *, #1815, .T. ) ;
#2995 = ADVANCED_FACE ( 'NONE', ( #3252 ), #2037, .T. ) ;
#2996 = DIRECTION ( 'NONE',  ( 0.9521637063517167654, 0.000000000000000000, 0.3055884099676584031 ) ) ;
#2997 = CARTESIAN_POINT ( 'NONE',  ( 2.828504931412796797, 18.10000000000000497, -1.145195567548841220 ) ) ;
#2998 = CARTESIAN_POINT ( 'NONE',  ( -2.134925810975867311, 18.10000000000000497, -3.361734319158221851 ) ) ;
#2999 = FACE_OUTER_BOUND ( 'NONE', #1224, .T. ) ;
#3000 = ORIENTED_EDGE ( 'NONE', *, *, #679, .T. ) ;
#3001 = VECTOR ( 'NONE', #1925, 1000.000000000000000 ) ;
#3002 = CARTESIAN_POINT ( 'NONE',  ( -2.404714144073598181, 18.19999999999999929, -2.267857542201235699 ) ) ;
#3003 = VECTOR ( 'NONE', #4119, 1000.000000000000000 ) ;
#3004 = CARTESIAN_POINT ( 'NONE',  ( -5.099999999999998757, 18.10000000000000142, -1.363461538461538503 ) ) ;
#3005 = ORIENTED_EDGE ( 'NONE', *, *, #4681, .T. ) ;
#3006 = AXIS2_PLACEMENT_3D ( 'NONE', #4696, #1524, #767 ) ;
#3007 = LINE ( 'NONE', #1807, #2920 ) ;
#3008 = CARTESIAN_POINT ( 'NONE',  ( 5.821976914736358033, 18.10000000000000142, -2.986726882879906508 ) ) ;
#3009 = CARTESIAN_POINT ( 'NONE',  ( 2.795851979522292030, 18.10000000000000142, -1.181903541130195245 ) ) ;
#3010 = CARTESIAN_POINT ( 'NONE',  ( -5.915384615384613909, 18.10000000000000142, -3.030769230769230660 ) ) ;
#3011 = VECTOR ( 'NONE', #3145, 1000.000000000000000 ) ;
#3012 = SURFACE_STYLE_USAGE ( .BOTH. , #1451 ) ;
#3013 = VERTEX_POINT ( 'NONE', #2026 ) ;
#3014 = EDGE_LOOP ( 'NONE', ( #1405, #864, #4831, #3128 ) ) ;
#3015 = DIRECTION ( 'NONE',  ( 0.000000000000000000, 1.000000000000000000, 0.000000000000000000 ) ) ;
#3016 = ORIENTED_EDGE ( 'NONE', *, *, #2009, .F. ) ;
#3017 = CARTESIAN_POINT ( 'NONE',  ( -1.679757226774479584, 18.10000000000000853, -2.564420299337779152 ) ) ;
#3018 = AXIS2_PLACEMENT_3D ( 'NONE', #4996, #3384, #3708 ) ;
#3019 = CARTESIAN_POINT ( 'NONE',  ( -1.669230769230768407, 18.19999999999999929, -2.710096153846154099 ) ) ;
#3020 = DIRECTION ( 'NONE',  ( -1.000000000000000000, 0.000000000000000000, 0.000000000000000000 ) ) ;
#3021 = VECTOR ( 'NONE', #2375, 1000.000000000000000 ) ;
#3022 = VECTOR ( 'NONE', #3059, 1000.000000000000000 ) ;
#3023 = CARTESIAN_POINT ( 'NONE',  ( 1.776923076923077049, 18.10000000000000142, -3.399999999999999911 ) ) ;
#3024 = CARTESIAN_POINT ( 'NONE',  ( -2.272739899038000999, 18.10000000000000853, -3.103604047599044957 ) ) ;
#3025 = CARTESIAN_POINT ( 'NONE',  ( 4.084615384615384315, 18.19999999999998863, -2.183653846153846168 ) ) ;
#3026 = DIRECTION ( 'NONE',  ( -1.000000000000000000, 0.000000000000000000, 0.000000000000000000 ) ) ;
#3027 = DIRECTION ( 'NONE',  ( -1.000000000000000000, 0.000000000000000000, 0.000000000000000000 ) ) ;
#3028 = VERTEX_POINT ( 'NONE', #4745 ) ;
#3029 = EDGE_CURVE ( 'NONE', #3249, #1694, #1149, .T. ) ;
#3030 = VERTEX_POINT ( 'NONE', #1975 ) ;
#3031 = CARTESIAN_POINT ( 'NONE',  ( 2.550837019486005719, 18.09999999999999787, -2.383417955359577789 ) ) ;
#3032 = CARTESIAN_POINT ( 'NONE',  ( 2.707799016410789239, 18.20000000000000284, -3.050582089135816410 ) ) ;
#3033 = CARTESIAN_POINT ( 'NONE',  ( 7.069230769230770761, 18.10000000000000142, -1.984615384615384670 ) ) ;
#3034 = CARTESIAN_POINT ( 'NONE',  ( 3.727016959652104333, 18.10000000000000142, -1.620437355121891798 ) ) ;
#3035 = CARTESIAN_POINT ( 'NONE',  ( 5.930769230769231015, 18.10000000000000142, -3.120192307692307931 ) ) ;
#3036 = CARTESIAN_POINT ( 'NONE',  ( 4.073046131390478664, 18.19999999999999574, -1.892683271641028231 ) ) ;
#3037 = FACE_OUTER_BOUND ( 'NONE', #3604, .T. ) ;
#3038 =( LENGTH_UNIT ( ) NAMED_UNIT ( * ) SI_UNIT ( .MILLI., .METRE. ) );
#3039 = ORIENTED_EDGE ( 'NONE', *, *, #408, .T. ) ;
#3040 = VERTEX_POINT ( 'NONE', #2713 ) ;
#3041 = CARTESIAN_POINT ( 'NONE',  ( -5.915384615384613909, 18.19999999999999929, -3.030769230769230660 ) ) ;
#3042 = CARTESIAN_POINT ( 'NONE',  ( -2.199415261301588931, 18.19999999999999574, -2.324635147380671452 ) ) ;
#3043 = ADVANCED_FACE ( 'NONE', ( #5109 ), #2737, .T. ) ;
#3044 = CARTESIAN_POINT ( 'NONE',  ( -1.740696577042468496, 18.19999999999999574, -2.365796219461367755 ) ) ;
#3045 = EDGE_CURVE ( 'NONE', #1148, #1235, #1616, .T. ) ;
#3046 = LINE ( 'NONE', #1090, #4730 ) ;
#3047 = CARTESIAN_POINT ( 'NONE',  ( 2.886654477288478571, 18.20000000000000639, -2.657326307023503809 ) ) ;
#3048 = CARTESIAN_POINT ( 'NONE',  ( -9.000000000000000000, 18.19999999999999929, 4.500000000000000888 ) ) ;
#3049 = EDGE_CURVE ( 'NONE', #3632, #1195, #4713, .T. ) ;
#3050 = CARTESIAN_POINT ( 'NONE',  ( 4.073046131390478664, 18.19999999999998508, -1.892683271641028231 ) ) ;
#3051 = LINE ( 'NONE', #270, #3275 ) ;
#3052 = LINE ( 'NONE', #44, #650 ) ;
#3053 = EDGE_LOOP ( 'NONE', ( #2468, #56, #1827, #101, #2893, #4997 ) ) ;
#3054 = VERTEX_POINT ( 'NONE', #2362 ) ;
#3055 = CARTESIAN_POINT ( 'NONE',  ( 4.020212307803342711, 18.19999999999998863, -1.569358161645650007 ) ) ;
#3056 = CARTESIAN_POINT ( 'NONE',  ( -6.253846153846152944, 18.10000000000000142, -3.399999999999999911 ) ) ;
#3057 = B_SPLINE_SURFACE_WITH_KNOTS ( 'NONE', 3, 1, ( 
 ( #1492, #3073 ),
 ( #3850, #1922 ),
 ( #2998, #1072 ),
 ( #2240, #5013 ),
 ( #3798, #2972 ),
 ( #4615, #4228 ),
 ( #1875, #4539 ),
 ( #320, #4158 ),
 ( #644, #3400 ),
 ( #4957, #2290 ),
 ( #1094, #1900 ),
 ( #1847, #3820 ),
 ( #4205, #4562 ),
 ( #3468, #2660 ),
 ( #1046, #3421 ) ),
 .UNSPECIFIED., .F., .F., .F.,
 ( 4, 1, 1, 1, 1, 1, 1, 1, 1, 1, 1, 1, 4 ),
 ( 2, 2 ),
 ( 0.000000000000000000, 0.08924249378152880607, 0.1729768290722679125, 0.2526551372368086024, 0.3289533944009838673, 0.4046880824662923981, 0.4814988935669582415, 0.5618700905962247250, 0.6456290048367236967, 0.7322912491886807151, 0.8191788448148049628, 0.9080746859653683334, 1.000000000000000000 ),
 ( 0.000000000000000000, 1.000000000000000000 ),
 .UNSPECIFIED. ) ;
#3058 = LINE ( 'NONE', #3540, #3989 ) ;
#3059 = DIRECTION ( 'NONE',  ( -0.000000000000000000, 1.000000000000000000, -0.000000000000000000 ) ) ;
#3060 = DIRECTION ( 'NONE',  ( -1.000000000000000000, 0.000000000000000000, 0.000000000000000000 ) ) ;
#3061 = ORIENTED_EDGE ( 'NONE', *, *, #2417, .T. ) ;
#3062 = FACE_OUTER_BOUND ( 'NONE', #2602, .T. ) ;
#3063 = CARTESIAN_POINT ( 'NONE',  ( 3.744772185262533970, 18.19999999999999929, -1.101482954560117244 ) ) ;
#3064 = ORIENTED_EDGE ( 'NONE', *, *, #4177, .T. ) ;
#3065 = ORIENTED_EDGE ( 'NONE', *, *, #4770, .F. ) ;
#3066 = CARTESIAN_POINT ( 'NONE',  ( 7.069230769230770761, 18.19999999999999929, -1.984615384615384670 ) ) ;
#3067 = CARTESIAN_POINT ( 'NONE',  ( -2.008696322565684422, 18.09999999999999787, -2.650637481600564449 ) ) ;
#3068 = CARTESIAN_POINT ( 'NONE',  ( -2.527403846153844835, 18.10000000000000142, -1.984615384615384670 ) ) ;
#3069 = CARTESIAN_POINT ( 'NONE',  ( -0.6538461538461524114, 18.10000000000000142, -1.000000000000000000 ) ) ;
#3070 = EDGE_CURVE ( 'NONE', #2372, #1241, #3948, .T. ) ;
#3071 = CARTESIAN_POINT ( 'NONE',  ( 3.328884997822857628, 18.10000000000000142, -3.122543707496022058 ) ) ;
#3072 = CARTESIAN_POINT ( 'NONE',  ( 3.010372383461216828, 18.09999999999999787, -1.025268848514442777 ) ) ;
#3073 = CARTESIAN_POINT ( 'NONE',  ( -2.216346153846152855, 18.20000000000000284, -3.377403846153845812 ) ) ;
#3074 = LINE ( 'NONE', #5056, #886 ) ;
#3075 = ORIENTED_EDGE ( 'NONE', *, *, #2548, .F. ) ;
#3076 = EDGE_CURVE ( 'NONE', #2194, #509, #1659, .T. ) ;
#3077 = ORIENTED_EDGE ( 'NONE', *, *, #2262, .T. ) ;
#3078 = FACE_OUTER_BOUND ( 'NONE', #4773, .T. ) ;
#3079 = CARTESIAN_POINT ( 'NONE',  ( -1.671461975048153636, 18.10000000000000142, -2.796330154422564718 ) ) ;
#3080 = DIRECTION ( 'NONE',  ( 0.000000000000000000, -1.000000000000000000, 0.000000000000000000 ) ) ;
#3081 = ADVANCED_FACE ( 'NONE', ( #4968 ), #1477, .T. ) ;
#3082 = CARTESIAN_POINT ( 'NONE',  ( 2.855380985515227454, 18.10000000000000497, -2.316566826530490175 ) ) ;
#3083 = VECTOR ( 'NONE', #1406, 1000.000000000000000 ) ;
#3084 = DIRECTION ( 'NONE',  ( 0.000000000000000000, 0.000000000000000000, 1.000000000000000000 ) ) ;
#3085 = CARTESIAN_POINT ( 'NONE',  ( 8.115384615384616751, 18.10000000000000142, -1.000000000000000000 ) ) ;
#3086 = AXIS2_PLACEMENT_3D ( 'NONE', #4487, #1750, #140 ) ;
#3087 = ORIENTED_EDGE ( 'NONE', *, *, #4268, .F. ) ;
#3088 = VECTOR ( 'NONE', #401, 1000.000000000000000 ) ;
#3089 = EDGE_CURVE ( 'NONE', #2813, #198, #4404, .T. ) ;
#3090 = ORIENTED_EDGE ( 'NONE', *, *, #184, .T. ) ;
#3091 = CYLINDRICAL_SURFACE ( 'NONE', #1904, 0.5000000000000004441 ) ;
#3092 = CARTESIAN_POINT ( 'NONE',  ( 1.565018473684557820, 18.10000000000000142, -3.373676773969032094 ) ) ;
#3093 = CARTESIAN_POINT ( 'NONE',  ( -1.693879248296936035, 18.19999999999999574, -2.495267490246699804 ) ) ;
#3094 = VECTOR ( 'NONE', #2582, 1000.000000000000000 ) ;
#3095 = LINE ( 'NONE', #13, #643 ) ;
#3096 = B_SPLINE_SURFACE_WITH_KNOTS ( 'NONE', 3, 1, ( 
 ( #5080, #15 ),
 ( #3967, #2331 ),
 ( #1918, #2731 ),
 ( #4683, #1991 ),
 ( #1609, #3889 ),
 ( #4343, #1968 ),
 ( #440, #1561 ),
 ( #810, #2016 ),
 ( #1584, #3490 ),
 ( #4661, #3098 ),
 ( #779, #4294 ),
 ( #758, #361 ),
 ( #1167, #3122 ),
 ( #2353, #3917 ),
 ( #387, #3538 ),
 ( #5102, #3341 ),
 ( #1376, #476 ),
 ( #4848, #530 ),
 ( #2050, #2864 ),
 ( #931, #2938 ),
 ( #2432, #3290 ),
 ( #912, #1323 ),
 ( #4823, #1272 ) ),
 .UNSPECIFIED., .F., .F., .F.,
 ( 4, 1, 1, 1, 1, 1, 1, 1, 1, 1, 1, 1, 1, 1, 1, 1, 1, 1, 1, 1, 4 ),
 ( 2, 2 ),
 ( 0.000000000000000000, 0.03151564373867424274, 0.06481006533273546422, 0.09991211289599512269, 0.1366760950200034963, 0.1751440237152077362, 0.2157659058959838783, 0.2581579823942000140, 0.3022942968481799331, 0.3927424795002074087, 0.4833004723787817092, 0.5744138652515148324, 0.6662924698498350340, 0.7120095546388085506, 0.7563734879424631741, 0.7998146506884959983, 0.8419610443957342705, 0.8828426900620671702, 0.9229177121409651852, 0.9619664608219107294, 1.000000000000000000 ),
 ( 0.000000000000000000, 1.000000000000000000 ),
 .UNSPECIFIED. ) ;
#3097 = EDGE_CURVE ( 'NONE', #3283, #2325, #3783, .T. ) ;
#3098 = CARTESIAN_POINT ( 'NONE',  ( 4.883857184201487733, 18.19999999999999574, -1.710553263832049975 ) ) ;
#3099 = PRESENTATION_LAYER_ASSIGNMENT (  '', '', ( #1465 ) ) ;
#3100 = CARTESIAN_POINT ( 'NONE',  ( -2.265865384615383782, 18.10000000000000497, -3.101923076923077005 ) ) ;
#3101 = CARTESIAN_POINT ( 'NONE',  ( 7.882783249023385785, 18.10000000000000853, -2.999303879377634985 ) ) ;
#3102 = FACE_OUTER_BOUND ( 'NONE', #3768, .T. ) ;
#3103 = VECTOR ( 'NONE', #4284, 1000.000000000000000 ) ;
#3104 = ORIENTED_EDGE ( 'NONE', *, *, #3045, .F. ) ;
#3105 = CARTESIAN_POINT ( 'NONE',  ( 5.400997047652274397, 18.10000000000000497, -2.274750883084691200 ) ) ;
#3106 = FACE_OUTER_BOUND ( 'NONE', #2410, .T. ) ;
#3107 = PRODUCT_DEFINITION_FORMATION_WITH_SPECIFIED_SOURCE ( 'ANY', '', #2807, .NOT_KNOWN. ) ;
#3108 = ADVANCED_FACE ( 'NONE', ( #4121 ), #757, .T. ) ;
#3109 = DIRECTION ( 'NONE',  ( 0.000000000000000000, -1.000000000000000000, 1.734723475976805517E-15 ) ) ;
#3110 = CARTESIAN_POINT ( 'NONE',  ( 2.981352469133486505, 18.10000000000000142, -2.939534020949919224 ) ) ;
#3111 = CARTESIAN_POINT ( 'NONE',  ( -0.6538461538461524114, 18.10000000000000142, -1.000000000000000000 ) ) ;
#3112 = CARTESIAN_POINT ( 'NONE',  ( 3.654077683669092469, 18.19999999999999574, -1.042853566105974794 ) ) ;
#3113 = CARTESIAN_POINT ( 'NONE',  ( 2.779326923076924416, 18.10000000000000142, -1.200480769230769296 ) ) ;
#3114 = ORIENTED_EDGE ( 'NONE', *, *, #411, .F. ) ;
#3115 = CARTESIAN_POINT ( 'NONE',  ( 3.654077683669092469, 18.09999999999999432, -1.042853566105974794 ) ) ;
#3116 = VECTOR ( 'NONE', #920, 1000.000000000000000 ) ;
#3117 = ORIENTED_EDGE ( 'NONE', *, *, #350, .T. ) ;
#3118 = CARTESIAN_POINT ( 'NONE',  ( 1.414691079326208856, 18.09999999999999787, -2.817595486909847402 ) ) ;
#3119 = DIRECTION ( 'NONE',  ( 0.000000000000000000, 0.000000000000000000, -1.000000000000000000 ) ) ;
#3120 = CARTESIAN_POINT ( 'NONE',  ( -2.542307692307691713, 18.10000000000000142, -3.123076923076922640 ) ) ;
#3121 = CARTESIAN_POINT ( 'NONE',  ( 5.821976914736358033, 18.19999999999999929, -2.986726882879906508 ) ) ;
#3122 = CARTESIAN_POINT ( 'NONE',  ( 5.091051706498471496, 18.19999999999999574, -2.256765462741175288 ) ) ;
#3123 = VECTOR ( 'NONE', #2077, 1000.000000000000000 ) ;
#3124 = LINE ( 'NONE', #2732, #1816 ) ;
#3125 = EDGE_LOOP ( 'NONE', ( #1788, #4879, #4409, #1225, #978, #2500, #543, #4582, #2522, #4771, #3709, #751, #2921, #4440, #2438 ) ) ;
#3126 = DIRECTION ( 'NONE',  ( 0.000000000000000000, 0.000000000000000000, 1.000000000000000000 ) ) ;
#3127 = VECTOR ( 'NONE', #2603, 1000.000000000000000 ) ;
#3128 = ORIENTED_EDGE ( 'NONE', *, *, #3324, .T. ) ;
#3129 = EDGE_LOOP ( 'NONE', ( #1748, #1280, #1641, #851 ) ) ;
#3130 = CARTESIAN_POINT ( 'NONE',  ( 5.484604890145504008, 18.19999999999999929, -2.440926442479292469 ) ) ;
#3131 = CARTESIAN_POINT ( 'NONE',  ( 3.253062904703640346, 18.19999999999998863, -3.399028706431161506 ) ) ;
#3132 = CARTESIAN_POINT ( 'NONE',  ( -1.870614675696654183, 18.10000000000000142, -3.221781701917301177 ) ) ;
#3133 = CARTESIAN_POINT ( 'NONE',  ( 4.808117868378938731, 18.09999999999999432, -1.396868079856780520 ) ) ;
#3134 = CARTESIAN_POINT ( 'NONE',  ( 2.992788461538461675, 18.10000000000000142, -2.958653846153846079 ) ) ;
#3135 = DIRECTION ( 'NONE',  ( 0.000000000000000000, 0.000000000000000000, -1.000000000000000000 ) ) ;
#3136 = CARTESIAN_POINT ( 'NONE',  ( 1.578846153846154676, 18.10000000000000142, -3.399999999999999911 ) ) ;
#3137 = CARTESIAN_POINT ( 'NONE',  ( 2.602093797227662542, 18.20000000000000284, -1.605179932673136634 ) ) ;
#3138 = PRODUCT_CONTEXT ( 'NONE', #595, 'mechanical' ) ;
#3139 = ORIENTED_EDGE ( 'NONE', *, *, #2716, .T. ) ;
#3140 = EDGE_CURVE ( 'NONE', #4437, #1403, #674, .T. ) ;
#3141 = VERTEX_POINT ( 'NONE', #5021 ) ;
#3142 = CARTESIAN_POINT ( 'NONE',  ( 1.469230769230769562, 18.10000000000000142, -2.870192307692307487 ) ) ;
#3143 = FACE_OUTER_BOUND ( 'NONE', #3241, .T. ) ;
#3144 = DIRECTION ( 'NONE',  ( 1.000000000000000000, 0.000000000000000000, 0.000000000000000000 ) ) ;
#3145 = DIRECTION ( 'NONE',  ( -0.000000000000000000, 1.000000000000000000, -0.000000000000000000 ) ) ;
#3146 = DIRECTION ( 'NONE',  ( 0.000000000000000000, 0.000000000000000000, -1.000000000000000000 ) ) ;
#3147 = CARTESIAN_POINT ( 'NONE',  ( 4.071553904578464333, 18.10000000000000142, -2.500079255282473767 ) ) ;
#3148 = CARTESIAN_POINT ( 'NONE',  ( 2.887267376318038981, 18.19999999999999929, -3.268293121383929467 ) ) ;
#3149 = EDGE_CURVE ( 'NONE', #3895, #2763, #1553, .T. ) ;
#3150 = ORIENTED_EDGE ( 'NONE', *, *, #3160, .T. ) ;
#3151 = FACE_OUTER_BOUND ( 'NONE', #3584, .T. ) ;
#3152 = ORIENTED_EDGE ( 'NONE', *, *, #184, .F. ) ;
#3153 = EDGE_CURVE ( 'NONE', #707, #1482, #702, .T. ) ;
#3154 = ORIENTED_EDGE ( 'NONE', *, *, #1929, .F. ) ;
#3155 = CARTESIAN_POINT ( 'NONE',  ( 5.195951234783300343, 18.09999999999999787, -1.722550430078302997 ) ) ;
#3156 = ORIENTED_EDGE ( 'NONE', *, *, #4810, .F. ) ;
#3157 = CARTESIAN_POINT ( 'NONE',  ( 3.315384615384616041, 18.19999999999998863, -3.399999999999999911 ) ) ;
#3158 = CARTESIAN_POINT ( 'NONE',  ( -7.047596153846152234, 18.10000000000000142, -3.123076923076922640 ) ) ;
#3159 = CARTESIAN_POINT ( 'NONE',  ( 5.291455422122420593, 18.10000000000000142, -2.617492989218589639 ) ) ;
#3160 = EDGE_CURVE ( 'NONE', #198, #4689, #4723, .T. ) ;
#3161 = CARTESIAN_POINT ( 'NONE',  ( 1.282972807564151330, 18.09999999999999787, -2.716401017527266593 ) ) ;
#3162 = B_SPLINE_CURVE_WITH_KNOTS ( 'NONE', 3,
 ( #4253, #1120, #2267, #2638, #691, #3972, #2437, #3589, #3517, #2711, #5083 ),
 .UNSPECIFIED., .F., .F.,
 ( 4, 1, 1, 1, 1, 1, 1, 1, 4 ),
 ( 0.000000000000000000, 0.1426572507006147184, 0.2811689939054438092, 0.4169771923679731485, 0.5508524927475578759, 0.6783641702618117275, 0.7950324430070938586, 0.9019981783473511872, 1.000000000000000000 ),
 .UNSPECIFIED. ) ;
#3163 = CARTESIAN_POINT ( 'NONE',  ( 8.225000000000001421, 18.10000000000000142, -3.399999999999999911 ) ) ;
#3164 = CARTESIAN_POINT ( 'NONE',  ( 4.392307692307691802, 18.19999999999999929, -3.061538461538461320 ) ) ;
#3165 = ORIENTED_EDGE ( 'NONE', *, *, #3149, .T. ) ;
#3166 = ADVANCED_FACE ( 'NONE', ( #4 ), #4264, .T. ) ;
#3167 = ORIENTED_EDGE ( 'NONE', *, *, #4483, .F. ) ;
#3168 = DIRECTION ( 'NONE',  ( -0.2990981086500767439, 0.000000000000000000, -0.9542223647567409373 ) ) ;
#3169 = CARTESIAN_POINT ( 'NONE',  ( -3.115384615384614531, 18.10000000000000142, -1.000000000000000000 ) ) ;
#3170 = AXIS2_PLACEMENT_3D ( 'NONE', #3048, #3419, #712 ) ;
#3171 = CARTESIAN_POINT ( 'NONE',  ( -8.149999999999998579, -3.000000000000000000, 3.599999999999999201 ) ) ;
#3172 = CARTESIAN_POINT ( 'NONE',  ( -9.500000000000000000, 18.19999999999999929, 4.500000000000001776 ) ) ;
#3173 = VECTOR ( 'NONE', #2581, 1000.000000000000114 ) ;
#3174 = FACE_OUTER_BOUND ( 'NONE', #683, .T. ) ;
#3175 = CARTESIAN_POINT ( 'NONE',  ( -8.284615384615383604, 18.10000000000000142, -3.399999999999999911 ) ) ;
#3176 = CARTESIAN_POINT ( 'NONE',  ( 7.561538461538461320, 18.19999999999999929, -2.516346153846153566 ) ) ;
#3177 = VECTOR ( 'NONE', #3144, 1000.000000000000000 ) ;
#3178 = DIRECTION ( 'NONE',  ( 0.000000000000000000, 0.000000000000000000, -1.000000000000000000 ) ) ;
#3179 = VERTEX_POINT ( 'NONE', #3456 ) ;
#3180 = CARTESIAN_POINT ( 'NONE',  ( -2.115179204453847106, 18.10000000000000497, -3.009525123671452196 ) ) ;
#3181 = VECTOR ( 'NONE', #2951, 1000.000000000000000 ) ;
#3182 = ORIENTED_EDGE ( 'NONE', *, *, #587, .F. ) ;
#3183 = CARTESIAN_POINT ( 'NONE',  ( 5.236994319973145906, 18.19999999999999929, -1.863193651523353145 ) ) ;
#3184 = CARTESIAN_POINT ( 'NONE',  ( 2.707799016410789239, 18.10000000000000497, -3.050582089135816410 ) ) ;
#3185 = B_SPLINE_SURFACE_WITH_KNOTS ( 'NONE', 3, 1, ( 
 ( #3100, #3491 ),
 ( #3024, #2288 ),
 ( #2636, #2584 ),
 ( #1436, #4156 ),
 ( #4560, #4613 ),
 ( #4203, #689 ),
 ( #2265, #4586 ),
 ( #3818, #1845 ),
 ( #288, #1117 ),
 ( #3848, #342 ),
 ( #5053, #3770 ) ),
 .UNSPECIFIED., .F., .F., .F.,
 ( 4, 1, 1, 1, 1, 1, 1, 1, 4 ),
 ( 2, 2 ),
 ( 0.000000000000000000, 0.07638299760369743341, 0.1659855054655317574, 0.2707148802617386218, 0.3888240826834113428, 0.5206018700426655599, 0.6660294782576524630, 0.8252434598020210732, 1.000000000000000000 ),
 ( 0.000000000000000000, 1.000000000000000000 ),
 .UNSPECIFIED. ) ;
#3186 = VECTOR ( 'NONE', #2549, 1000.000000000000000 ) ;
#3187 = B_SPLINE_CURVE_WITH_KNOTS ( 'NONE', 3,
 ( #3142, #38, #3118, #4627, #1962, #4702, #2326, #732, #2308, #2747, #4270 ),
 .UNSPECIFIED., .F., .F.,
 ( 4, 1, 1, 1, 1, 1, 1, 1, 4 ),
 ( 0.000000000000000000, 0.1116703001015872665, 0.2320944808560171935, 0.3627434591045535783, 0.5025575097108865297, 0.6415251033312820983, 0.7710984952996698949, 0.8901617573732528710, 1.000000000000000000 ),
 .UNSPECIFIED. ) ;
#3188 = CARTESIAN_POINT ( 'NONE',  ( 2.550837019486005719, 18.09999999999999787, -2.383417955359577789 ) ) ;
#3189 = VECTOR ( 'NONE', #4339, 1000.000000000000000 ) ;
#3190 = ORIENTED_EDGE ( 'NONE', *, *, #1334, .T. ) ;
#3191 = AXIS2_PLACEMENT_3D ( 'NONE', #2907, #1665, #2076 ) ;
#3192 = VECTOR ( 'NONE', #1580, 1000.000000000000000 ) ;
#3193 = CARTESIAN_POINT ( 'NONE',  ( -5.109360721970400476, 18.10000000000000497, -1.395909515061808159 ) ) ;
#3194 = CARTESIAN_POINT ( 'NONE',  ( -3.115384615384614531, 18.19999999999999929, -3.123076923076922640 ) ) ;
#3195 = LINE ( 'NONE', #2038, #3361 ) ;
#3196 = CARTESIAN_POINT ( 'NONE',  ( -2.239063942009692276, 18.10000000000000142, -3.381089844200307670 ) ) ;
#3197 = ORIENTED_EDGE ( 'NONE', *, *, #1487, .F. ) ;
#3198 = ORIENTED_EDGE ( 'NONE', *, *, #2389, .T. ) ;
#3199 = CARTESIAN_POINT ( 'NONE',  ( 3.654077683669092469, 18.09999999999999432, -1.042853566105974794 ) ) ;
#3200 = LINE ( 'NONE', #3169, #306 ) ;
#3201 = EDGE_CURVE ( 'NONE', #1912, #3249, #2322, .T. ) ;
#3202 = LINE ( 'NONE', #2804, #466 ) ;
#3203 = DIRECTION ( 'NONE',  ( 0.000000000000000000, -1.000000000000000000, 0.000000000000000000 ) ) ;
#3204 = CARTESIAN_POINT ( 'NONE',  ( 9.000000000000000000, 17.69999999999999929, 5.000000000000000000 ) ) ;
#3205 = DIRECTION ( 'NONE',  ( -2.129228911120495124E-11, -1.000000000000000000, -1.616088574248574085E-11 ) ) ;
#3206 = VECTOR ( 'NONE', #3327, 1000.000000000000000 ) ;
#3207 = EDGE_CURVE ( 'NONE', #4787, #3217, #1703, .T. ) ;
#3208 = LINE ( 'NONE', #3175, #2957 ) ;
#3209 = EDGE_LOOP ( 'NONE', ( #79, #173, #1344, #2064 ) ) ;
#3210 = CARTESIAN_POINT ( 'NONE',  ( 3.792374746408881947, 18.10000000000000142, -3.230157213527303561 ) ) ;
#3211 = EDGE_CURVE ( 'NONE', #2677, #2736, #1134, .T. ) ;
#3212 = CARTESIAN_POINT ( 'NONE',  ( -2.265865384615383338, 18.19999999999999929, -3.101923076923076561 ) ) ;
#3213 = CARTESIAN_POINT ( 'NONE',  ( -2.008409260630632964, 18.10000000000000142, -2.724912159888931207 ) ) ;
#3214 = VERTEX_POINT ( 'NONE', #3085 ) ;
#3215 = VERTEX_POINT ( 'NONE', #2672 ) ;
#3216 = CARTESIAN_POINT ( 'NONE',  ( 5.661406585558171223, 18.19999999999999929, -2.751483101055975045 ) ) ;
#3217 = VERTEX_POINT ( 'NONE', #353 ) ;
#3218 = EDGE_CURVE ( 'NONE', #1694, #1588, #2698, .T. ) ;
#3219 = CARTESIAN_POINT ( 'NONE',  ( 2.557412174202554400, 18.19999999999999574, -2.476760059876441655 ) ) ;
#3220 = CARTESIAN_POINT ( 'NONE',  ( 3.221680416463650332, 18.09999999999999432, -1.256119641378608209 ) ) ;
#3221 = CARTESIAN_POINT ( 'NONE',  ( 2.578849745660951154, 18.09999999999999787, -2.648556222682773686 ) ) ;
#3222 = VERTEX_POINT ( 'NONE', #2302 ) ;
#3223 = CARTESIAN_POINT ( 'NONE',  ( 4.027872568978658308, 18.10000000000000497, -2.762508489879472062 ) ) ;
#3224 = SPHERICAL_SURFACE ( 'NONE', #1865, 0.5000000000000000000 ) ;
#3225 = CARTESIAN_POINT ( 'NONE',  ( 0.9153846153846165734, 18.10000000000000142, -2.516346153846153566 ) ) ;
#3226 = FACE_OUTER_BOUND ( 'NONE', #3971, .T. ) ;
#3227 = EDGE_CURVE ( 'NONE', #4797, #4604, #2913, .T. ) ;
#3228 = ORIENTED_EDGE ( 'NONE', *, *, #1866, .T. ) ;
#3229 = CARTESIAN_POINT ( 'NONE',  ( 3.786394183788791334, 18.10000000000000142, -1.136547028883201804 ) ) ;
#3230 = CARTESIAN_POINT ( 'NONE',  ( 3.776073426102620534, 18.09999999999999787, -2.316418267535612863 ) ) ;
#3231 = LINE ( 'NONE', #4704, #639 ) ;
#3232 = CARTESIAN_POINT ( 'NONE',  ( 2.546938034086394964, 18.19999999999999929, -2.129631629529233017 ) ) ;
#3233 = DIRECTION ( 'NONE',  ( 0.000000000000000000, 0.000000000000000000, -1.000000000000000000 ) ) ;
#3234 = CARTESIAN_POINT ( 'NONE',  ( 3.312019230769231104, 18.19999999999999929, -3.123076923076922640 ) ) ;
#3235 = ORIENTED_EDGE ( 'NONE', *, *, #1216, .T. ) ;
#3236 = CARTESIAN_POINT ( 'NONE',  ( 1.282972807564151330, 18.19999999999999574, -2.716401017527266593 ) ) ;
#3237 = CARTESIAN_POINT ( 'NONE',  ( -3.946153846153845013, 18.19999999999999929, -3.399999999999999911 ) ) ;
#3238 = UNCERTAINTY_MEASURE_WITH_UNIT (LENGTH_MEASURE( 1.000000000000000082E-05 ), #2046, 'distance_accuracy_value', 'NONE');
#3239 = EDGE_LOOP ( 'NONE', ( #1806, #1891 ) ) ;
#3240 = CARTESIAN_POINT ( 'NONE',  ( -5.019498865249725661, 18.10000000000000497, -1.627858364732313490 ) ) ;
#3241 = EDGE_LOOP ( 'NONE', ( #2098, #3554, #3244, #3309 ) ) ;
#3242 = VERTEX_POINT ( 'NONE', #2067 ) ;
#3243 = CARTESIAN_POINT ( 'NONE',  ( 3.776073426102620534, 18.09999999999999787, -2.316418267535612863 ) ) ;
#3244 = ORIENTED_EDGE ( 'NONE', *, *, #1631, .T. ) ;
#3245 = CARTESIAN_POINT ( 'NONE',  ( 3.080011194544924891, 18.19999999999998863, -3.367551655207887684 ) ) ;
#3246 = CARTESIAN_POINT ( 'NONE',  ( -2.572115384615383693, 18.10000000000000142, -3.399999999999999911 ) ) ;
#3247 = CARTESIAN_POINT ( 'NONE',  ( 3.331277114617992030, 18.10000000000000142, -1.246760579290438153 ) ) ;
#3248 = EDGE_CURVE ( 'NONE', #4082, #4854, #879, .T. ) ;
#3249 = VERTEX_POINT ( 'NONE', #876 ) ;
#3250 = B_SPLINE_CURVE_WITH_KNOTS ( 'NONE', 3,
 ( #1988, #826, #3487, #3556, #4679, #5098, #1530, #2348, #11, #3092, #1164 ),
 .UNSPECIFIED., .F., .F.,
 ( 4, 1, 1, 1, 1, 1, 1, 1, 4 ),
 ( 0.000000000000000000, 0.1426572507006131918, 0.2811689939054424214, 0.4169771923679734260, 0.5508524927475569877, 0.6783641702618122826, 0.7950324430070945247, 0.9019981783473519643, 1.000000000000000000 ),
 .UNSPECIFIED. ) ;
#3251 = CARTESIAN_POINT ( 'NONE',  ( 4.027872568978658308, 18.20000000000000284, -2.762508489879472062 ) ) ;
#3252 = FACE_OUTER_BOUND ( 'NONE', #2820, .T. ) ;
#3253 = LINE ( 'NONE', #117, #373 ) ;
#3254 = ORIENTED_EDGE ( 'NONE', *, *, #1655, .F. ) ;
#3255 = B_SPLINE_CURVE_WITH_KNOTS ( 'NONE', 3,
 ( #820, #2392, #3570, #2697, #3, #2342, #1180, #4649, #2741, #4722, #4308, #4263, #1956, #4286, #3982, #748, #797, #3502, #2321 ),
 .UNSPECIFIED., .F., .F.,
 ( 4, 1, 1, 1, 1, 1, 1, 1, 1, 1, 1, 1, 1, 1, 1, 1, 4 ),
 ( 0.000000000000000000, 0.1184055081537697673, 0.2266543328167019145, 0.3240923419286019236, 0.4117048030053219176, 0.4890259050064155177, 0.5569093973430760958, 0.6162333444927066139, 0.6673492812770748239, 0.7135123932013480719, 0.7576965045209782534, 0.7994925114422912760, 0.8399760647439390437, 0.8798857418167758127, 0.9191486593857416398, 0.9592273564930835494, 1.000000000000000000 ),
 .UNSPECIFIED. ) ;
#3256 = ORIENTED_EDGE ( 'NONE', *, *, #4962, .F. ) ;
#3257 = FACE_OUTER_BOUND ( 'NONE', #2345, .T. ) ;
#3258 = CARTESIAN_POINT ( 'NONE',  ( 2.926685363257350847, 18.10000000000000142, -1.543196624343209589 ) ) ;
#3259 = CARTESIAN_POINT ( 'NONE',  ( 5.073795995318959307, 18.10000000000000142, -1.057910773979111152 ) ) ;
#3260 = PLANE ( 'NONE',  #4660 ) ;
#3261 = ADVANCED_FACE ( 'NONE', ( #495 ), #64, .T. ) ;
#3262 = CARTESIAN_POINT ( 'NONE',  ( -1.740696577042468496, 18.19999999999999574, -2.365796219461367755 ) ) ;
#3263 = LINE ( 'NONE', #1274, #5016 ) ;
#3264 = CARTESIAN_POINT ( 'NONE',  ( 2.602093797227662542, 18.10000000000000497, -1.605179932673136634 ) ) ;
#3265 = AXIS2_PLACEMENT_3D ( 'NONE', #4942, #676, #4596 ) ;
#3266 = CARTESIAN_POINT ( 'NONE',  ( 3.175397551158673615, 18.10000000000000853, -3.100854224656199420 ) ) ;
#3267 = VERTEX_POINT ( 'NONE', #1265 ) ;
#3268 = ORIENTED_EDGE ( 'NONE', *, *, #1587, .T. ) ;
#3269 = DIRECTION ( 'NONE',  ( -0.000000000000000000, 1.000000000000000000, -0.000000000000000000 ) ) ;
#3270 = AXIS2_PLACEMENT_3D ( 'NONE', #4005, #4280, #1592 ) ;
#3271 = CARTESIAN_POINT ( 'NONE',  ( 4.000033776357088122, 18.19999999999998863, -1.500541616203622919 ) ) ;
#3272 = ORIENTED_EDGE ( 'NONE', *, *, #4984, .F. ) ;
#3273 = DIRECTION ( 'NONE',  ( 0.000000000000000000, 0.000000000000000000, 1.000000000000000000 ) ) ;
#3274 = LINE ( 'NONE', #869, #3473 ) ;
#3275 = VECTOR ( 'NONE', #3869, 1000.000000000000000 ) ;
#3276 = CARTESIAN_POINT ( 'NONE',  ( 3.536173490359094895, 18.10000000000000497, -1.315883382131455948 ) ) ;
#3277 = ORIENTED_EDGE ( 'NONE', *, *, #3045, .T. ) ;
#3278 = EDGE_CURVE ( 'NONE', #3030, #4467, #848, .T. ) ;
#3279 = VECTOR ( 'NONE', #153, 1000.000000000000000 ) ;
#3280 = CARTESIAN_POINT ( 'NONE',  ( 4.071553904578464333, 18.19999999999999929, -2.500079255282473767 ) ) ;
#3281 = CARTESIAN_POINT ( 'NONE',  ( -2.450796115529890962, 18.10000000000000497, -3.121712823946392046 ) ) ;
#3282 = CARTESIAN_POINT ( 'NONE',  ( -5.202268448344484320, 18.20000000000000284, -1.696787074431586273 ) ) ;
#3283 = VERTEX_POINT ( 'NONE', #2798 ) ;
#3284 = ORIENTED_EDGE ( 'NONE', *, *, #1500, .F. ) ;
#3285 = DIRECTION ( 'NONE',  ( -1.000000000000000000, 0.000000000000000000, 0.000000000000000000 ) ) ;
#3286 = MECHANICAL_DESIGN_GEOMETRIC_PRESENTATION_REPRESENTATION (  '', ( #2045 ), #5079 ) ;
#3287 = PLANE ( 'NONE',  #1118 ) ;
#3288 = CARTESIAN_POINT ( 'NONE',  ( 0.000000000000000000, 18.10000000000000142, 0.000000000000000000 ) ) ;
#3289 = CARTESIAN_POINT ( 'NONE',  ( -2.312424684334025926, 18.19999999999999929, -3.111402969121154438 ) ) ;
#3290 = CARTESIAN_POINT ( 'NONE',  ( 5.564804083632930443, 18.19999999999999574, -2.996529776171388715 ) ) ;
#3291 = ORIENTED_EDGE ( 'NONE', *, *, #946, .F. ) ;
#3292 = CARTESIAN_POINT ( 'NONE',  ( -6.561538461538460432, 18.10000000000000142, -1.276923076923077049 ) ) ;
#3293 = PLANE ( 'NONE',  #2197 ) ;
#3294 = UNCERTAINTY_MEASURE_WITH_UNIT (LENGTH_MEASURE( 1.000000000000000082E-05 ), #25, 'distance_accuracy_value', 'NONE');
#3295 = CARTESIAN_POINT ( 'NONE',  ( -1.927189302630910817, 18.10000000000000497, -3.267169074947183116 ) ) ;
#3296 = CARTESIAN_POINT ( 'NONE',  ( -5.000924130847671734, 18.09999999999999787, -1.684873467603890340 ) ) ;
#3297 = ORIENTED_EDGE ( 'NONE', *, *, #939, .T. ) ;
#3298 = EDGE_LOOP ( 'NONE', ( #1658, #1137, #567, #2367 ) ) ;
#3299 = CARTESIAN_POINT ( 'NONE',  ( 3.769763934172928543, 18.10000000000001563, -2.440226390517214572 ) ) ;
#3300 = ORIENTED_EDGE ( 'NONE', *, *, #4639, .F. ) ;
#3301 = CARTESIAN_POINT ( 'NONE',  ( -2.345736247244337935, 18.09999999999999432, -2.276840216022473662 ) ) ;
#3302 = CARTESIAN_POINT ( 'NONE',  ( -2.216346153846153300, 18.10000000000000497, -3.377403846153846256 ) ) ;
#3303 = DIRECTION ( 'NONE',  ( 1.000000000000000000, 0.000000000000000000, 0.000000000000000000 ) ) ;
#3304 = EDGE_LOOP ( 'NONE', ( #3104, #824, #1182, #4959, #5004, #1520 ) ) ;
#3305 = VECTOR ( 'NONE', #3509, 1000.000000000000000 ) ;
#3306 = CARTESIAN_POINT ( 'NONE',  ( -5.103008208610487095, 18.10000000000000142, -1.373889183135798664 ) ) ;
#3307 = CARTESIAN_POINT ( 'NONE',  ( -5.120200361892401908, 18.19999999999999574, -1.430558136623163668 ) ) ;
#3308 = EDGE_CURVE ( 'NONE', #509, #3779, #150, .T. ) ;
#3309 = ORIENTED_EDGE ( 'NONE', *, *, #346, .T. ) ;
#3310 = CARTESIAN_POINT ( 'NONE',  ( 3.680599199919254438, 18.10000000000000142, -2.882540098877089729 ) ) ;
#3311 = CARTESIAN_POINT ( 'NONE',  ( 3.267965732233285792, 18.10000000000000853, -1.247925018653117890 ) ) ;
#3312 = DIRECTION ( 'NONE',  ( -1.000000000000000000, 0.000000000000000000, 0.000000000000000000 ) ) ;
#3313 = DIRECTION ( 'NONE',  ( -1.000000000000000000, 0.000000000000000000, 0.000000000000000000 ) ) ;
#3314 = EDGE_CURVE ( 'NONE', #2726, #4710, #3195, .T. ) ;
#3315 = LINE ( 'NONE', #1352, #3940 ) ;
#3316 = ORIENTED_EDGE ( 'NONE', *, *, #957, .F. ) ;
#3317 = DIRECTION ( 'NONE',  ( 0.000000000000000000, 0.000000000000000000, 1.000000000000000000 ) ) ;
#3318 = DIRECTION ( 'NONE',  ( -1.000000000000000000, 0.000000000000000000, 0.000000000000000000 ) ) ;
#3319 = FACE_OUTER_BOUND ( 'NONE', #1674, .T. ) ;
#3320 = ORIENTED_EDGE ( 'NONE', *, *, #1649, .T. ) ;
#3321 = ORIENTED_EDGE ( 'NONE', *, *, #2557, .T. ) ;
#3322 = EDGE_LOOP ( 'NONE', ( #4591, #3521, #4838, #1601 ) ) ;
#3323 = CARTESIAN_POINT ( 'NONE',  ( 3.378026126061575596, 18.19999999999998863, -0.9701851148018759696 ) ) ;
#3324 = EDGE_CURVE ( 'NONE', #2024, #3895, #3253, .T. ) ;
#3325 = CARTESIAN_POINT ( 'NONE',  ( 1.536098339611467356, 18.19999999999999929, -3.318622620477245988 ) ) ;
#3326 = EDGE_CURVE ( 'NONE', #1160, #1722, #3378, .T. ) ;
#3327 = DIRECTION ( 'NONE',  ( -0.000000000000000000, 1.000000000000000000, -0.000000000000000000 ) ) ;
#3328 = DIRECTION ( 'NONE',  ( 0.000000000000000000, -1.000000000000000000, 0.000000000000000000 ) ) ;
#3329 = EDGE_CURVE ( 'NONE', #2736, #635, #4811, .T. ) ;
#3330 = ORIENTED_EDGE ( 'NONE', *, *, #1705, .F. ) ;
#3331 = CARTESIAN_POINT ( 'NONE',  ( -9.500000000000000000, 0.000000000000000000, -5.000000000000000000 ) ) ;
#3332 = CARTESIAN_POINT ( 'NONE',  ( 3.971827724574696017, 18.10000000000000853, -2.937995849593503905 ) ) ;
#3333 = DIRECTION ( 'NONE',  ( 0.000000000000000000, 0.000000000000000000, 1.000000000000000000 ) ) ;
#3334 = EDGE_CURVE ( 'NONE', #484, #2493, #995, .T. ) ;
#3335 = CARTESIAN_POINT ( 'NONE',  ( 3.499599533645422866, 18.10000000000000853, -3.077129742952577462 ) ) ;
#3336 = CARTESIAN_POINT ( 'NONE',  ( 2.860846452848627930, 18.09999999999999787, -1.923852666564324299 ) ) ;
#3337 = CARTESIAN_POINT ( 'NONE',  ( 2.885227487847910499, 18.10000000000000142, -1.098669532604227284 ) ) ;
#3338 = CARTESIAN_POINT ( 'NONE',  ( 2.634230814226842021, 18.19999999999999574, -1.487166288545491488 ) ) ;
#3339 = LINE ( 'NONE', #4894, #3760 ) ;
#3340 = ADVANCED_FACE ( 'NONE', ( #3571 ), #4785, .T. ) ;
#3341 = CARTESIAN_POINT ( 'NONE',  ( 5.291455422122420593, 18.19999999999999574, -2.617492989218589639 ) ) ;
#3342 = ORIENTED_EDGE ( 'NONE', *, *, #4056, .F. ) ;
#3343 = CARTESIAN_POINT ( 'NONE',  ( -6.561538461538460432, 18.19999999999999929, -1.276923076923077049 ) ) ;
#3344 = CARTESIAN_POINT ( 'NONE',  ( -1.669230769230768407, 18.10000000000000142, -2.710096153846154099 ) ) ;
#3345 = CARTESIAN_POINT ( 'NONE',  ( -2.216346153846153300, 18.10000000000000497, -3.377403846153846256 ) ) ;
#3346 = CARTESIAN_POINT ( 'NONE',  ( -8.149999999999923972, -3.000000000000000000, -3.200000000000000178 ) ) ;
#3347 = VECTOR ( 'NONE', #2072, 1000.000000000000000 ) ;
#3348 = ORIENTED_EDGE ( 'NONE', *, *, #4118, .T. ) ;
#3349 = VERTEX_POINT ( 'NONE', #2824 ) ;
#3350 = PLANE ( 'NONE',  #318 ) ;
#3351 = CARTESIAN_POINT ( 'NONE',  ( -6.253846153846152944, 18.10000000000000142, -3.399999999999999911 ) ) ;
#3352 = VECTOR ( 'NONE', #1668, 1000.000000000000000 ) ;
#3353 = DIRECTION ( 'NONE',  ( -0.000000000000000000, 1.000000000000000000, -0.000000000000000000 ) ) ;
#3354 = DIRECTION ( 'NONE',  ( 1.000000000000000000, 0.000000000000000000, 0.000000000000000000 ) ) ;
#3355 = VECTOR ( 'NONE', #409, 1000.000000000000000 ) ;
#3356 = ORIENTED_EDGE ( 'NONE', *, *, #3211, .T. ) ;
#3357 = CARTESIAN_POINT ( 'NONE',  ( 8.150000000000002132, 0.000000000000000000, 3.599999999999999201 ) ) ;
#3358 = CARTESIAN_POINT ( 'NONE',  ( -2.535568354910453071, 18.19999999999999929, -3.399791788581822072 ) ) ;
#3359 = PRESENTATION_LAYER_ASSIGNMENT (  '', '', ( #35 ) ) ;
#3360 = CARTESIAN_POINT ( 'NONE',  ( -8.149999999999923972, -3.000000000000000000, -4.000000000000000888 ) ) ;
#3361 = VECTOR ( 'NONE', #3353, 1000.000000000000000 ) ;
#3362 = ORIENTED_EDGE ( 'NONE', *, *, #3278, .T. ) ;
#3363 = CARTESIAN_POINT ( 'NONE',  ( 3.536173490359094895, 18.10000000000000497, -1.315883382131455948 ) ) ;
#3364 = FACE_OUTER_BOUND ( 'NONE', #905, .T. ) ;
#3365 = CARTESIAN_POINT ( 'NONE',  ( 3.315384615384616041, 18.19999999999999574, -0.9692307692307692291 ) ) ;
#3366 = VECTOR ( 'NONE', #4022, 1000.000000000000000 ) ;
#3367 = CARTESIAN_POINT ( 'NONE',  ( -5.190849240393762720, 18.10000000000000142, -1.659890733122828976 ) ) ;
#3368 = FACE_OUTER_BOUND ( 'NONE', #3837, .T. ) ;
#3369 = LINE ( 'NONE', #3066, #1980 ) ;
#3370 = AXIS2_PLACEMENT_3D ( 'NONE', #1095, #1215, #4616 ) ;
#3371 = ORIENTED_EDGE ( 'NONE', *, *, #1490, .F. ) ;
#3372 = CARTESIAN_POINT ( 'NONE',  ( -1.740696577042468496, 18.09999999999999787, -2.365796219461367755 ) ) ;
#3373 = LINE ( 'NONE', #4532, #3827 ) ;
#3374 = DIRECTION ( 'NONE',  ( -4.900616728305679165E-15, 1.000000000000000000, 8.601977101410923353E-13 ) ) ;
#3375 = EDGE_CURVE ( 'NONE', #3564, #2169, #7, .T. ) ;
#3376 = DIRECTION ( 'NONE',  ( -0.000000000000000000, 1.000000000000000000, -0.000000000000000000 ) ) ;
#3377 = CARTESIAN_POINT ( 'NONE',  ( -2.199415261301588931, 18.10000000000000142, -2.324635147380671452 ) ) ;
#3378 = LINE ( 'NONE', #429, #3181 ) ;
#3379 = DIRECTION ( 'NONE',  ( 0.000000000000000000, 0.000000000000000000, -1.000000000000000000 ) ) ;
#3380 = EDGE_CURVE ( 'NONE', #365, #1160, #4988, .T. ) ;
#3381 = ORIENTED_EDGE ( 'NONE', *, *, #3070, .F. ) ;
#3382 = CARTESIAN_POINT ( 'NONE',  ( 3.971827724574696017, 18.20000000000000639, -2.937995849593503905 ) ) ;
#3383 = CARTESIAN_POINT ( 'NONE',  ( 2.679192405006057154, 18.20000000000000284, -2.994712803263144707 ) ) ;
#3384 = DIRECTION ( 'NONE',  ( -0.000000000000000000, 0.000000000000000000, 1.000000000000000000 ) ) ;
#3385 = PLANE ( 'NONE',  #4233 ) ;
#3386 = ORIENTED_EDGE ( 'NONE', *, *, #3149, .F. ) ;
#3387 = LINE ( 'NONE', #2301, #1780 ) ;
#3388 = EDGE_CURVE ( 'NONE', #4380, #2787, #3051, .T. ) ;
#3389 = CARTESIAN_POINT ( 'NONE',  ( 3.759441579142028811, 18.20000000000000639, -1.810604586323385501 ) ) ;
#3390 = CARTESIAN_POINT ( 'NONE',  ( 5.082772176456523461, 18.19999999999999929, -1.171775364036994782 ) ) ;
#3391 = ADVANCED_FACE ( 'NONE', ( #5037 ), #1438, .T. ) ;
#3392 = ORIENTED_EDGE ( 'NONE', *, *, #600, .T. ) ;
#3393 = CARTESIAN_POINT ( 'NONE',  ( -5.915384615384613909, 18.10000000000000142, -1.000000000000000000 ) ) ;
#3394 = ORIENTED_EDGE ( 'NONE', *, *, #3464, .F. ) ;
#3395 = CARTESIAN_POINT ( 'NONE',  ( -2.536538461538460520, 18.10000000000000142, -2.261538461538461497 ) ) ;
#3396 = CARTESIAN_POINT ( 'NONE',  ( -1.714944158477354597, 18.19999999999999929, -2.429316474343960586 ) ) ;
#3397 = DIRECTION ( 'NONE',  ( -0.6035707186714187600, 0.000000000000000000, 0.7973094678745932251 ) ) ;
#3398 = CARTESIAN_POINT ( 'NONE',  ( 2.992788461538461675, 18.10000000000000142, -2.958653846153846079 ) ) ;
#3399 = CARTESIAN_POINT ( 'NONE',  ( 1.469230769230769562, 18.10000000000000142, -1.000000000000000000 ) ) ;
#3400 = CARTESIAN_POINT ( 'NONE',  ( -1.776419275174005774, 18.20000000000000284, -3.105229208171969457 ) ) ;
#3401 = CARTESIAN_POINT ( 'NONE',  ( -8.438461538461536904, 18.19999999999999929, -1.000000000000000000 ) ) ;
#3402 = ORIENTED_EDGE ( 'NONE', *, *, #2188, .T. ) ;
#3403 = SURFACE_SIDE_STYLE ('',( #4566 ) ) ;
#3404 = CARTESIAN_POINT ( 'NONE',  ( -2.371084277308483923, 18.19999999999999574, -3.394821395933963704 ) ) ;
#3405 = CARTESIAN_POINT ( 'NONE',  ( -4.982211538461537970, 18.19999999999999929, -1.744711538461538369 ) ) ;
#3406 = EDGE_LOOP ( 'NONE', ( #4653, #1266, #4504, #3881, #836, #1565, #236, #803 ) ) ;
#3407 = DIRECTION ( 'NONE',  ( -0.000000000000000000, 1.000000000000000000, -0.000000000000000000 ) ) ;
#3408 = CARTESIAN_POINT ( 'NONE',  ( 4.392307692307691802, 18.19999999999999929, -3.369230769230769251 ) ) ;
#3409 = CARTESIAN_POINT ( 'NONE',  ( 2.945446618524610205, 18.19999999999999574, -1.058381511807500841 ) ) ;
#3410 = FILL_AREA_STYLE ('',( #1784 ) ) ;
#3411 = ORIENTED_EDGE ( 'NONE', *, *, #3475, .F. ) ;
#3412 = DIRECTION ( 'NONE',  ( 0.000000000000000000, 0.000000000000000000, -1.000000000000000000 ) ) ;
#3413 = EDGE_LOOP ( 'NONE', ( #4565, #802, #4815, #1971 ) ) ;
#3414 = DIRECTION ( 'NONE',  ( 1.000000000000000000, 0.000000000000000000, 0.000000000000000000 ) ) ;
#3415 = CARTESIAN_POINT ( 'NONE',  ( -2.305549364443250315, 18.10000000000000497, -1.995799602201253187 ) ) ;
#3416 = CARTESIAN_POINT ( 'NONE',  ( -3.453846153846152678, 18.10000000000000142, -1.000000000000000000 ) ) ;
#3417 = EDGE_CURVE ( 'NONE', #3141, #4090, #2217, .T. ) ;
#3418 = FILL_AREA_STYLE ('',( #1411 ) ) ;
#3419 = DIRECTION ( 'NONE',  ( 0.000000000000000000, -1.000000000000000000, 0.000000000000000000 ) ) ;
#3420 = CARTESIAN_POINT ( 'NONE',  ( 8.225000000000001421, 18.10000000000000142, -3.399999999999999911 ) ) ;
#3421 = CARTESIAN_POINT ( 'NONE',  ( -1.669230769230768407, 18.20000000000000284, -2.710096153846154099 ) ) ;
#3422 = PLANE ( 'NONE',  #1470 ) ;
#3423 = ORIENTED_EDGE ( 'NONE', *, *, #1495, .F. ) ;
#3424 = AXIS2_PLACEMENT_3D ( 'NONE', #1093, #2996, #669 ) ;
#3425 = CARTESIAN_POINT ( 'NONE',  ( -2.074767633150751855, 18.19999999999999929, -2.439553844681967121 ) ) ;
#3426 = STYLED_ITEM ( 'NONE', ( #435 ), #2502 ) ;
#3427 = CARTESIAN_POINT ( 'NONE',  ( -5.019498865249725661, 18.10000000000000497, -1.627858364732313490 ) ) ;
#3428 = ADVANCED_FACE ( 'NONE', ( #3772 ), #3493, .T. ) ;
#3429 = ADVANCED_FACE ( 'NONE', ( #670 ), #3057, .T. ) ;
#3430 = CIRCLE ( 'NONE', #3673, 0.5000000000000004441 ) ;
#3431 = DIRECTION ( 'NONE',  ( -0.9528149773632899056, 0.000000000000000000, 0.3035516742042340121 ) ) ;
#3432 = DIRECTION ( 'NONE',  ( 0.000000000000000000, 0.000000000000000000, 1.000000000000000000 ) ) ;
#3433 = CARTESIAN_POINT ( 'NONE',  ( -2.239063942009692276, 18.10000000000000142, -3.381089844200307670 ) ) ;
#3434 = CARTESIAN_POINT ( 'NONE',  ( 5.162204804047605400, 18.19999999999999929, -1.601743927618234142 ) ) ;
#3435 = AXIS2_PLACEMENT_3D ( 'NONE', #3171, #1166, #386 ) ;
#3436 =( LENGTH_UNIT ( ) NAMED_UNIT ( * ) SI_UNIT ( .MILLI., .METRE. ) );
#3437 = ORIENTED_EDGE ( 'NONE', *, *, #3693, .T. ) ;
#3438 = ORIENTED_EDGE ( 'NONE', *, *, #4545, .T. ) ;
#3439 = LINE ( 'NONE', #4606, #2963 ) ;
#3440 = LINE ( 'NONE', #4975, #2902 ) ;
#3441 = COLOUR_RGB ( '',0.9254901960784314152, 0.9254901960784314152, 0.9254901960784314152 ) ;
#3442 = CARTESIAN_POINT ( 'NONE',  ( -2.118117235143944121, 18.19999999999999929, -2.035457173379223050 ) ) ;
#3443 = DIRECTION ( 'NONE',  ( 0.000000000000000000, 0.000000000000000000, 1.000000000000000000 ) ) ;
#3444 = VECTOR ( 'NONE', #2049, 1000.000000000000000 ) ;
#3445 = SURFACE_SIDE_STYLE ('',( #1538 ) ) ;
#3446 = CARTESIAN_POINT ( 'NONE',  ( 7.973974097368341063, 18.09999999999999787, -3.078022637135049422 ) ) ;
#3447 = CARTESIAN_POINT ( 'NONE',  ( -5.077960781242496502, 18.19999999999999574, -1.437153954985861848 ) ) ;
#3448 = CARTESIAN_POINT ( 'NONE',  ( -5.915384615384613909, 18.10000000000000142, -1.000000000000000000 ) ) ;
#3449 = ORIENTED_EDGE ( 'NONE', *, *, #8, .T. ) ;
#3450 = LINE ( 'NONE', #3474, #29 ) ;
#3451 = LINE ( 'NONE', #4619, #289 ) ;
#3452 = DIRECTION ( 'NONE',  ( 0.000000000000000000, 0.000000000000000000, -1.000000000000000000 ) ) ;
#3453 = DIRECTION ( 'NONE',  ( 0.3035516742042339566, 0.000000000000000000, 0.9528149773632897945 ) ) ;
#3454 = CARTESIAN_POINT ( 'NONE',  ( 5.875625443982564811, 18.10000000000000142, -3.055706260279085207 ) ) ;
#3455 = EDGE_CURVE ( 'NONE', #4712, #525, #3162, .T. ) ;
#3456 = CARTESIAN_POINT ( 'NONE',  ( 9.000000000000000000, 18.19999999999999929, -4.500000000000000888 ) ) ;
#3457 = CIRCLE ( 'NONE', #4510, 0.4000000000000001887 ) ;
#3458 = CARTESIAN_POINT ( 'NONE',  ( -5.173915909796185097, 18.09999999999999787, -1.606609021216112598 ) ) ;
#3459 = EDGE_LOOP ( 'NONE', ( #3235, #4209, #2727, #2033, #1566, #4576, #1444, #4031 ) ) ;
#3460 = LINE ( 'NONE', #1063, #326 ) ;
#3461 = CARTESIAN_POINT ( 'NONE',  ( -2.023432240064720666, 18.19999999999999218, -2.557512764686789897 ) ) ;
#3462 = CARTESIAN_POINT ( 'NONE',  ( -2.413443195616157944, 18.19999999999999929, -1.986541358438716820 ) ) ;
#3463 = CARTESIAN_POINT ( 'NONE',  ( 7.854320456615775825, 18.10000000000000142, -2.668680998876977739 ) ) ;
#3464 = EDGE_CURVE ( 'NONE', #2493, #609, #2382, .T. ) ;
#3465 = VECTOR ( 'NONE', #2776, 1000.000000000000000 ) ;
#3466 = CARTESIAN_POINT ( 'NONE',  ( 2.854371879900378328, 18.10000000000000497, -2.229812725994801070 ) ) ;
#3467 = PLANE ( 'NONE',  #456 ) ;
#3468 = CARTESIAN_POINT ( 'NONE',  ( -1.669982765383187129, 18.10000000000000142, -2.739160095924392468 ) ) ;
#3469 = CARTESIAN_POINT ( 'NONE',  ( -1.423076923076922684, 18.10000000000000142, -3.123076923076922640 ) ) ;
#3470 = B_SPLINE_CURVE_WITH_KNOTS ( 'NONE', 3,
 ( #947, #3282, #1292, #1732, #1314, #2878, #925, #3307, #4863, #4471, #2526 ),
 .UNSPECIFIED., .F., .F.,
 ( 4, 1, 1, 1, 1, 1, 1, 1, 4 ),
 ( 0.000000000000000000, 0.1625255217041872702, 0.3143148980392371783, 0.4549784905465743545, 0.5845192373661989294, 0.7045671033090727953, 0.8134949897289288634, 0.9116812596826063819, 1.000000000000000000 ),
 .UNSPECIFIED. ) ;
#3471 = ADVANCED_FACE ( 'NONE', ( #20 ), #482, .T. ) ;
#3472 = ORIENTED_EDGE ( 'NONE', *, *, #5036, .T. ) ;
#3473 = VECTOR ( 'NONE', #4010, 1000.000000000000000 ) ;
#3474 = CARTESIAN_POINT ( 'NONE',  ( -6.561538461538460432, 18.10000000000000142, -1.276923076923077049 ) ) ;
#3475 = EDGE_CURVE ( 'NONE', #664, #2423, #1170, .T. ) ;
#3476 = CARTESIAN_POINT ( 'NONE',  ( 5.344807500889140250, 18.09999999999999787, -2.700359103670942229 ) ) ;
#3477 = EDGE_CURVE ( 'NONE', #254, #2424, #760, .T. ) ;
#3478 = CARTESIAN_POINT ( 'NONE',  ( 2.906308194775690801, 18.10000000000000142, -2.748781090926442960 ) ) ;
#3479 = CARTESIAN_POINT ( 'NONE',  ( -8.438461538461536904, 18.10000000000000142, -1.000000000000000000 ) ) ;
#3480 = CARTESIAN_POINT ( 'NONE',  ( 4.808117868378938731, 18.19999999999999574, -1.396868079856780520 ) ) ;
#3481 = ADVANCED_FACE ( 'NONE', ( #2021 ), #3946, .T. ) ;
#3482 = CARTESIAN_POINT ( 'NONE',  ( 2.760306203006934744, 18.19999999999999929, -1.227918436977513572 ) ) ;
#3483 = ORIENTED_EDGE ( 'NONE', *, *, #2767, .T. ) ;
#3484 = VERTEX_POINT ( 'NONE', #52 ) ;
#3485 = CARTESIAN_POINT ( 'NONE',  ( 4.073046131390478664, 18.09999999999999787, -1.892683271641028231 ) ) ;
#3486 = ORIENTED_EDGE ( 'NONE', *, *, #908, .T. ) ;
#3487 = CARTESIAN_POINT ( 'NONE',  ( 1.029614205067056254, 18.09999999999999787, -2.858828467379156635 ) ) ;
#3488 = CYLINDRICAL_SURFACE ( 'NONE', #2520, 0.3999999999999993006 ) ;
#3489 = DIRECTION ( 'NONE',  ( -0.000000000000000000, 1.000000000000000000, -0.000000000000000000 ) ) ;
#3490 = CARTESIAN_POINT ( 'NONE',  ( 4.850079925740796938, 18.19999999999998863, -1.580671772003720443 ) ) ;
#3491 = CARTESIAN_POINT ( 'NONE',  ( -2.265865384615383782, 18.19999999999999929, -3.101923076923077005 ) ) ;
#3492 = CARTESIAN_POINT ( 'NONE',  ( 3.233516542726175835, 18.10000000000000142, -0.9715660603322926470 ) ) ;
#3493 = CYLINDRICAL_SURFACE ( 'NONE', #1945, 0.5000000000000004441 ) ;
#3494 = DIRECTION ( 'NONE',  ( 0.000000000000000000, 0.000000000000000000, -1.000000000000000000 ) ) ;
#3495 = ORIENTED_EDGE ( 'NONE', *, *, #4118, .F. ) ;
#3496 = FACE_OUTER_BOUND ( 'NONE', #3413, .T. ) ;
#3497 = DIRECTION ( 'NONE',  ( -0.3007423372023669828, 0.000000000000000000, 0.9537054296867862879 ) ) ;
#3498 = LINE ( 'NONE', #4645, #1383 ) ;
#3499 = VECTOR ( 'NONE', #4536, 1000.000000000000000 ) ;
#3500 = CARTESIAN_POINT ( 'NONE',  ( -5.158509417751325543, 18.19999999999999929, -1.557095613131726619 ) ) ;
#3501 = VECTOR ( 'NONE', #1781, 1000.000000000000000 ) ;
#3502 = CARTESIAN_POINT ( 'NONE',  ( 3.299488135490494134, 18.20000000000000284, -1.246747605562599892 ) ) ;
#3503 = DIRECTION ( 'NONE',  ( -0.000000000000000000, 1.000000000000000000, -0.000000000000000000 ) ) ;
#3504 = FACE_OUTER_BOUND ( 'NONE', #4991, .T. ) ;
#3505 = VECTOR ( 'NONE', #5060, 1000.000000000000000 ) ;
#3506 = VERTEX_POINT ( 'NONE', #784 ) ;
#3507 = CIRCLE ( 'NONE', #3006, 0.5000000000000004441 ) ;
#3508 = VERTEX_POINT ( 'NONE', #4687 ) ;
#3509 = DIRECTION ( 'NONE',  ( -0.000000000000000000, 1.000000000000000000, -0.000000000000000000 ) ) ;
#3510 = CARTESIAN_POINT ( 'NONE',  ( 7.701395832919349260, 18.19999999999999574, -2.579837375352686646 ) ) ;
#3511 = CARTESIAN_POINT ( 'NONE',  ( -2.007692307692306777, 18.10000000000000142, -2.700480769230769074 ) ) ;
#3512 = DIRECTION ( 'NONE',  ( 1.000000000000000000, 0.000000000000000000, 0.000000000000000000 ) ) ;
#3513 = B_SPLINE_SURFACE_WITH_KNOTS ( 'NONE', 3, 1, ( 
 ( #1190, #2379 ),
 ( #4274, #46 ),
 ( #4375, #1636 ),
 ( #341, #4707 ),
 ( #1217, #2404 ),
 ( #413, #2752 ),
 ( #4734, #3583 ),
 ( #4320, #1536 ),
 ( #2808, #3514 ),
 ( #1940, #2781 ),
 ( #858, #3866 ) ),
 .UNSPECIFIED., .F., .F., .F.,
 ( 4, 1, 1, 1, 1, 1, 1, 1, 4 ),
 ( 2, 2 ),
 ( 0.000000000000000000, 0.1116703001015870167, 0.2320944808560166661, 0.3627434591045527457, 0.5025575097108875289, 0.6415251033312805440, 0.7710984952996702280, 0.8901617573732529820, 0.9999999999999998890 ),
 ( 0.000000000000000000, 1.000000000000000000 ),
 .UNSPECIFIED. ) ;
#3514 = CARTESIAN_POINT ( 'NONE',  ( 7.630574256133987099, 18.19999999999999929, -2.544743598796537665 ) ) ;
#3515 = SPHERICAL_SURFACE ( 'NONE', #1491, 0.5000000000000000000 ) ;
#3516 = ORIENTED_EDGE ( 'NONE', *, *, #4369, .T. ) ;
#3517 = CARTESIAN_POINT ( 'NONE',  ( 8.182252185765312547, 18.20000000000000284, -3.318622620477246876 ) ) ;
#3518 = STYLED_ITEM ( 'NONE', ( #1121 ), #4896 ) ;
#3519 = ORIENTED_EDGE ( 'NONE', *, *, #948, .T. ) ;
#3520 = EDGE_CURVE ( 'NONE', #3349, #707, #3914, .T. ) ;
#3521 = ORIENTED_EDGE ( 'NONE', *, *, #1550, .F. ) ;
#3522 = ORIENTED_EDGE ( 'NONE', *, *, #4922, .T. ) ;
#3523 = CARTESIAN_POINT ( 'NONE',  ( 2.593959297222529159, 18.10000000000000853, -2.727090481595959126 ) ) ;
#3524 = CARTESIAN_POINT ( 'NONE',  ( 4.770505524654595320, 18.10000000000000142, -1.148514236008372214 ) ) ;
#3525 = ADVANCED_FACE ( 'NONE', ( #3102 ), #2358, .T. ) ;
#3526 = CARTESIAN_POINT ( 'NONE',  ( 1.129908470754228400, 18.19999999999999574, -2.621307487327408481 ) ) ;
#3527 = CARTESIAN_POINT ( 'NONE',  ( -3.115384615384614531, 18.10000000000000142, -2.261538461538461497 ) ) ;
#3528 = VECTOR ( 'NONE', #668, 1000.000000000000000 ) ;
#3529 = CARTESIAN_POINT ( 'NONE',  ( 3.336553207373425423, 18.20000000000000284, -0.9695532734582819057 ) ) ;
#3530 =( NAMED_UNIT ( * ) SI_UNIT ( $, .STERADIAN. ) SOLID_ANGLE_UNIT ( ) );
#3531 = VERTEX_POINT ( 'NONE', #1972 ) ;
#3532 = VERTEX_POINT ( 'NONE', #417 ) ;
#3533 = LINE ( 'NONE', #4678, #4858 ) ;
#3534 = DIRECTION ( 'NONE',  ( -1.000000000000000000, 0.000000000000000000, 0.000000000000000000 ) ) ;
#3535 = DIRECTION ( 'NONE',  ( 0.000000000000000000, -1.000000000000000000, 0.000000000000000000 ) ) ;
#3536 = SPHERICAL_SURFACE ( 'NONE', #3591, 0.5000000000000000000 ) ;
#3537 = ADVANCED_FACE ( 'NONE', ( #3151 ), #4993, .T. ) ;
#3538 = CARTESIAN_POINT ( 'NONE',  ( 5.239578550408356961, 18.19999999999999574, -2.530529983020429530 ) ) ;
#3539 = CARTESIAN_POINT ( 'NONE',  ( 1.207173273195101038, 18.19999999999999574, -2.667418883870758428 ) ) ;
#3540 = CARTESIAN_POINT ( 'NONE',  ( -3.946153846153845013, 18.10000000000000142, -1.000000000000000000 ) ) ;
#3541 = ORIENTED_EDGE ( 'NONE', *, *, #4636, .T. ) ;
#3542 = DIRECTION ( 'NONE',  ( 0.000000000000000000, 0.000000000000000000, 1.000000000000000000 ) ) ;
#3543 = AXIS2_PLACEMENT_3D ( 'NONE', #2347, #2678, #5074 ) ;
#3544 = ORIENTED_EDGE ( 'NONE', *, *, #1600, .F. ) ;
#3545 = EDGE_LOOP ( 'NONE', ( #163, #4297, #3894, #2587 ) ) ;
#3546 = CARTESIAN_POINT ( 'NONE',  ( 5.608109923590768986, 18.10000000000000142, -2.663426262958054291 ) ) ;
#3547 = CARTESIAN_POINT ( 'NONE',  ( 3.027384934338290368, 18.19999999999998508, -3.349752154914120705 ) ) ;
#3548 = CARTESIAN_POINT ( 'NONE',  ( 5.623076923076923528, 18.10000000000000142, -3.061538461538461320 ) ) ;
#3549 = CARTESIAN_POINT ( 'NONE',  ( 1.451513818930846522, 18.19999999999999929, -2.853106488880952973 ) ) ;
#3550 = CARTESIAN_POINT ( 'NONE',  ( 8.182252185765312547, 18.10000000000000497, -3.318622620477246876 ) ) ;
#3551 = CARTESIAN_POINT ( 'NONE',  ( 3.315384615384616041, 18.19999999999999929, -0.9692307692307692291 ) ) ;
#3552 = CARTESIAN_POINT ( 'NONE',  ( 2.548454474610803100, 18.19999999999999929, -2.025164989444831143 ) ) ;
#3553 = ORIENTED_EDGE ( 'NONE', *, *, #1427, .F. ) ;
#3554 = ORIENTED_EDGE ( 'NONE', *, *, #1034, .F. ) ;
#3555 = CARTESIAN_POINT ( 'NONE',  ( 6.176923076923078071, 18.10000000000000142, -1.707692307692307621 ) ) ;
#3556 = CARTESIAN_POINT ( 'NONE',  ( 1.136675845120486139, 18.10000000000000497, -2.926233763544646482 ) ) ;
#3557 = DIRECTION ( 'NONE',  ( -0.000000000000000000, 0.000000000000000000, -1.000000000000000000 ) ) ;
#3558 = FACE_OUTER_BOUND ( 'NONE', #4336, .T. ) ;
#3559 = CARTESIAN_POINT ( 'NONE',  ( 3.776923076923076827, 18.19999999999999929, -2.184615384615384848 ) ) ;
#3560 = CARTESIAN_POINT ( 'NONE',  ( -9.500000000000000000, 17.69999999999999929, 4.500000000000000888 ) ) ;
#3561 = CARTESIAN_POINT ( 'NONE',  ( 3.315384615384616041, 18.20000000000000284, -1.246153846153845945 ) ) ;
#3562 = EDGE_CURVE ( 'NONE', #2825, #2675, #4381, .T. ) ;
#3563 = CARTESIAN_POINT ( 'NONE',  ( -2.009798465106495513, 18.10000000000000853, -2.772251664951975059 ) ) ;
#3564 = VERTEX_POINT ( 'NONE', #964 ) ;
#3565 = ORIENTED_EDGE ( 'NONE', *, *, #2940, .F. ) ;
#3566 = ORIENTED_EDGE ( 'NONE', *, *, #3097, .T. ) ;
#3567 = CARTESIAN_POINT ( 'NONE',  ( 2.978157993061859798, 18.19999999999998863, -3.326107752057128053 ) ) ;
#3568 = CARTESIAN_POINT ( 'NONE',  ( 8.150000000000078515, -3.000000000000000000, -3.600000000000000977 ) ) ;
#3569 = CARTESIAN_POINT ( 'NONE',  ( 1.414691079326208856, 18.19999999999999574, -2.817595486909847402 ) ) ;
#3570 = CARTESIAN_POINT ( 'NONE',  ( 2.854736489200973892, 18.20000000000000284, -2.050092808991535787 ) ) ;
#3571 = FACE_OUTER_BOUND ( 'NONE', #2735, .T. ) ;
#3572 = ADVANCED_FACE ( 'NONE', ( #2914 ), #4733, .T. ) ;
#3573 = EDGE_LOOP ( 'NONE', ( #1997, #1637, #1345, #4067 ) ) ;
#3574 = EDGE_CURVE ( 'NONE', #916, #2795, #1515, .T. ) ;
#3575 = ORIENTED_EDGE ( 'NONE', *, *, #1872, .F. ) ;
#3576 = CARTESIAN_POINT ( 'NONE',  ( 6.176923076923078071, 18.10000000000000142, -1.984615384615384670 ) ) ;
#3577 = CARTESIAN_POINT ( 'NONE',  ( 0.4538461538461536215, 18.10000000000000142, -3.123076923076922640 ) ) ;
#3578 = LINE ( 'NONE', #827, #1942 ) ;
#3579 = DIRECTION ( 'NONE',  ( 0.000000000000000000, 0.000000000000000000, 1.000000000000000000 ) ) ;
#3580 = CIRCLE ( 'NONE', #2591, 0.3999999999999993006 ) ;
#3581 = PLANE ( 'NONE',  #3370 ) ;
#3582 = EDGE_CURVE ( 'NONE', #926, #3697, #5010, .T. ) ;
#3583 = CARTESIAN_POINT ( 'NONE',  ( 7.776062316908073591, 18.19999999999999574, -2.621307487327407593 ) ) ;
#3584 = EDGE_LOOP ( 'NONE', ( #2121, #730, #2989, #4677 ) ) ;
#3585 = CARTESIAN_POINT ( 'NONE',  ( -3.115384615384614531, 18.19999999999999929, -1.000000000000000000 ) ) ;
#3586 = AXIS2_PLACEMENT_3D ( 'NONE', #2251, #1809, #1834 ) ;
#3587 = DIRECTION ( 'NONE',  ( -0.000000000000000000, 1.000000000000000000, -0.000000000000000000 ) ) ;
#3588 = ORIENTED_EDGE ( 'NONE', *, *, #4917, .F. ) ;
#3589 = CARTESIAN_POINT ( 'NONE',  ( 8.124610084716920255, 18.19999999999999929, -3.239679382850802369 ) ) ;
#3590 = ORIENTED_EDGE ( 'NONE', *, *, #2299, .T. ) ;
#3591 = AXIS2_PLACEMENT_3D ( 'NONE', #777, #3512, #5077 ) ;
#3592 = ORIENTED_EDGE ( 'NONE', *, *, #2949, .T. ) ;
#3593 = SURFACE_STYLE_USAGE ( .BOTH. , #2337 ) ;
#3594 = EDGE_LOOP ( 'NONE', ( #3381, #752, #129, #865 ) ) ;
#3595 = DIRECTION ( 'NONE',  ( -0.000000000000000000, 0.000000000000000000, -1.000000000000000000 ) ) ;
#3596 = AXIS2_PLACEMENT_3D ( 'NONE', #1101, #4259, #3109 ) ;
#3597 = CARTESIAN_POINT ( 'NONE',  ( 3.020043355269099283, 18.10000000000000142, -1.383686435946038351 ) ) ;
#3598 = CARTESIAN_POINT ( 'NONE',  ( 2.631357219009320847, 18.09999999999999787, -2.869763943659481953 ) ) ;
#3599 = ORIENTED_EDGE ( 'NONE', *, *, #1019, .T. ) ;
#3600 = CARTESIAN_POINT ( 'NONE',  ( 4.083959067738040183, 18.20000000000000284, -2.268603173857155042 ) ) ;
#3601 = CARTESIAN_POINT ( 'NONE',  ( -2.410383215157984704, 18.10000000000000142, -3.120520381876108029 ) ) ;
#3602 = CARTESIAN_POINT ( 'NONE',  ( 1.776923076923077049, 18.10000000000000142, -3.399999999999999911 ) ) ;
#3603 = CARTESIAN_POINT ( 'NONE',  ( -2.216346153846153300, 18.20000000000000284, -3.377403846153846256 ) ) ;
#3604 = EDGE_LOOP ( 'NONE', ( #4801, #4366, #4553, #3297 ) ) ;
#3605 = ORIENTED_EDGE ( 'NONE', *, *, #3899, .F. ) ;
#3606 = CARTESIAN_POINT ( 'NONE',  ( 3.336553207373425423, 18.10000000000000497, -0.9695532734582819057 ) ) ;
#3607 = DIRECTION ( 'NONE',  ( 0.000000000000000000, 0.000000000000000000, -1.000000000000000000 ) ) ;
#3608 = CARTESIAN_POINT ( 'NONE',  ( -2.077155623129951056, 18.10000000000000497, -2.959892446379520869 ) ) ;
#3609 = PLANE ( 'NONE',  #220 ) ;
#3610 = DIRECTION ( 'NONE',  ( 0.000000000000000000, 0.000000000000000000, -1.000000000000000000 ) ) ;
#3611 = CARTESIAN_POINT ( 'NONE',  ( 6.176923076923078071, 18.19999999999999929, -1.707692307692307621 ) ) ;
#3612 = CARTESIAN_POINT ( 'NONE',  ( 3.057921456361752721, 18.10000000000000497, -3.031181415347780295 ) ) ;
#3613 = VERTEX_POINT ( 'NONE', #4052 ) ;
#3614 = LINE ( 'NONE', #1219, #2849 ) ;
#3615 = LINE ( 'NONE', #4736, #3352 ) ;
#3616 = EDGE_CURVE ( 'NONE', #1051, #3267, #4129, .T. ) ;
#3617 = ORIENTED_EDGE ( 'NONE', *, *, #3957, .T. ) ;
#3618 = CARTESIAN_POINT ( 'NONE',  ( -4.982211538461537970, 18.10000000000000142, -1.744711538461538369 ) ) ;
#3619 = VECTOR ( 'NONE', #362, 1000.000000000000000 ) ;
#3620 = ORIENTED_EDGE ( 'NONE', *, *, #889, .F. ) ;
#3621 = VERTEX_POINT ( 'NONE', #2944 ) ;
#3622 = CARTESIAN_POINT ( 'NONE',  ( 5.314120561262892117, 18.09999999999999787, -2.069992689188896229 ) ) ;
#3623 = ORIENTED_EDGE ( 'NONE', *, *, #1476, .F. ) ;
#3624 = CARTESIAN_POINT ( 'NONE',  ( 3.080011194544924891, 18.10000000000000142, -3.367551655207887684 ) ) ;
#3625 = CARTESIAN_POINT ( 'NONE',  ( 3.134944262634138390, 18.10000000000000142, -3.382062021272044916 ) ) ;
#3626 = EDGE_LOOP ( 'NONE', ( #512, #4776, #5047, #3064 ) ) ;
#3627 = CARTESIAN_POINT ( 'NONE',  ( 8.097667665084690825, 18.10000000000000142, -2.853106488880952529 ) ) ;
#3628 = DIRECTION ( 'NONE',  ( -0.000000000000000000, -0.000000000000000000, -1.000000000000000000 ) ) ;
#3629 = EDGE_CURVE ( 'NONE', #3670, #148, #3835, .T. ) ;
#3630 = CARTESIAN_POINT ( 'NONE',  ( 5.508915165638904377, 18.19999999999999574, -2.927443551440969127 ) ) ;
#3631 = CARTESIAN_POINT ( 'NONE',  ( 0.000000000000000000, 0.000000000000000000, 0.000000000000000000 ) ) ;
#3632 = VERTEX_POINT ( 'NONE', #2510 ) ;
#3633 = FACE_OUTER_BOUND ( 'NONE', #446, .T. ) ;
#3634 = EDGE_CURVE ( 'NONE', #2424, #106, #1278, .T. ) ;
#3635 = CARTESIAN_POINT ( 'NONE',  ( 3.315384615384616041, 18.10000000000000142, -1.246153846153845945 ) ) ;
#3636 = CARTESIAN_POINT ( 'NONE',  ( 5.105630852682008225, 18.09999999999999787, -1.338642022504635820 ) ) ;
#3637 = CARTESIAN_POINT ( 'NONE',  ( -1.423076923076922684, 18.10000000000000142, -3.123076923076922640 ) ) ;
#3638 = CARTESIAN_POINT ( 'NONE',  ( -5.208173076923075406, 18.10000000000000142, -1.715865384615384626 ) ) ;
#3639 = ORIENTED_EDGE ( 'NONE', *, *, #4799, .T. ) ;
#3640 = CARTESIAN_POINT ( 'NONE',  ( 8.150000000000078515, -3.000000000000000000, -4.000000000000000000 ) ) ;
#3641 = DIRECTION ( 'NONE',  ( -1.000000000000000000, 0.000000000000000000, 0.000000000000000000 ) ) ;
#3642 = CARTESIAN_POINT ( 'NONE',  ( -7.236648581862020535, 18.09999999999999787, -2.873840154283197279 ) ) ;
#3643 = ORIENTED_EDGE ( 'NONE', *, *, #418, .T. ) ;
#3644 = EDGE_CURVE ( 'NONE', #4326, #2879, #4080, .T. ) ;
#3645 = ORIENTED_EDGE ( 'NONE', *, *, #2180, .T. ) ;
#3646 = CARTESIAN_POINT ( 'NONE',  ( 3.759876393278177353, 18.09999999999999432, -2.552200703506998014 ) ) ;
#3647 = VERTEX_POINT ( 'NONE', #3694 ) ;
#3648 = CARTESIAN_POINT ( 'NONE',  ( -2.291880202924505117, 18.10000000000000497, -2.289368416125960426 ) ) ;
#3649 = CARTESIAN_POINT ( 'NONE',  ( 2.984832436276437573, 18.10000000000000497, -1.426258130120833023 ) ) ;
#3650 = CARTESIAN_POINT ( 'NONE',  ( 3.495785003489886744, 18.19999999999999574, -1.290526879701793250 ) ) ;
#3651 = ORIENTED_EDGE ( 'NONE', *, *, #1631, .F. ) ;
#3652 = CARTESIAN_POINT ( 'NONE',  ( -5.103008208610487095, 18.19999999999999929, -1.373889183135798664 ) ) ;
#3653 = CARTESIAN_POINT ( 'NONE',  ( 5.175480769230769162, 18.10000000000000142, -1.652403846153845945 ) ) ;
#3654 = CARTESIAN_POINT ( 'NONE',  ( 3.362044959501998775, 18.20000000000000284, -3.121495346744141308 ) ) ;
#3655 =( NAMED_UNIT ( * ) SI_UNIT ( $, .STERADIAN. ) SOLID_ANGLE_UNIT ( ) );
#3656 = ORIENTED_EDGE ( 'NONE', *, *, #4528, .T. ) ;
#3657 = CARTESIAN_POINT ( 'NONE',  ( 3.860488948313615332, 18.09999999999999787, -1.220221028608496905 ) ) ;
#3658 = DIRECTION ( 'NONE',  ( -1.000000000000000000, 0.000000000000000000, 0.000000000000000000 ) ) ;
#3659 = CARTESIAN_POINT ( 'NONE',  ( 5.082772176456523461, 18.10000000000000142, -1.171775364036994782 ) ) ;
#3660 = CARTESIAN_POINT ( 'NONE',  ( -1.776419275174005774, 18.19999999999999929, -3.105229208171969457 ) ) ;
#3661 = CARTESIAN_POINT ( 'NONE',  ( 3.003292774680716537, 18.10000000000000142, -2.971672128905175736 ) ) ;
#3662 = ORIENTED_EDGE ( 'NONE', *, *, #2389, .F. ) ;
#3663 = MECHANICAL_DESIGN_GEOMETRIC_PRESENTATION_REPRESENTATION (  '', ( #3825 ), #872 ) ;
#3664 = CARTESIAN_POINT ( 'NONE',  ( 3.023833735935659295, 18.19999999999999929, -2.997129104337987737 ) ) ;
#3665 = CARTESIAN_POINT ( 'NONE',  ( 2.576922501824455480, 18.10000000000000142, -1.734067893245186065 ) ) ;
#3666 = CIRCLE ( 'NONE', #3265, 0.4000000000000001887 ) ;
#3667 = CARTESIAN_POINT ( 'NONE',  ( -7.062297504795813197, 18.19999999999999574, -3.103493563119797738 ) ) ;
#3668 = VERTEX_POINT ( 'NONE', #159 ) ;
#3669 = B_SPLINE_CURVE_WITH_KNOTS ( 'NONE', 3,
 ( #1789, #4103, #2159, #1765, #2133, #1742, #2078 ),
 .UNSPECIFIED., .F., .F.,
 ( 4, 1, 1, 1, 4 ),
 ( 0.000000000000000000, 0.2866303342764877082, 0.5496230569591321613, 0.7876045261568201949, 1.000000000000000000 ),
 .UNSPECIFIED. ) ;
#3670 = VERTEX_POINT ( 'NONE', #1744 ) ;
#3671 = VERTEX_POINT ( 'NONE', #990 ) ;
#3672 = CARTESIAN_POINT ( 'NONE',  ( 3.496749514743123566, 18.19999999999998863, -0.9872565573675524675 ) ) ;
#3673 = AXIS2_PLACEMENT_3D ( 'NONE', #2861, #3684, #175 ) ;
#3674 = PLANE ( 'NONE',  #630 ) ;
#3675 = DIRECTION ( 'NONE',  ( 3.424388922056915814E-13, 1.000000000000000000, 3.550882109282951234E-13 ) ) ;
#3676 = CARTESIAN_POINT ( 'NONE',  ( 2.807033930689045054, 18.10000000000000142, -3.194019714711821223 ) ) ;
#3677 = CARTESIAN_POINT ( 'NONE',  ( 4.044465926960723046, 18.19999999999999574, -2.690956010443585456 ) ) ;
#3678 = ADVANCED_FACE ( 'NONE', ( #3319 ), #4877, .F. ) ;
#3679 = FACE_BOUND ( 'NONE', #4842, .T. ) ;
#3680 = VECTOR ( 'NONE', #425, 1000.000000000000000 ) ;
#3681 = EDGE_CURVE ( 'NONE', #1429, #2104, #3719, .T. ) ;
#3682 = VERTEX_POINT ( 'NONE', #212 ) ;
#3683 = LINE ( 'NONE', #2550, #633 ) ;
#3684 = DIRECTION ( 'NONE',  ( -1.000000000000000000, 0.000000000000000000, -0.000000000000000000 ) ) ;
#3685 = DIRECTION ( 'NONE',  ( -0.000000000000000000, 0.000000000000000000, -1.000000000000000000 ) ) ;
#3686 = ADVANCED_FACE ( 'NONE', ( #3767 ), #710, .T. ) ;
#3687 = ADVANCED_FACE ( 'NONE', ( #4199, #4630 ), #4953, .T. ) ;
#3688 = CARTESIAN_POINT ( 'NONE',  ( -1.773150575060601586, 18.20000000000000284, -2.305778009833629127 ) ) ;
#3689 = ORIENTED_EDGE ( 'NONE', *, *, #1487, .T. ) ;
#3690 = DIRECTION ( 'NONE',  ( -1.000000000000000000, 0.000000000000000000, 0.000000000000000000 ) ) ;
#3691 = DIRECTION ( 'NONE',  ( -0.000000000000000000, 1.000000000000000000, -0.000000000000000000 ) ) ;
#3692 = PRODUCT_DEFINITION_CONTEXT ( 'detailed design', #2428, 'design' ) ;
#3693 = EDGE_CURVE ( 'NONE', #333, #2280, #1821, .T. ) ;
#3694 = CARTESIAN_POINT ( 'NONE',  ( -3.453846153846152678, 18.19999999999999929, -1.000000000000000000 ) ) ;
#3695 = VECTOR ( 'NONE', #4134, 1000.000000000000000 ) ;
#3696 = EDGE_LOOP ( 'NONE', ( #1208, #1391, #4257, #2494 ) ) ;
#3697 = VERTEX_POINT ( 'NONE', #1432 ) ;
#3698 = ORIENTED_EDGE ( 'NONE', *, *, #179, .F. ) ;
#3699 = CARTESIAN_POINT ( 'NONE',  ( 3.336553207373425423, 18.10000000000000497, -0.9695532734582819057 ) ) ;
#3700 = VERTEX_POINT ( 'NONE', #266 ) ;
#3701 = CARTESIAN_POINT ( 'NONE',  ( 4.084615384615384315, 18.10000000000000142, -2.183653846153846168 ) ) ;
#3702 = DIRECTION ( 'NONE',  ( -0.6035707186714187600, 0.000000000000000000, 0.7973094678745932251 ) ) ;
#3703 = CARTESIAN_POINT ( 'NONE',  ( 1.409567035954866210, 18.19999999999999574, -3.158487338531026811 ) ) ;
#3704 = EDGE_LOOP ( 'NONE', ( #2086, #3300, #1745, #4741 ) ) ;
#3705 = CARTESIAN_POINT ( 'NONE',  ( 9.000000000000000000, 0.000000000000000000, 4.500000000000001776 ) ) ;
#3706 = CARTESIAN_POINT ( 'NONE',  ( 3.935563269827206057, 18.19999999999999574, -3.022916728556235721 ) ) ;
#3707 = EDGE_CURVE ( 'NONE', #1061, #1716, #687, .T. ) ;
#3708 = DIRECTION ( 'NONE',  ( 1.000000000000000000, 0.000000000000000000, 0.000000000000000000 ) ) ;
#3709 = ORIENTED_EDGE ( 'NONE', *, *, #3070, .T. ) ;
#3710 = CARTESIAN_POINT ( 'NONE',  ( 3.579408748126834183, 18.19999999999999929, -3.018607902616721628 ) ) ;
#3711 = CARTESIAN_POINT ( 'NONE',  ( 3.221680416463650332, 18.19999999999999218, -1.256119641378608209 ) ) ;
#3712 = CARTESIAN_POINT ( 'NONE',  ( 3.287630136848779472, 18.10000000000000142, -0.9700224671985785418 ) ) ;
#3713 = CARTESIAN_POINT ( 'NONE',  ( -5.208173076923075406, 18.10000000000000142, -1.715865384615384626 ) ) ;
#3714 = CARTESIAN_POINT ( 'NONE',  ( 1.469230769230769562, 18.10000000000000142, -2.870192307692307487 ) ) ;
#3715 = CARTESIAN_POINT ( 'NONE',  ( -1.967300323701803189, 18.20000000000000639, -2.100546650581091690 ) ) ;
#3716 = ORIENTED_EDGE ( 'NONE', *, *, #2087, .F. ) ;
#3717 = CARTESIAN_POINT ( 'NONE',  ( 3.312019230769231104, 18.19999999999999929, -3.123076923076922640 ) ) ;
#3718 = FACE_OUTER_BOUND ( 'NONE', #4964, .T. ) ;
#3719 = LINE ( 'NONE', #2562, #1707 ) ;
#3720 = CARTESIAN_POINT ( 'NONE',  ( 8.115384615384616751, 18.10000000000000142, -1.000000000000000000 ) ) ;
#3721 = CARTESIAN_POINT ( 'NONE',  ( 1.536098339611467356, 18.10000000000000142, -3.318622620477245988 ) ) ;
#3722 = CARTESIAN_POINT ( 'NONE',  ( 3.776622059628654160, 18.10000000000000142, -2.138454447030724292 ) ) ;
#3723 = ORIENTED_EDGE ( 'NONE', *, *, #1173, .T. ) ;
#3724 = CARTESIAN_POINT ( 'NONE',  ( 3.312019230769231104, 18.10000000000000142, -3.123076923076922640 ) ) ;
#3725 = LINE ( 'NONE', #2620, #4986 ) ;
#3726 = CARTESIAN_POINT ( 'NONE',  ( -5.089519591096690831, 18.10000000000000142, -1.399067308160131473 ) ) ;
#3727 = EDGE_CURVE ( 'NONE', #2186, #4626, #2759, .T. ) ;
#3728 = VERTEX_POINT ( 'NONE', #2634 ) ;
#3729 = CARTESIAN_POINT ( 'NONE',  ( 3.328884997822857628, 18.19999999999999574, -3.122543707496022058 ) ) ;
#3730 = LINE ( 'NONE', #4868, #4400 ) ;
#3731 = CARTESIAN_POINT ( 'NONE',  ( 4.080017485271135946, 18.20000000000000284, -1.985321155423562356 ) ) ;
#3732 = EDGE_CURVE ( 'NONE', #1227, #5058, #2261, .T. ) ;
#3733 = CARTESIAN_POINT ( 'NONE',  ( 5.175480769230769162, 18.19999999999999929, -1.652403846153845945 ) ) ;
#3734 = EDGE_CURVE ( 'NONE', #949, #3647, #1408, .T. ) ;
#3735 = CARTESIAN_POINT ( 'NONE',  ( -2.207171258700463934, 18.19999999999999574, -2.012569254691831233 ) ) ;
#3736 = EDGE_LOOP ( 'NONE', ( #136, #4530, #895, #4018 ) ) ;
#3737 = DIRECTION ( 'NONE',  ( 0.000000000000000000, 0.000000000000000000, 1.000000000000000000 ) ) ;
#3738 = CARTESIAN_POINT ( 'NONE',  ( 6.176923076923078071, 18.19999999999999929, -1.707692307692307621 ) ) ;
#3739 = DIRECTION ( 'NONE',  ( 0.000000000000000000, 0.000000000000000000, 1.000000000000000000 ) ) ;
#3740 = ADVANCED_FACE ( 'NONE', ( #4247, #1042, #4533, #4610, #1015, #1843, #2682, #2655, #4179, #2286 ), #2185, .T. ) ;
#3741 = CARTESIAN_POINT ( 'NONE',  ( 3.438805113129170810, 18.10000000000000142, -0.9765121814308479475 ) ) ;
#3742 = ORIENTED_EDGE ( 'NONE', *, *, #2756, .F. ) ;
#3743 = CARTESIAN_POINT ( 'NONE',  ( -2.014740005763263841, 18.10000000000000497, -2.602766433804082347 ) ) ;
#3744 = VECTOR ( 'NONE', #5017, 1000.000000000000114 ) ;
#3745 = CARTESIAN_POINT ( 'NONE',  ( 3.680599199919254438, 18.19999999999999929, -2.882540098877089729 ) ) ;
#3746 = VECTOR ( 'NONE', #1361, 1000.000000000000000 ) ;
#3747 = CARTESIAN_POINT ( 'NONE',  ( -2.216346153846153300, 18.20000000000000284, -3.377403846153846256 ) ) ;
#3748 = VECTOR ( 'NONE', #1181, 1000.000000000000000 ) ;
#3749 = ORIENTED_EDGE ( 'NONE', *, *, #957, .T. ) ;
#3750 = CARTESIAN_POINT ( 'NONE',  ( 3.656654829903065007, 18.19999999999999929, -3.324452503712089779 ) ) ;
#3751 = CARTESIAN_POINT ( 'NONE',  ( 7.630574256133987099, 18.10000000000000142, -2.544743598796537665 ) ) ;
#3752 = VECTOR ( 'NONE', #4347, 1000.000000000000000 ) ;
#3753 = EDGE_CURVE ( 'NONE', #4944, #3632, #2235, .T. ) ;
#3754 = CARTESIAN_POINT ( 'NONE',  ( -5.099999999999998757, 18.19999999999999929, -1.363461538461538503 ) ) ;
#3755 = VECTOR ( 'NONE', #1136, 1000.000000000000000 ) ;
#3756 = ORIENTED_EDGE ( 'NONE', *, *, #3160, .F. ) ;
#3757 = CARTESIAN_POINT ( 'NONE',  ( -3.115384615384614531, 18.10000000000000142, -1.000000000000000000 ) ) ;
#3758 = CARTESIAN_POINT ( 'NONE',  ( -6.253846153846152944, 18.19999999999999929, -1.000000000000000000 ) ) ;
#3759 = CARTESIAN_POINT ( 'NONE',  ( 2.945446618524610205, 18.10000000000000142, -1.058381511807500841 ) ) ;
#3760 = VECTOR ( 'NONE', #1375, 1000.000000000000000 ) ;
#3761 = DIRECTION ( 'NONE',  ( -0.000000000000000000, 1.000000000000000000, -0.000000000000000000 ) ) ;
#3762 = PLANE ( 'NONE',  #4497 ) ;
#3763 = PLANE ( 'NONE',  #2236 ) ;
#3764 = EDGE_LOOP ( 'NONE', ( #1317, #4913, #3198, #4207 ) ) ;
#3765 = CARTESIAN_POINT ( 'NONE',  ( -2.118117235143944121, 18.10000000000000142, -2.035457173379223050 ) ) ;
#3766 = DIRECTION ( 'NONE',  ( 1.000000000000000000, 0.000000000000000000, 0.000000000000000000 ) ) ;
#3767 = FACE_OUTER_BOUND ( 'NONE', #2041, .T. ) ;
#3768 = EDGE_LOOP ( 'NONE', ( #88, #3908, #4327, #1467 ) ) ;
#3769 = EDGE_CURVE ( 'NONE', #949, #3621, #3794, .T. ) ;
#3770 = CARTESIAN_POINT ( 'NONE',  ( -2.542307692307691713, 18.19999999999999574, -3.123076923076922640 ) ) ;
#3771 = CARTESIAN_POINT ( 'NONE',  ( -3.115384615384614531, 18.19999999999999929, -1.000000000000000000 ) ) ;
#3772 = FACE_OUTER_BOUND ( 'NONE', #309, .T. ) ;
#3773 = CARTESIAN_POINT ( 'NONE',  ( 3.610879582105718466, 18.10000000000000497, -1.383712464797439257 ) ) ;
#3774 = VECTOR ( 'NONE', #2110, 1000.000000000000000 ) ;
#3775 = ORIENTED_EDGE ( 'NONE', *, *, #4132, .T. ) ;
#3776 = LINE ( 'NONE', #598, #1576 ) ;
#3777 = CARTESIAN_POINT ( 'NONE',  ( -2.008696322565684422, 18.19999999999999574, -2.650637481600564449 ) ) ;
#3778 = LINE ( 'NONE', #4165, #137 ) ;
#3779 = VERTEX_POINT ( 'NONE', #3844 ) ;
#3780 = CARTESIAN_POINT ( 'NONE',  ( 3.759441579142028811, 18.10000000000000853, -1.810604586323385501 ) ) ;
#3781 = EDGE_CURVE ( 'NONE', #3349, #3728, #1459, .T. ) ;
#3782 = CARTESIAN_POINT ( 'NONE',  ( -5.915384615384613909, 18.10000000000000142, -3.030769230769230660 ) ) ;
#3783 = LINE ( 'NONE', #1058, #1374 ) ;
#3784 = CARTESIAN_POINT ( 'NONE',  ( -5.103008208610487095, 18.10000000000000142, -1.373889183135798664 ) ) ;
#3785 = VECTOR ( 'NONE', #4529, 1000.000000000000000 ) ;
#3786 = DIRECTION ( 'NONE',  ( 0.000000000000000000, 0.000000000000000000, 1.000000000000000000 ) ) ;
#3787 = EDGE_LOOP ( 'NONE', ( #4155, #4541, #3165, #5096, #5082, #535, #899, #2966 ) ) ;
#3788 = EDGE_LOOP ( 'NONE', ( #4376, #2165, #4351, #1769 ) ) ;
#3789 = LINE ( 'NONE', #3812, #2880 ) ;
#3790 = EDGE_LOOP ( 'NONE', ( #4640, #83, #2232, #1924 ) ) ;
#3791 = AXIS2_PLACEMENT_3D ( 'NONE', #10, #2702, #3168 ) ;
#3792 = CARTESIAN_POINT ( 'NONE',  ( 0.4538461538461536215, 18.19999999999999929, -3.123076923076922640 ) ) ;
#3793 = CARTESIAN_POINT ( 'NONE',  ( -4.284615384615384492, 18.10000000000000142, -1.000000000000000000 ) ) ;
#3794 = LINE ( 'NONE', #3416, #2929 ) ;
#3795 = DIRECTION ( 'NONE',  ( 0.000000000000000000, 0.000000000000000000, 1.000000000000000000 ) ) ;
#3796 =( NAMED_UNIT ( * ) SI_UNIT ( $, .STERADIAN. ) SOLID_ANGLE_UNIT ( ) );
#3797 = FACE_OUTER_BOUND ( 'NONE', #867, .T. ) ;
#3798 = CARTESIAN_POINT ( 'NONE',  ( -1.989599004141098471, 18.10000000000000142, -3.305804669290711928 ) ) ;
#3799 = EDGE_CURVE ( 'NONE', #4929, #3013, #5008, .T. ) ;
#3800 = CARTESIAN_POINT ( 'NONE',  ( 3.610879582105718466, 18.19999999999999929, -1.383712464797439257 ) ) ;
#3801 = EDGE_LOOP ( 'NONE', ( #3605, #402, #3945, #449 ) ) ;
#3802 = CARTESIAN_POINT ( 'NONE',  ( 2.546463846221115546, 18.19999999999998863, -2.217952049147305260 ) ) ;
#3803 = CARTESIAN_POINT ( 'NONE',  ( -2.513451802306759575, 18.19999999999999929, -2.261924479252429343 ) ) ;
#3804 = LINE ( 'NONE', #1026, #4494 ) ;
#3805 = CARTESIAN_POINT ( 'NONE',  ( 4.761538461538461497, 18.10000000000000142, -1.000000000000000000 ) ) ;
#3806 = FACE_OUTER_BOUND ( 'NONE', #3014, .T. ) ;
#3807 = CARTESIAN_POINT ( 'NONE',  ( 2.795851979522292030, 18.19999999999999574, -1.181903541130195245 ) ) ;
#3808 = CARTESIAN_POINT ( 'NONE',  ( 1.776923076923077049, 18.10000000000000142, -3.399999999999999911 ) ) ;
#3809 = CARTESIAN_POINT ( 'NONE',  ( -6.561538461538460432, 18.10000000000000142, -1.000000000000000000 ) ) ;
#3810 = EDGE_LOOP ( 'NONE', ( #1508, #917, #3651, #2318, #1003, #1779, #3924, #4025 ) ) ;
#3811 = ORIENTED_EDGE ( 'NONE', *, *, #1427, .T. ) ;
#3812 = CARTESIAN_POINT ( 'NONE',  ( 9.500000000000000000, 18.19999999999999929, -4.500000000000000888 ) ) ;
#3813 = CARTESIAN_POINT ( 'NONE',  ( -2.199415261301588931, 18.10000000000000142, -2.324635147380671452 ) ) ;
#3814 = CARTESIAN_POINT ( 'NONE',  ( -0.3153846153846149303, 18.10000000000000142, -1.000000000000000000 ) ) ;
#3815 = DIRECTION ( 'NONE',  ( 0.000000000000000000, 1.000000000000000000, 0.000000000000000000 ) ) ;
#3816 = B_SPLINE_CURVE_WITH_KNOTS ( 'NONE', 3,
 ( #2545, #852, #2143, #4760, #2899, #3750, #1267, #4138, #998, #1242, #2801, #3382, #1392, #4788, #2523, #4367, #2425, #2195, #4941, #3988, #2043, #1417, #1661 ),
 .UNSPECIFIED., .F., .F.,
 ( 4, 1, 1, 1, 1, 1, 1, 1, 1, 1, 1, 1, 1, 1, 1, 1, 1, 1, 1, 1, 4 ),
 ( 0.000000000000000000, 0.05672433721815036550, 0.1114372357370103372, 0.1643678222229010555, 0.2164353724620895203, 0.2676414903219246910, 0.3173597799690280885, 0.3674730633322806916, 0.4182103970528081027, 0.4714042826470201675, 0.5279657201290494095, 0.5880611158232139646, 0.6521342629937146862, 0.6863448363353057413, 0.7232636803169653072, 0.7626102507715420975, 0.8047389366452182280, 0.8494303387909498682, 0.8967112583864922382, 0.9468896380534764790, 1.000000000000000000 ),
 .UNSPECIFIED. ) ;
#3817 = CARTESIAN_POINT ( 'NONE',  ( 2.957202061001956039, 18.10000000000000142, -2.899156975764275224 ) ) ;
#3818 = CARTESIAN_POINT ( 'NONE',  ( -2.450796115529890962, 18.10000000000000497, -3.121712823946392046 ) ) ;
#3819 = CARTESIAN_POINT ( 'NONE',  ( 4.073046131390478664, 18.09999999999999787, -1.892683271641028231 ) ) ;
#3820 = CARTESIAN_POINT ( 'NONE',  ( -1.685515336341891546, 18.20000000000000995, -2.879982669605474666 ) ) ;
#3821 = CYLINDRICAL_SURFACE ( 'NONE', #3191, 0.4000000000000006328 ) ;
#3822 = ORIENTED_EDGE ( 'NONE', *, *, #2541, .T. ) ;
#3823 = EDGE_CURVE ( 'NONE', #4090, #208, #3046, .T. ) ;
#3824 = DIRECTION ( 'NONE',  ( -1.000000000000000000, 0.000000000000000000, 0.000000000000000000 ) ) ;
#3825 = STYLED_ITEM ( 'NONE', ( #2658 ), #1243 ) ;
#3826 = CARTESIAN_POINT ( 'NONE',  ( 7.583923700993079997, 18.10000000000000142, -2.525554182939439674 ) ) ;
#3827 = VECTOR ( 'NONE', #103, 1000.000000000000000 ) ;
#3828 = CARTESIAN_POINT ( 'NONE',  ( 5.091051706498471496, 18.10000000000000497, -2.256765462741175288 ) ) ;
#3829 = VECTOR ( 'NONE', #846, 1000.000000000000000 ) ;
#3831 = ADVANCED_FACE ( 'NONE', ( #315 ), #1896, .T. ) ;
#3830 = FACE_OUTER_BOUND ( 'NONE', #3298, .T. ) ;
#3832 = DIRECTION ( 'NONE',  ( 0.000000000000000000, 0.000000000000000000, 1.000000000000000000 ) ) ;
#3833 = CARTESIAN_POINT ( 'NONE',  ( 3.378026126061575596, 18.19999999999999929, -0.9701851148018759696 ) ) ;
#3834 = CARTESIAN_POINT ( 'NONE',  ( -8.022115384615382538, 18.10000000000000142, -1.276923076923077049 ) ) ;
#3835 = CIRCLE ( 'NONE', #5063, 0.3999999999999993006 ) ;
#3836 = DIRECTION ( 'NONE',  ( 0.000000000000000000, 1.000000000000000000, 0.000000000000000000 ) ) ;
#3837 = EDGE_LOOP ( 'NONE', ( #3620, #743, #3976, #844 ) ) ;
#3838 = EDGE_CURVE ( 'NONE', #3013, #333, #3095, .T. ) ;
#3839 = ORIENTED_EDGE ( 'NONE', *, *, #1390, .T. ) ;
#3840 = CARTESIAN_POINT ( 'NONE',  ( -5.744711538461537259, 18.10000000000000142, -3.399999999999999911 ) ) ;
#3841 = CARTESIAN_POINT ( 'NONE',  ( -2.243077434865247355, 18.10000000000000142, -2.304940609253527395 ) ) ;
#3842 = VECTOR ( 'NONE', #2766, 1000.000000000000000 ) ;
#3843 = CARTESIAN_POINT ( 'NONE',  ( -7.143750878813161620, 18.10000000000000853, -2.996878775038471332 ) ) ;
#3844 = CARTESIAN_POINT ( 'NONE',  ( 3.312019230769231104, 18.19999999999999929, -3.123076923076922640 ) ) ;
#3845 = ADVANCED_FACE ( 'NONE', ( #3558 ), #1532, .T. ) ;
#3846 = VECTOR ( 'NONE', #1518, 1000.000000000000000 ) ;
#3847 = DIRECTION ( 'NONE',  ( -0.000000000000000000, 1.000000000000000000, -0.000000000000000000 ) ) ;
#3848 = CARTESIAN_POINT ( 'NONE',  ( -2.526120973181955165, 18.10000000000000497, -3.122962130190579000 ) ) ;
#3849 = CARTESIAN_POINT ( 'NONE',  ( 4.064467753073575551, 18.19999999999998508, -1.804697346004014991 ) ) ;
#3850 = CARTESIAN_POINT ( 'NONE',  ( -2.188635936447937969, 18.10000000000000497, -3.372070952871049521 ) ) ;
#3851 = DIRECTION ( 'NONE',  ( -0.000000000000000000, 0.000000000000000000, -1.000000000000000000 ) ) ;
#3852 = ORIENTED_EDGE ( 'NONE', *, *, #1445, .F. ) ;
#3853 =( LENGTH_UNIT ( ) NAMED_UNIT ( * ) SI_UNIT ( .MILLI., .METRE. ) );
#3854 = CARTESIAN_POINT ( 'NONE',  ( 4.934021903896800509, 18.09999999999999787, -1.873868522237594370 ) ) ;
#3855 = CARTESIAN_POINT ( 'NONE',  ( 0.9153846153846165734, 18.20000000000000284, -2.516346153846154010 ) ) ;
#3856 = EDGE_CURVE ( 'NONE', #2850, #1643, #4826, .T. ) ;
#3857 = CARTESIAN_POINT ( 'NONE',  ( -5.915384615384613909, 18.10000000000000142, -3.030769230769230660 ) ) ;
#3858 = CARTESIAN_POINT ( 'NONE',  ( 4.762276479739213642, 18.20000000000000284, -1.023890784411019661 ) ) ;
#3859 = DIRECTION ( 'NONE',  ( -1.000000000000000000, 0.000000000000000000, 0.000000000000000000 ) ) ;
#3860 = ORIENTED_EDGE ( 'NONE', *, *, #4074, .T. ) ;
#3861 = ORIENTED_EDGE ( 'NONE', *, *, #3089, .F. ) ;
#3862 = CARTESIAN_POINT ( 'NONE',  ( 7.561538461538461320, 18.10000000000000142, -2.516346153846153566 ) ) ;
#3863 = CARTESIAN_POINT ( 'NONE',  ( -2.413443195616157944, 18.10000000000000142, -1.986541358438716820 ) ) ;
#3864 = CARTESIAN_POINT ( 'NONE',  ( -1.854527437778240140, 18.10000000000000142, -2.193958739501279620 ) ) ;
#3865 = LINE ( 'NONE', #1582, #4489 ) ;
#3866 = CARTESIAN_POINT ( 'NONE',  ( 7.561538461538461320, 18.19999999999999929, -2.516346153846153566 ) ) ;
#3867 = DIRECTION ( 'NONE',  ( -1.000000000000000000, 0.000000000000000000, 0.000000000000000000 ) ) ;
#3868 = CARTESIAN_POINT ( 'NONE',  ( -9.000000000000000000, 18.19999999999999929, 5.000000000000000000 ) ) ;
#3869 = DIRECTION ( 'NONE',  ( -0.000000000000000000, 1.000000000000000000, -0.000000000000000000 ) ) ;
#3870 = FACE_OUTER_BOUND ( 'NONE', #2859, .T. ) ;
#3871 = EDGE_LOOP ( 'NONE', ( #1033, #2158, #4054, #5073 ) ) ;
#3872 = EDGE_LOOP ( 'NONE', ( #3423, #2307, #381, #3254, #3716, #1410, #2690 ) ) ;
#3873 = VECTOR ( 'NONE', #2846, 1000.000000000000000 ) ;
#3874 = LINE ( 'NONE', #2665, #2279 ) ;
#3875 = B_SPLINE_SURFACE_WITH_KNOTS ( 'NONE', 3, 1, ( 
 ( #4235, #1981 ),
 ( #1179, #3549 ),
 ( #2320, #3569 ),
 ( #1156, #1132 ),
 ( #3161, #1597 ),
 ( #1571, #374 ),
 ( #1955, #3526 ),
 ( #724, #796 ),
 ( #351, #2390 ),
 ( #2695, #4262 ),
 ( #1551, #3855 ) ),
 .UNSPECIFIED., .F., .F., .F.,
 ( 4, 1, 1, 1, 1, 1, 1, 1, 4 ),
 ( 2, 2 ),
 ( 0.000000000000000000, 0.1116703001015872665, 0.2320944808560171935, 0.3627434591045535783, 0.5025575097108865297, 0.6415251033312820983, 0.7710984952996698949, 0.8901617573732528710, 1.000000000000000000 ),
 ( 0.000000000000000000, 1.000000000000000000 ),
 .UNSPECIFIED. ) ;
#3876 = FACE_OUTER_BOUND ( 'NONE', #4311, .T. ) ;
#3877 = CARTESIAN_POINT ( 'NONE',  ( 2.930179158544214513, 18.09999999999999787, -2.828980007645756523 ) ) ;
#3878 = CARTESIAN_POINT ( 'NONE',  ( 7.561538461538461320, 18.10000000000000142, -2.799999999999999822 ) ) ;
#3879 = CARTESIAN_POINT ( 'NONE',  ( 8.150000000000078515, 0.000000000000000000, -3.600000000000000977 ) ) ;
#3880 = SURFACE_STYLE_FILL_AREA ( #3959 ) ;
#3881 = ORIENTED_EDGE ( 'NONE', *, *, #4200, .F. ) ;
#3882 = ORIENTED_EDGE ( 'NONE', *, *, #2316, .F. ) ;
#3883 = ORIENTED_EDGE ( 'NONE', *, *, #4636, .F. ) ;
#3884 = DIRECTION ( 'NONE',  ( 0.000000000000000000, 0.000000000000000000, -1.000000000000000000 ) ) ;
#3885 = CARTESIAN_POINT ( 'NONE',  ( 7.998599974185865769, 18.19999999999999929, -2.767338551688109938 ) ) ;
#3886 = CARTESIAN_POINT ( 'NONE',  ( -2.008409260630632964, 18.10000000000000142, -2.724912159888931207 ) ) ;
#3887 = EDGE_CURVE ( 'NONE', #926, #3779, #2706, .T. ) ;
#3888 = CARTESIAN_POINT ( 'NONE',  ( -8.284615384615383604, 18.10000000000000142, -3.123076923076922640 ) ) ;
#3889 = CARTESIAN_POINT ( 'NONE',  ( 4.779444433441320861, 18.19999999999999218, -1.227759138775727399 ) ) ;
#3890 = LINE ( 'NONE', #2708, #3619 ) ;
#3891 = EDGE_CURVE ( 'NONE', #1722, #4180, #1572, .T. ) ;
#3892 = CARTESIAN_POINT ( 'NONE',  ( 7.675768051220906329, 18.10000000000000853, -2.858828467379157967 ) ) ;
#3893 = CARTESIAN_POINT ( 'NONE',  ( 8.115384615384616751, 18.10000000000000142, -2.870192307692307487 ) ) ;
#3894 = ORIENTED_EDGE ( 'NONE', *, *, #4445, .T. ) ;
#3895 = VERTEX_POINT ( 'NONE', #2377 ) ;
#3896 = CARTESIAN_POINT ( 'NONE',  ( -3.115384615384614531, 18.10000000000000142, -1.984615384615384670 ) ) ;
#3897 = CARTESIAN_POINT ( 'NONE',  ( -5.915384615384613909, 18.10000000000000142, -1.000000000000000000 ) ) ;
#3898 = EDGE_CURVE ( 'NONE', #2839, #1227, #437, .T. ) ;
#3899 = EDGE_CURVE ( 'NONE', #2875, #2714, #794, .T. ) ;
#3900 = CARTESIAN_POINT ( 'NONE',  ( -5.144633445661981774, 18.19999999999999574, -1.511192905079860926 ) ) ;
#3901 = CIRCLE ( 'NONE', #122, 0.5000000000000004441 ) ;
#3902 = CARTESIAN_POINT ( 'NONE',  ( -0.3153846153846149303, 18.10000000000000142, -3.123076923076922640 ) ) ;
#3903 = CARTESIAN_POINT ( 'NONE',  ( 5.171217090749906653, 18.19999999999999929, -2.410676415353255386 ) ) ;
#3904 = CARTESIAN_POINT ( 'NONE',  ( 2.576922501824455480, 18.10000000000000142, -1.734067893245186065 ) ) ;
#3905 = B_SPLINE_CURVE_WITH_KNOTS ( 'NONE', 3,
 ( #2447, #3627, #2900, #569, #1442, #2644, #4163, #2546, #3751, #3826, #4520 ),
 .UNSPECIFIED., .F., .F.,
 ( 4, 1, 1, 1, 1, 1, 1, 1, 4 ),
 ( 0.000000000000000000, 0.1116703001015870167, 0.2320944808560166661, 0.3627434591045527457, 0.5025575097108875289, 0.6415251033312805440, 0.7710984952996702280, 0.8901617573732529820, 0.9999999999999998890 ),
 .UNSPECIFIED. ) ;
#3906 = EDGE_LOOP ( 'NONE', ( #3519, #2439, #2974, #3190 ) ) ;
#3907 = VECTOR ( 'NONE', #1932, 1000.000000000000000 ) ;
#3908 = ORIENTED_EDGE ( 'NONE', *, *, #4086, .F. ) ;
#3909 = CARTESIAN_POINT ( 'NONE',  ( -8.438461538461536904, 18.10000000000000142, -1.000000000000000000 ) ) ;
#3910 = CARTESIAN_POINT ( 'NONE',  ( 3.824979434512996157, 18.19999999999999218, -1.176200577224048249 ) ) ;
#3911 = CARTESIAN_POINT ( 'NONE',  ( 7.069230769230770761, 18.10000000000000142, -1.707692307692307621 ) ) ;
#3912 = CARTESIAN_POINT ( 'NONE',  ( -2.247094459223405671, 18.10000000000000142, -3.095451486059088264 ) ) ;
#3913 = B_SPLINE_CURVE_WITH_KNOTS ( 'NONE', 3,
 ( #2968, #1380, #2509, #4850, #1691, #3264, #3665, #4827, #2912, #2491, #4078 ),
 .UNSPECIFIED., .F., .F.,
 ( 4, 1, 1, 1, 1, 1, 1, 1, 4 ),
 ( 0.000000000000000000, 0.09742066817721473093, 0.2008855880393206617, 0.3111719701726506360, 0.4297979458253731733, 0.5577399263645876903, 0.6947152693641586163, 0.8421299102060552100, 1.000000000000000000 ),
 .UNSPECIFIED. ) ;
#3914 = CIRCLE ( 'NONE', #1461, 0.5000000000000004441 ) ;
#3915 = CARTESIAN_POINT ( 'NONE',  ( 5.912657523429853512, 18.19999999999999929, -3.099012180496111935 ) ) ;
#3916 = B_SPLINE_SURFACE_WITH_KNOTS ( 'NONE', 3, 1, ( 
 ( #89, #1236 ),
 ( #1311, #4014 ),
 ( #4359, #4447 ),
 ( #492, #2524 ),
 ( #4783, #1263 ),
 ( #1680, #845 ),
 ( #2796, #2145 ),
 ( #2821, #145 ),
 ( #4418, #4808 ),
 ( #2091, #4469 ),
 ( #170, #3706 ),
 ( #3332, #1653 ),
 ( #2852, #2420 ),
 ( #3223, #3251 ),
 ( #544, #3677 ),
 ( #458, #2876 ),
 ( #900, #2118 ),
 ( #4062, #3280 ),
 ( #2479, #2035 ),
 ( #1731, #4391 ),
 ( #4840, #3600 ),
 ( #61, #4093 ),
 ( #873, #4862 ) ),
 .UNSPECIFIED., .F., .F., .F.,
 ( 4, 1, 1, 1, 1, 1, 1, 1, 1, 1, 1, 1, 1, 1, 1, 1, 1, 1, 1, 1, 4 ),
 ( 2, 2 ),
 ( 0.000000000000000000, 0.05672433721815036550, 0.1114372357370103372, 0.1643678222229010555, 0.2164353724620895203, 0.2676414903219246910, 0.3173597799690280885, 0.3674730633322806916, 0.4182103970528081027, 0.4714042826470201675, 0.5279657201290494095, 0.5880611158232139646, 0.6521342629937146862, 0.6863448363353057413, 0.7232636803169653072, 0.7626102507715420975, 0.8047389366452182280, 0.8494303387909498682, 0.8967112583864922382, 0.9468896380534764790, 1.000000000000000000 ),
 ( 0.000000000000000000, 1.000000000000000000 ),
 .UNSPECIFIED. ) ;
#3917 = CARTESIAN_POINT ( 'NONE',  ( 5.171217090749906653, 18.19999999999999574, -2.410676415353255386 ) ) ;
#3918 = STYLED_ITEM ( 'NONE', ( #4602 ), #4220 ) ;
#3919 = CARTESIAN_POINT ( 'NONE',  ( -2.023795046082792037, 18.19999999999999574, -2.840371754952137007 ) ) ;
#3920 = ORIENTED_EDGE ( 'NONE', *, *, #14, .T. ) ;
#3921 = CARTESIAN_POINT ( 'NONE',  ( 0.000000000000000000, 17.69999999999999929, -4.500000000000000888 ) ) ;
#3922 = VECTOR ( 'NONE', #178, 1000.000000000000000 ) ;
#3923 = VERTEX_POINT ( 'NONE', #3965 ) ;
#3924 = ORIENTED_EDGE ( 'NONE', *, *, #2609, .F. ) ;
#3925 = CARTESIAN_POINT ( 'NONE',  ( 5.236994319973145906, 18.10000000000000142, -1.863193651523353145 ) ) ;
#3926 = VERTEX_POINT ( 'NONE', #2730 ) ;
#3927 = CARTESIAN_POINT ( 'NONE',  ( 2.631357219009320847, 18.19999999999998508, -2.869763943659481953 ) ) ;
#3928 = CARTESIAN_POINT ( 'NONE',  ( 5.452979305625587081, 18.10000000000000853, -2.855655843047851139 ) ) ;
#3929 = DIRECTION ( 'NONE',  ( -0.000000000000000000, 1.000000000000000000, -0.000000000000000000 ) ) ;
#3930 = CARTESIAN_POINT ( 'NONE',  ( 7.973974097368341063, 18.09999999999999787, -3.078022637135049422 ) ) ;
#3931 = CARTESIAN_POINT ( 'NONE',  ( -9.000000000000000000, 18.19999999999999929, -5.000000000000000000 ) ) ;
#3932 = CARTESIAN_POINT ( 'NONE',  ( 9.000000000000000000, 0.000000000000000000, 5.000000000000000000 ) ) ;
#3933 = ORIENTED_EDGE ( 'NONE', *, *, #1000, .F. ) ;
#3934 = ADVANCED_FACE ( 'NONE', ( #828 ), #3536, .T. ) ;
#3935 = ORIENTED_EDGE ( 'NONE', *, *, #76, .F. ) ;
#3936 = DIRECTION ( 'NONE',  ( -0.000000000000000000, 1.000000000000000000, -0.000000000000000000 ) ) ;
#3937 = LINE ( 'NONE', #1963, #3189 ) ;
#3938 = CARTESIAN_POINT ( 'NONE',  ( 7.561538461538461320, 18.10000000000000142, -2.516346153846153566 ) ) ;
#3939 = CARTESIAN_POINT ( 'NONE',  ( -1.669230769230768407, 18.10000000000000142, -2.710096153846154099 ) ) ;
#3940 = VECTOR ( 'NONE', #885, 1000.000000000000000 ) ;
#3941 = AXIS2_PLACEMENT_3D ( 'NONE', #3292, #3690, #988 ) ;
#3942 = CYLINDRICAL_SURFACE ( 'NONE', #2788, 0.4999999999999995559 ) ;
#3943 = CARTESIAN_POINT ( 'NONE',  ( 1.451513818930846522, 18.19999999999999929, -2.853106488880952973 ) ) ;
#3944 = CARTESIAN_POINT ( 'NONE',  ( 2.846017106966918675, 18.19999999999999929, -3.233123557294836470 ) ) ;
#3945 = ORIENTED_EDGE ( 'NONE', *, *, #3856, .T. ) ;
#3946 = PLANE ( 'NONE',  #721 ) ;
#3947 = VERTEX_POINT ( 'NONE', #2350 ) ;
#3948 = LINE ( 'NONE', #2814, #2925 ) ;
#3949 = CARTESIAN_POINT ( 'NONE',  ( 3.952386021636274727, 18.10000000000000497, -1.375905499918116837 ) ) ;
#3950 = ORIENTED_EDGE ( 'NONE', *, *, #3753, .T. ) ;
#3951 = CARTESIAN_POINT ( 'NONE',  ( 2.679192405006057154, 18.19999999999999218, -2.994712803263144707 ) ) ;
#3952 = EDGE_CURVE ( 'NONE', #2870, #3028, #1965, .T. ) ;
#3953 = EDGE_CURVE ( 'NONE', #2879, #3215, #1871, .T. ) ;
#3954 = CARTESIAN_POINT ( 'NONE',  ( -9.000000000000000000, 18.19999999999999929, 4.500000000000000888 ) ) ;
#3955 = CARTESIAN_POINT ( 'NONE',  ( -5.190849240393762720, 18.10000000000000142, -1.659890733122828976 ) ) ;
#3956 = CARTESIAN_POINT ( 'NONE',  ( 8.055720882108712289, 18.10000000000000853, -3.158487338531030364 ) ) ;
#3957 = EDGE_CURVE ( 'NONE', #4403, #167, #3865, .T. ) ;
#3958 = CARTESIAN_POINT ( 'NONE',  ( 3.456365126191363490, 18.19999999999999929, -3.098145640656293054 ) ) ;
#3959 = FILL_AREA_STYLE ('',( #4698 ) ) ;
#3960 = EDGE_LOOP ( 'NONE', ( #4676, #2986, #3320, #4395 ) ) ;
#3961 = VERTEX_POINT ( 'NONE', #4705 ) ;
#3962 = DIRECTION ( 'NONE',  ( -0.000000000000000000, 1.000000000000000000, -0.000000000000000000 ) ) ;
#3963 = CARTESIAN_POINT ( 'NONE',  ( 7.583923700993079997, 18.19999999999999929, -2.525554182939439674 ) ) ;
#3964 = CARTESIAN_POINT ( 'NONE',  ( -2.009798465106495513, 18.10000000000000853, -2.772251664951975059 ) ) ;
#3965 = CARTESIAN_POINT ( 'NONE',  ( -6.253846153846152944, 18.19999999999999929, -1.000000000000000000 ) ) ;
#3966 = FACE_OUTER_BOUND ( 'NONE', #3906, .T. ) ;
#3967 = CARTESIAN_POINT ( 'NONE',  ( 4.762276479739213642, 18.10000000000000497, -1.023890784411019661 ) ) ;
#3968 = VERTEX_POINT ( 'NONE', #1188 ) ;
#3969 = CARTESIAN_POINT ( 'NONE',  ( 3.495164451837819097, 18.10000000000000142, -3.382794865329382006 ) ) ;
#3970 = CARTESIAN_POINT ( 'NONE',  ( -2.115179204453847106, 18.20000000000000284, -3.009525123671452196 ) ) ;
#3971 = EDGE_LOOP ( 'NONE', ( #2758, #2793, #1652, #2869 ) ) ;
#3972 = CARTESIAN_POINT ( 'NONE',  ( 7.973974097368341063, 18.19999999999999574, -3.078022637135049422 ) ) ;
#3973 = ORIENTED_EDGE ( 'NONE', *, *, #2979, .T. ) ;
#3974 = ORIENTED_EDGE ( 'NONE', *, *, #1560, .F. ) ;
#3975 = DIRECTION ( 'NONE',  ( 0.000000000000000000, 0.000000000000000000, -1.000000000000000000 ) ) ;
#3976 = ORIENTED_EDGE ( 'NONE', *, *, #4917, .T. ) ;
#3977 = PLANE ( 'NONE',  #2199 ) ;
#3978 = CARTESIAN_POINT ( 'NONE',  ( 2.952673102015411111, 18.10000000000000497, -1.478483989688305522 ) ) ;
#3979 = CARTESIAN_POINT ( 'NONE',  ( 3.253062904703640346, 18.10000000000000142, -3.399028706431161506 ) ) ;
#3980 = ORIENTED_EDGE ( 'NONE', *, *, #3732, .F. ) ;
#3981 = DIRECTION ( 'NONE',  ( -1.000000000000000000, 0.000000000000000000, 0.000000000000000000 ) ) ;
#3982 = CARTESIAN_POINT ( 'NONE',  ( 3.177309505806124257, 18.20000000000000284, -1.270359157206181200 ) ) ;
#3983 = CARTESIAN_POINT ( 'NONE',  ( 3.706577419070720580, 18.20000000000000639, -2.817601877973650470 ) ) ;
#3984 = CARTESIAN_POINT ( 'NONE',  ( -2.371084277308483923, 18.09999999999999787, -3.394821395933963704 ) ) ;
#3985 = VERTEX_POINT ( 'NONE', #1990 ) ;
#3986 = ADVANCED_FACE ( 'NONE', ( #2750 ), #2779, .T. ) ;
#3987 = ORIENTED_EDGE ( 'NONE', *, *, #880, .F. ) ;
#3988 = CARTESIAN_POINT ( 'NONE',  ( 4.081712194732590504, 18.19999999999999929, -2.350367483978744065 ) ) ;
#3989 = VECTOR ( 'NONE', #506, 1000.000000000000000 ) ;
#3990 = CARTESIAN_POINT ( 'NONE',  ( 0.4538461538461536215, 18.10000000000000142, -3.399999999999999911 ) ) ;
#3991 = CARTESIAN_POINT ( 'NONE',  ( 5.623076923076923528, 18.19999999999999929, -3.061538461538461320 ) ) ;
#3992 = COLOUR_RGB ( '',0.03137254901960784270, 0.3803921568627450789, 1.000000000000000000 ) ;
#3993 = CARTESIAN_POINT ( 'NONE',  ( 5.105630852682008225, 18.19999999999999574, -1.338642022504635820 ) ) ;
#3994 = AXIS2_PLACEMENT_3D ( 'NONE', #98, #2125, #3658 ) ;
#3995 = CARTESIAN_POINT ( 'NONE',  ( -4.284615384615384492, 18.19999999999999929, -1.000000000000000000 ) ) ;
#3996 = CARTESIAN_POINT ( 'NONE',  ( 3.095161304938500280, 18.20000000000000284, -3.059130065727567072 ) ) ;
#3997 = CARTESIAN_POINT ( 'NONE',  ( 4.077285751806663860, 18.10000000000000497, -2.427461949620420167 ) ) ;
#3998 = AXIS2_PLACEMENT_3D ( 'NONE', #3921, #390, #2334 ) ;
#3999 = CARTESIAN_POINT ( 'NONE',  ( 9.000000000000000000, 17.69999999999999929, -4.500000000000000888 ) ) ;
#4000 = CARTESIAN_POINT ( 'NONE',  ( -4.924999999999998934, 18.19999999999999929, -1.000000000000000000 ) ) ;
#4001 = ORIENTED_EDGE ( 'NONE', *, *, #3562, .T. ) ;
#4002 = B_SPLINE_CURVE_WITH_KNOTS ( 'NONE', 3,
 ( #5081, #1993, #5103, #3969, #1585, #2380, #1250, #3210, #442, #2017, #2809, #4768, #478, #1562, #1941, #4377, #2052, #3147, #3997, #75, #4295, #4684, #1144 ),
 .UNSPECIFIED., .F., .F.,
 ( 4, 1, 1, 1, 1, 1, 1, 1, 1, 1, 1, 1, 1, 1, 1, 1, 1, 1, 1, 1, 4 ),
 ( 0.000000000000000000, 0.05672433721815036550, 0.1114372357370103372, 0.1643678222229010555, 0.2164353724620895203, 0.2676414903219246910, 0.3173597799690280885, 0.3674730633322806916, 0.4182103970528081027, 0.4714042826470201675, 0.5279657201290494095, 0.5880611158232139646, 0.6521342629937146862, 0.6863448363353057413, 0.7232636803169653072, 0.7626102507715420975, 0.8047389366452182280, 0.8494303387909498682, 0.8967112583864922382, 0.9468896380534764790, 1.000000000000000000 ),
 .UNSPECIFIED. ) ;
#4003 = AXIS2_PLACEMENT_3D ( 'NONE', #445, #1564, #1613 ) ;
#4004 = ORIENTED_EDGE ( 'NONE', *, *, #4639, .T. ) ;
#4005 = CARTESIAN_POINT ( 'NONE',  ( 8.150000000000078515, -3.000000000000000000, -3.600000000000000977 ) ) ;
#4006 = VERTEX_POINT ( 'NONE', #177 ) ;
#4007 = EDGE_CURVE ( 'NONE', #5039, #1293, #4754, .T. ) ;
#4008 = CARTESIAN_POINT ( 'NONE',  ( 2.807033930689045054, 18.19999999999998863, -3.194019714711821223 ) ) ;
#4009 = VECTOR ( 'NONE', #3761, 1000.000000000000000 ) ;
#4010 = DIRECTION ( 'NONE',  ( -0.000000000000000000, 1.000000000000000000, -0.000000000000000000 ) ) ;
#4011 = CARTESIAN_POINT ( 'NONE',  ( 2.546153846153847322, 18.10000000000000142, -2.183653846153846168 ) ) ;
#4012 = CARTESIAN_POINT ( 'NONE',  ( 3.654077683669092469, 18.19999999999998153, -1.042853566105974794 ) ) ;
#4013 = CIRCLE ( 'NONE', #971, 0.5000000000000004441 ) ;
#4014 = CARTESIAN_POINT ( 'NONE',  ( 3.346206945881829764, 18.19999999999999574, -3.399093845297284311 ) ) ;
#4015 = CARTESIAN_POINT ( 'NONE',  ( 5.875625443982564811, 18.10000000000000142, -3.055706260279085207 ) ) ;
#4016 = CARTESIAN_POINT ( 'NONE',  ( 3.312019230769231104, 18.19999999999999929, -3.123076923076922640 ) ) ;
#4017 = CARTESIAN_POINT ( 'NONE',  ( -2.466932861722537229, 18.10000000000000142, -3.399400766561992082 ) ) ;
#4018 = ORIENTED_EDGE ( 'NONE', *, *, #4374, .T. ) ;
#4019 = ORIENTED_EDGE ( 'NONE', *, *, #4066, .T. ) ;
#4020 = LINE ( 'NONE', #2044, #3347 ) ;
#4021 = CARTESIAN_POINT ( 'NONE',  ( 3.299488135490494134, 18.19999999999999929, -1.246747605562599892 ) ) ;
#4022 = DIRECTION ( 'NONE',  ( -0.000000000000000000, 0.000000000000000000, 1.000000000000000000 ) ) ;
#4023 = PLANE ( 'NONE',  #4740 ) ;
#4024 = FACE_OUTER_BOUND ( 'NONE', #3322, .T. ) ;
#4025 = ORIENTED_EDGE ( 'NONE', *, *, #2872, .F. ) ;
#4026 = DIRECTION ( 'NONE',  ( 0.000000000000000000, 0.000000000000000000, -1.000000000000000000 ) ) ;
#4027 = CARTESIAN_POINT ( 'NONE',  ( 3.294376027792274453, 18.19999999999999929, -3.399672577889857994 ) ) ;
#4028 = VERTEX_POINT ( 'NONE', #2828 ) ;
#4029 = CARTESIAN_POINT ( 'NONE',  ( -5.065661878461894752, 18.10000000000000853, -1.479301115418934609 ) ) ;
#4030 = VERTEX_POINT ( 'NONE', #501 ) ;
#4031 = ORIENTED_EDGE ( 'NONE', *, *, #1155, .T. ) ;
#4032 = CARTESIAN_POINT ( 'NONE',  ( 3.362044959501998775, 18.10000000000000497, -3.121495346744141308 ) ) ;
#4033 = ORIENTED_EDGE ( 'NONE', *, *, #793, .F. ) ;
#4034 = CARTESIAN_POINT ( 'NONE',  ( -2.007692307692306777, 18.10000000000000142, -2.700480769230769074 ) ) ;
#4035 = B_SPLINE_CURVE_WITH_KNOTS ( 'NONE', 3,
 ( #2356, #2053, #77, #3919, #4709, #1192, #3970, #2755, #4323, #1639, #3212 ),
 .UNSPECIFIED., .F., .F.,
 ( 4, 1, 1, 1, 1, 1, 1, 1, 4 ),
 ( 0.000000000000000000, 0.1428946013811196736, 0.2768798469236291027, 0.4054067255101092004, 0.5318333729300085411, 0.6542249868698871706, 0.7698109407908962920, 0.8841096717431483620, 1.000000000000000000 ),
 .UNSPECIFIED. ) ;
#4036 = CARTESIAN_POINT ( 'NONE',  ( 2.885270054113527660, 18.10000000000000142, -1.708592970359585683 ) ) ;
#4037 = CARTESIAN_POINT ( 'NONE',  ( 3.315384615384616041, 18.10000000000000142, -1.246153846153845945 ) ) ;
#4038 = ORIENTED_EDGE ( 'NONE', *, *, #2306, .F. ) ;
#4039 = CARTESIAN_POINT ( 'NONE',  ( -5.099999999999998757, 18.19999999999999929, -1.363461538461538503 ) ) ;
#4040 = CARTESIAN_POINT ( 'NONE',  ( -3.453846153846152678, 18.19999999999999929, -3.399999999999999911 ) ) ;
#4041 = CARTESIAN_POINT ( 'NONE',  ( 3.746351808084850799, 18.20000000000000284, -2.652444436438590181 ) ) ;
#4042 = CARTESIAN_POINT ( 'NONE',  ( -2.572115384615383693, 18.19999999999999929, -3.399999999999999911 ) ) ;
#4043 = ORIENTED_EDGE ( 'NONE', *, *, #4528, .F. ) ;
#4044 = CARTESIAN_POINT ( 'NONE',  ( 3.769763934172928543, 18.10000000000001563, -2.440226390517214572 ) ) ;
#4045 = CARTESIAN_POINT ( 'NONE',  ( 2.952673102015411111, 18.19999999999999929, -1.478483989688305522 ) ) ;
#4046 = CARTESIAN_POINT ( 'NONE',  ( 9.500000000000000000, 17.69999999999999929, -5.000000000000000000 ) ) ;
#4047 = CARTESIAN_POINT ( 'NONE',  ( -2.265865384615383338, 18.19999999999999929, -3.101923076923076561 ) ) ;
#4048 = CARTESIAN_POINT ( 'NONE',  ( 3.133809111242184642, 18.19999999999999574, -3.083067493141752102 ) ) ;
#4049 = CARTESIAN_POINT ( 'NONE',  ( -1.669230769230768407, 18.10000000000000142, -2.710096153846154099 ) ) ;
#4050 = LINE ( 'NONE', #533, #871 ) ;
#4051 = LINE ( 'NONE', #4460, #5033 ) ;
#4052 = CARTESIAN_POINT ( 'NONE',  ( -9.000000000000000000, 18.19999999999999929, -4.500000000000000888 ) ) ;
#4053 = ORIENTED_EDGE ( 'NONE', *, *, #3477, .T. ) ;
#4054 = ORIENTED_EDGE ( 'NONE', *, *, #739, .T. ) ;
#4055 = CARTESIAN_POINT ( 'NONE',  ( 3.438805113129170810, 18.19999999999998863, -0.9765121814308479475 ) ) ;
#4056 = EDGE_CURVE ( 'NONE', #3700, #9, #910, .T. ) ;
#4057 = CARTESIAN_POINT ( 'NONE',  ( 0.4538461538461536215, 18.19999999999999929, -3.123076923076922640 ) ) ;
#4058 = CARTESIAN_POINT ( 'NONE',  ( -4.284615384615384492, 18.19999999999999929, -3.030769230769230660 ) ) ;
#4059 = DIRECTION ( 'NONE',  ( -0.000000000000000000, 1.000000000000000000, -0.000000000000000000 ) ) ;
#4060 = ADVANCED_FACE ( 'NONE', ( #1373 ), #4870, .T. ) ;
#4061 = ORIENTED_EDGE ( 'NONE', *, *, #3029, .F. ) ;
#4062 = CARTESIAN_POINT ( 'NONE',  ( 4.071553904578464333, 18.10000000000000142, -2.500079255282473767 ) ) ;
#4063 = DIRECTION ( 'NONE',  ( -0.000000000000000000, 1.000000000000000000, -0.000000000000000000 ) ) ;
#4064 = ADVANCED_FACE ( 'NONE', ( #2101 ), #1951, .T. ) ;
#4065 = ORIENTED_EDGE ( 'NONE', *, *, #1602, .T. ) ;
#4066 = EDGE_CURVE ( 'NONE', #4358, #3349, #2127, .T. ) ;
#4067 = ORIENTED_EDGE ( 'NONE', *, *, #4646, .T. ) ;
#4068 = ORIENTED_EDGE ( 'NONE', *, *, #4922, .F. ) ;
#4069 = CARTESIAN_POINT ( 'NONE',  ( 3.776631697688827671, 18.19999999999999574, -2.229815862473450760 ) ) ;
#4070 = CARTESIAN_POINT ( 'NONE',  ( 3.134843345529545910, 18.10000000000000142, -1.290005227956964706 ) ) ;
#4071 = CARTESIAN_POINT ( 'NONE',  ( -3.946153846153845013, 18.10000000000000142, -1.000000000000000000 ) ) ;
#4072 =( LENGTH_UNIT ( ) NAMED_UNIT ( * ) SI_UNIT ( .MILLI., .METRE. ) );
#4073 = CARTESIAN_POINT ( 'NONE',  ( 8.225000000000001421, 18.10000000000000142, -3.399999999999999911 ) ) ;
#4074 = EDGE_CURVE ( 'NONE', #3613, #4626, #1297, .T. ) ;
#4075 = ORIENTED_EDGE ( 'NONE', *, *, #582, .T. ) ;
#4076 = PLANE ( 'NONE',  #3941 ) ;
#4077 = B_SPLINE_CURVE_WITH_KNOTS ( 'NONE', 3,
 ( #5113, #4718, #2667, #1199, #4234, #746, #2319, #722, #325, #1905, #2819 ),
 .UNSPECIFIED., .F., .F.,
 ( 4, 1, 1, 1, 1, 1, 1, 1, 4 ),
 ( 0.000000000000000000, 0.1379032299933923567, 0.2688733426002933857, 0.3951781273461141830, 0.5170892381308889174, 0.6367430265135483047, 0.7562218164637974915, 0.8766283594636801180, 0.9999999999999998890 ),
 .UNSPECIFIED. ) ;
#4078 = CARTESIAN_POINT ( 'NONE',  ( 2.546153846153847322, 18.10000000000000142, -2.183653846153846168 ) ) ;
#4079 = AXIS2_PLACEMENT_3D ( 'NONE', #989, #933, #961 ) ;
#4080 = LINE ( 'NONE', #3346, #1044 ) ;
#4081 = ORIENTED_EDGE ( 'NONE', *, *, #908, .F. ) ;
#4082 = VERTEX_POINT ( 'NONE', #1320 ) ;
#4083 = DIRECTION ( 'NONE',  ( -1.000000000000000000, 0.000000000000000000, 0.000000000000000000 ) ) ;
#4084 = VECTOR ( 'NONE', #3432, 1000.000000000000000 ) ;
#4085 = CARTESIAN_POINT ( 'NONE',  ( 1.409567035954866210, 18.09999999999999787, -3.158487338531026811 ) ) ;
#4086 = EDGE_CURVE ( 'NONE', #1482, #4353, #2862, .T. ) ;
#4087 = LINE ( 'NONE', #1362, #63 ) ;
#4088 = VECTOR ( 'NONE', #410, 1000.000000000000000 ) ;
#4089 = CARTESIAN_POINT ( 'NONE',  ( 1.029614205067056254, 18.19999999999999574, -2.858828467379156635 ) ) ;
#4090 = VERTEX_POINT ( 'NONE', #2885 ) ;
#4091 = DIRECTION ( 'NONE',  ( 0.000000000000000000, 0.000000000000000000, 1.000000000000000000 ) ) ;
#4092 = AXIS2_PLACEMENT_3D ( 'NONE', #2459, #2906, #855 ) ;
#4093 = CARTESIAN_POINT ( 'NONE',  ( 4.084392511043133389, 18.20000000000000639, -2.212501131328373560 ) ) ;
#4094 = CARTESIAN_POINT ( 'NONE',  ( -8.149999999999923972, -3.000000000000000000, -3.200000000000000178 ) ) ;
#4095 = MECHANICAL_DESIGN_GEOMETRIC_PRESENTATION_REPRESENTATION (  '', ( #3518 ), #2452 ) ;
#4096 = ORIENTED_EDGE ( 'NONE', *, *, #1016, .T. ) ;
#4097 = LINE ( 'NONE', #526, #1035 ) ;
#4098 = CARTESIAN_POINT ( 'NONE',  ( 3.221680416463650332, 18.09999999999999432, -1.256119641378608209 ) ) ;
#4099 = DIRECTION ( 'NONE',  ( 0.000000000000000000, -1.000000000000000000, 0.000000000000000000 ) ) ;
#4100 = LINE ( 'NONE', #3714, #3922 ) ;
#4101 = CARTESIAN_POINT ( 'NONE',  ( -1.811047688215285278, 18.19999999999999574, -2.248446848816316734 ) ) ;
#4102 = ORIENTED_EDGE ( 'NONE', *, *, #2716, .F. ) ;
#4103 = CARTESIAN_POINT ( 'NONE',  ( -7.236648581862020535, 18.19999999999999574, -2.873840154283197279 ) ) ;
#4104 = DIRECTION ( 'NONE',  ( -1.000000000000000000, 0.000000000000000000, 0.000000000000000000 ) ) ;
#4105 = DIRECTION ( 'NONE',  ( -5.268851504197830142E-11, -1.000000000000000000, 1.648864892130201860E-11 ) ) ;
#4106 = ORIENTED_EDGE ( 'NONE', *, *, #889, .T. ) ;
#4107 = LINE ( 'NONE', #162, #5090 ) ;
#4108 = CARTESIAN_POINT ( 'NONE',  ( -2.542307692307691713, 18.10000000000000142, -3.123076923076922640 ) ) ;
#4109 = ADVANCED_FACE ( 'NONE', ( #125 ), #3609, .F. ) ;
#4110 = CARTESIAN_POINT ( 'NONE',  ( 7.561538461538461320, 18.19999999999999929, -2.799999999999999822 ) ) ;
#4111 = ORIENTED_EDGE ( 'NONE', *, *, #840, .F. ) ;
#4112 = DIRECTION ( 'NONE',  ( -1.000000000000000000, -0.000000000000000000, -0.000000000000000000 ) ) ;
#4113 = ADVANCED_FACE ( 'NONE', ( #2506 ), #4475, .T. ) ;
#4114 = CARTESIAN_POINT ( 'NONE',  ( -2.037358073775814571, 18.20000000000000639, -2.515532718914099686 ) ) ;
#4115 = ADVANCED_FACE ( 'NONE', ( #70 ), #2532, .T. ) ;
#4116 = CARTESIAN_POINT ( 'NONE',  ( 0.9153846153846165734, 18.10000000000000497, -2.516346153846154010 ) ) ;
#4117 = ORIENTED_EDGE ( 'NONE', *, *, #3734, .F. ) ;
#4118 = EDGE_CURVE ( 'NONE', #573, #916, #2192, .T. ) ;
#4119 = DIRECTION ( 'NONE',  ( -0.000000000000000000, 1.000000000000000000, -0.000000000000000000 ) ) ;
#4120 = CARTESIAN_POINT ( 'NONE',  ( 3.299488135490494134, 18.10000000000000497, -1.246747605562599892 ) ) ;
#4121 = FACE_OUTER_BOUND ( 'NONE', #3129, .T. ) ;
#4122 = CARTESIAN_POINT ( 'NONE',  ( 2.855380985515227454, 18.20000000000000284, -2.316566826530490175 ) ) ;
#4123 = CARTESIAN_POINT ( 'NONE',  ( -2.287678691531958464, 18.19999999999999929, -3.107256912452172948 ) ) ;
#4124 = EDGE_LOOP ( 'NONE', ( #3592, #1330, #2617, #3005 ) ) ;
#4125 = CARTESIAN_POINT ( 'NONE',  ( -8.438461538461536904, 18.10000000000000142, -1.000000000000000000 ) ) ;
#4126 = ORIENTED_EDGE ( 'NONE', *, *, #4750, .F. ) ;
#4127 = LINE ( 'NONE', #4825, #1234 ) ;
#4128 = CYLINDRICAL_SURFACE ( 'NONE', #4079, 0.5000000000000004441 ) ;
#4129 = LINE ( 'NONE', #135, #1544 ) ;
#4130 = VERTEX_POINT ( 'NONE', #2554 ) ;
#4131 = LINE ( 'NONE', #2495, #4587 ) ;
#4132 = EDGE_CURVE ( 'NONE', #1331, #2096, #81, .T. ) ;
#4133 = LINE ( 'NONE', #4057, #4719 ) ;
#4134 = DIRECTION ( 'NONE',  ( -0.000000000000000000, 1.000000000000000000, -0.000000000000000000 ) ) ;
#4135 = CARTESIAN_POINT ( 'NONE',  ( 5.603823946496241604, 18.20000000000000284, -3.040060004184137465 ) ) ;
#4136 = DIRECTION ( 'NONE',  ( -0.7969732123552031311, 0.000000000000000000, -0.6040146511370632076 ) ) ;
#4137 = ORIENTED_EDGE ( 'NONE', *, *, #2129, .F. ) ;
#4138 = CARTESIAN_POINT ( 'NONE',  ( 3.792374746408881947, 18.19999999999999929, -3.230157213527303561 ) ) ;
#4139 = CARTESIAN_POINT ( 'NONE',  ( 2.593959297222529159, 18.20000000000000639, -2.727090481595959126 ) ) ;
#4140 = LINE ( 'NONE', #4188, #2291 ) ;
#4141 = CARTESIAN_POINT ( 'NONE',  ( -9.500000000000000000, 0.000000000000000000, 5.000000000000000000 ) ) ;
#4142 = CARTESIAN_POINT ( 'NONE',  ( 0.000000000000000000, 18.19999999999999929, 0.000000000000000000 ) ) ;
#4143 = CARTESIAN_POINT ( 'NONE',  ( 3.645932334544622400, 18.19999999999999574, -1.426778977376649715 ) ) ;
#4144 = CARTESIAN_POINT ( 'NONE',  ( -3.453846153846152678, 18.19999999999999929, -3.399999999999999911 ) ) ;
#4145 = CARTESIAN_POINT ( 'NONE',  ( -2.542307692307691713, 18.19999999999999929, -3.123076923076922640 ) ) ;
#4146 = EDGE_CURVE ( 'NONE', #2108, #859, #1031, .T. ) ;
#4147 = LINE ( 'NONE', #1814, #3127 ) ;
#4148 = ORIENTED_EDGE ( 'NONE', *, *, #2316, .T. ) ;
#4149 = CARTESIAN_POINT ( 'NONE',  ( -2.127934392361590543, 18.19999999999999218, -2.375574024023833886 ) ) ;
#4150 = CARTESIAN_POINT ( 'NONE',  ( -7.047596153846152234, 18.19999999999999929, -3.123076923076922640 ) ) ;
#4151 = DIRECTION ( 'NONE',  ( -0.000000000000000000, 1.000000000000000000, -0.000000000000000000 ) ) ;
#4152 = CARTESIAN_POINT ( 'NONE',  ( -9.000000000000000000, 17.69999999999999929, 4.500000000000000888 ) ) ;
#4153 = AXIS2_PLACEMENT_3D ( 'NONE', #1151, #2715, #2692 ) ;
#4154 = CARTESIAN_POINT ( 'NONE',  ( 2.906308194775690801, 18.20000000000000639, -2.748781090926442960 ) ) ;
#4155 = ORIENTED_EDGE ( 'NONE', *, *, #3227, .T. ) ;
#4156 = CARTESIAN_POINT ( 'NONE',  ( -2.312424684334025926, 18.19999999999999574, -3.111402969121154438 ) ) ;
#4157 = AXIS2_PLACEMENT_3D ( 'NONE', #18, #1612, #3178 ) ;
#4158 = CARTESIAN_POINT ( 'NONE',  ( -1.820681376327029533, 18.19999999999999929, -3.167396974607548987 ) ) ;
#4159 = CARTESIAN_POINT ( 'NONE',  ( -6.623076923076922640, 18.10000000000000142, -3.123076923076922640 ) ) ;
#4160 = EDGE_CURVE ( 'NONE', #695, #3670, #607, .T. ) ;
#4161 = VERTEX_POINT ( 'NONE', #682 ) ;
#4162 = CARTESIAN_POINT ( 'NONE',  ( 3.552072828709938790, 18.10000000000000142, -1.001292606048663991 ) ) ;
#4163 = CARTESIAN_POINT ( 'NONE',  ( 7.776062316908073591, 18.09999999999999787, -2.621307487327407593 ) ) ;
#4164 = AXIS2_PLACEMENT_3D ( 'NONE', #4731, #3203, #4341 ) ;
#4165 = CARTESIAN_POINT ( 'NONE',  ( -7.256730769230768097, 18.10000000000000142, -2.847596153846153832 ) ) ;
#4166 = VECTOR ( 'NONE', #3859, 1000.000000000000000 ) ;
#4167 = CARTESIAN_POINT ( 'NONE',  ( 3.677846659479863334, 18.10000000000001208, -1.479246294470069056 ) ) ;
#4168 = DIRECTION ( 'NONE',  ( -0.000000000000000000, 1.000000000000000000, -0.000000000000000000 ) ) ;
#4169 = CARTESIAN_POINT ( 'NONE',  ( -2.466932861722537229, 18.10000000000000142, -3.399400766561992082 ) ) ;
#4170 = VECTOR ( 'NONE', #1350, 1000.000000000000000 ) ;
#4171 = CARTESIAN_POINT ( 'NONE',  ( 5.175480769230769162, 18.10000000000000142, -1.652403846153845945 ) ) ;
#4172 = ORIENTED_EDGE ( 'NONE', *, *, #2563, .T. ) ;
#4173 = ORIENTED_EDGE ( 'NONE', *, *, #3899, .T. ) ;
#4174 = DIRECTION ( 'NONE',  ( 0.000000000000000000, 0.000000000000000000, -1.000000000000000000 ) ) ;
#4175 = VERTEX_POINT ( 'NONE', #4144 ) ;
#4176 = CARTESIAN_POINT ( 'NONE',  ( -2.037358073775814571, 18.19999999999999929, -2.515532718914099686 ) ) ;
#4177 = EDGE_CURVE ( 'NONE', #3961, #2280, #1836, .T. ) ;
#4178 = CARTESIAN_POINT ( 'NONE',  ( -1.714944158477354597, 18.10000000000000142, -2.429316474343960586 ) ) ;
#4179 = FACE_BOUND ( 'NONE', #3125, .T. ) ;
#4180 = VERTEX_POINT ( 'NONE', #4549 ) ;
#4181 = LINE ( 'NONE', #4226, #4430 ) ;
#4182 = FACE_OUTER_BOUND ( 'NONE', #1125, .T. ) ;
#4183 = DIRECTION ( 'NONE',  ( 0.000000000000000000, -0.000000000000000000, -1.000000000000000000 ) ) ;
#4184 = CARTESIAN_POINT ( 'NONE',  ( 0.9538335774773315512, 18.20000000000000284, -2.819801292454274133 ) ) ;
#4185 = EDGE_LOOP ( 'NONE', ( #181, #2857, #2503, #4172 ) ) ;
#4186 = CARTESIAN_POINT ( 'NONE',  ( 2.546153846153847322, 18.10000000000000142, -2.183653846153846168 ) ) ;
#4187 = CARTESIAN_POINT ( 'NONE',  ( 2.546153846153847322, 18.19999999999999929, -2.183653846153846168 ) ) ;
#4188 = CARTESIAN_POINT ( 'NONE',  ( 2.546153846153847322, 18.10000000000000142, -2.183653846153846168 ) ) ;
#4189 = AXIS2_PLACEMENT_3D ( 'NONE', #1460, #3847, #4202 ) ;
#4190 = CARTESIAN_POINT ( 'NONE',  ( 3.312019230769231104, 18.19999999999999574, -3.123076923076922640 ) ) ;
#4191 = CARTESIAN_POINT ( 'NONE',  ( 1.776923076923077049, 18.10000000000000142, -3.399999999999999911 ) ) ;
#4192 = CARTESIAN_POINT ( 'NONE',  ( 3.080314777368763579, 18.10000000000001208, -1.000512782942171164 ) ) ;
#4193 = DIRECTION ( 'NONE',  ( -0.000000000000000000, 1.000000000000000000, -0.000000000000000000 ) ) ;
#4194 = EDGE_LOOP ( 'NONE', ( #661, #1671, #546, #3117 ) ) ;
#4195 = CARTESIAN_POINT ( 'NONE',  ( 9.000000000000000000, 17.69999999999999929, 4.500000000000000888 ) ) ;
#4196 = DIRECTION ( 'NONE',  ( 0.000000000000000000, 0.000000000000000000, 1.000000000000000000 ) ) ;
#4197 = CARTESIAN_POINT ( 'NONE',  ( -7.198140329621732114, 18.09999999999999787, -2.924163884963882243 ) ) ;
#4198 = CARTESIAN_POINT ( 'NONE',  ( 3.786394183788791334, 18.19999999999998863, -1.136547028883201804 ) ) ;
#4199 = FACE_BOUND ( 'NONE', #3304, .T. ) ;
#4200 = EDGE_CURVE ( 'NONE', #2985, #2051, #1131, .T. ) ;
#4201 = B_SPLINE_SURFACE_WITH_KNOTS ( 'NONE', 3, 1, ( 
 ( #3344, #3019 ),
 ( #2633, #4976 ),
 ( #4581, #4629 ),
 ( #1531, #2212 ),
 ( #1112, #3093 ),
 ( #4178, #3396 ),
 ( #4952, #3044 ),
 ( #2654, #2607 ),
 ( #1040, #4223 ),
 ( #3864, #1842 ),
 ( #5030, #5050 ),
 ( #1067, #686 ),
 ( #2680, #4609 ),
 ( #734, #3442 ),
 ( #1457, #709 ),
 ( #3415, #1141 ),
 ( #2284, #3462 ),
 ( #1089, #4657 ),
 ( #3068, #2704 ) ),
 .UNSPECIFIED., .F., .F., .F.,
 ( 4, 1, 1, 1, 1, 1, 1, 1, 1, 1, 1, 1, 1, 1, 1, 1, 4 ),
 ( 2, 2 ),
 ( 0.000000000000000000, 0.05804806865914741154, 0.1142127550191539831, 0.1688916471752764659, 0.2226262701242400499, 0.2756512298918109560, 0.3287250271459031814, 0.3816587912372608749, 0.4359534350342106901, 0.4912638558489657581, 0.5489925911805690895, 0.6104165486580293010, 0.6762479649809728377, 0.7474094740183927499, 0.8248664857445539011, 0.9090259917114393851, 1.000000000000000000 ),
 ( 0.000000000000000000, 1.000000000000000000 ),
 .UNSPECIFIED. ) ;
#4202 = DIRECTION ( 'NONE',  ( 0.000000000000000000, 0.000000000000000000, 1.000000000000000000 ) ) ;
#4203 = CARTESIAN_POINT ( 'NONE',  ( -2.373856394399910030, 18.10000000000000497, -3.117933599874898487 ) ) ;
#4204 = CARTESIAN_POINT ( 'NONE',  ( 4.080017485271135946, 18.10000000000000497, -1.985321155423562356 ) ) ;
#4205 = CARTESIAN_POINT ( 'NONE',  ( -1.671461975048153636, 18.10000000000000142, -2.796330154422564718 ) ) ;
#4206 = CARTESIAN_POINT ( 'NONE',  ( 6.176923076923078071, 18.10000000000000142, -1.707692307692307621 ) ) ;
#4207 = ORIENTED_EDGE ( 'NONE', *, *, #36, .T. ) ;
#4208 = EDGE_CURVE ( 'NONE', #4180, #348, #2656, .T. ) ;
#4209 = ORIENTED_EDGE ( 'NONE', *, *, #2383, .T. ) ;
#4210 = CYLINDRICAL_SURFACE ( 'NONE', #636, 0.3999999999999993006 ) ;
#4211 = CARTESIAN_POINT ( 'NONE',  ( -2.345736247244337935, 18.19999999999999574, -2.276840216022473662 ) ) ;
#4212 = CARTESIAN_POINT ( 'NONE',  ( -4.982211538461537970, 18.10000000000000142, -1.744711538461538369 ) ) ;
#4213 = DIRECTION ( 'NONE',  ( 0.000000000000000000, -1.000000000000000000, 0.000000000000000000 ) ) ;
#4214 = CARTESIAN_POINT ( 'NONE',  ( 5.195951234783300343, 18.09999999999999787, -1.722550430078302997 ) ) ;
#4215 = ADVANCED_FACE ( 'NONE', ( #3037 ), #2254, .T. ) ;
#4216 = CARTESIAN_POINT ( 'NONE',  ( 3.604338780524171337, 18.19999999999999929, -1.020448135813776913 ) ) ;
#4217 =( LENGTH_UNIT ( ) NAMED_UNIT ( * ) SI_UNIT ( .MILLI., .METRE. ) );
#4218 = CARTESIAN_POINT ( 'NONE',  ( 4.392307692307691802, 18.10000000000000142, -3.369230769230769251 ) ) ;
#4219 = ORIENTED_EDGE ( 'NONE', *, *, #2663, .T. ) ;
#4220 = ADVANCED_FACE ( 'NONE', ( #2228 ), #202, .T. ) ;
#4221 = CARTESIAN_POINT ( 'NONE',  ( 8.150000000000002132, -3.000000000000000000, 3.999999999999998224 ) ) ;
#4222 = CARTESIAN_POINT ( 'NONE',  ( -2.127934392361590543, 18.09999999999999787, -2.375574024023833886 ) ) ;
#4223 = CARTESIAN_POINT ( 'NONE',  ( -1.811047688215285278, 18.19999999999999574, -2.248446848816316734 ) ) ;
#4224 = DIRECTION ( 'NONE',  ( 0.6040421959287953779, 0.000000000000000000, -0.7969523358002778002 ) ) ;
#4225 = ADVANCED_FACE ( 'NONE', ( #430 ), #354, .T. ) ;
#4226 = CARTESIAN_POINT ( 'NONE',  ( 4.392307692307691802, 18.10000000000000142, -3.369230769230769251 ) ) ;
#4227 = CARTESIAN_POINT ( 'NONE',  ( -2.265865384615383338, 18.19999999999999929, -3.101923076923076561 ) ) ;
#4228 = CARTESIAN_POINT ( 'NONE',  ( -1.927189302630910817, 18.20000000000000639, -3.267169074947183116 ) ) ;
#4229 = FILL_AREA_STYLE ('',( #2662 ) ) ;
#4230 = EDGE_CURVE ( 'NONE', #2839, #3283, #800, .T. ) ;
#4231 = EDGE_LOOP ( 'NONE', ( #4068, #3756, #3920, #973 ) ) ;
#4232 = CARTESIAN_POINT ( 'NONE',  ( -2.542307692307691713, 18.19999999999999929, -3.123076923076922640 ) ) ;
#4233 = AXIS2_PLACEMENT_3D ( 'NONE', #199, #3431, #3453 ) ;
#4234 = CARTESIAN_POINT ( 'NONE',  ( 3.080314777368763579, 18.20000000000000995, -1.000512782942171164 ) ) ;
#4235 = CARTESIAN_POINT ( 'NONE',  ( 1.469230769230769562, 18.10000000000000142, -2.870192307692307487 ) ) ;
#4236 = DIRECTION ( 'NONE',  ( 0.000000000000000000, 1.000000000000000000, 0.000000000000000000 ) ) ;
#4237 = CARTESIAN_POINT ( 'NONE',  ( 3.700957213380151156, 18.20000000000000284, -1.069897500955802716 ) ) ;
#4238 = CARTESIAN_POINT ( 'NONE',  ( -8.284615384615383604, 18.10000000000000142, -3.123076923076922640 ) ) ;
#4239 = AXIS2_PLACEMENT_3D ( 'NONE', #1772, #219, #1388 ) ;
#4240 = FILL_AREA_STYLE ('',( #259 ) ) ;
#4241 = ORIENTED_EDGE ( 'NONE', *, *, #426, .F. ) ;
#4242 = ORIENTED_EDGE ( 'NONE', *, *, #4357, .F. ) ;
#4243 = LINE ( 'NONE', #2374, #1324 ) ;
#4244 = CARTESIAN_POINT ( 'NONE',  ( -2.468977492850748412, 18.19999999999999574, -2.262668106604234008 ) ) ;
#4245 = MECHANICAL_DESIGN_GEOMETRIC_PRESENTATION_REPRESENTATION (  '', ( #1952 ), #2531 ) ;
#4246 = CARTESIAN_POINT ( 'NONE',  ( -7.256730769230768097, 18.10000000000000142, -2.847596153846153832 ) ) ;
#4247 = FACE_BOUND ( 'NONE', #3459, .T. ) ;
#4248 =( GEOMETRIC_REPRESENTATION_CONTEXT ( 3 ) GLOBAL_UNCERTAINTY_ASSIGNED_CONTEXT ( ( #4459 ) ) GLOBAL_UNIT_ASSIGNED_CONTEXT ( ( #3038, #2600, #1084 ) ) REPRESENTATION_CONTEXT ( 'NONE', 'WORKASPACE' ) );
#4249 = B_SPLINE_CURVE_WITH_KNOTS ( 'NONE', 3,
 ( #2542, #4184, #4089, #671, #1848, #2141, #3703, #4884, #1363, #972, #4342 ),
 .UNSPECIFIED., .F., .F.,
 ( 4, 1, 1, 1, 1, 1, 1, 1, 4 ),
 ( 0.000000000000000000, 0.1426572507006131918, 0.2811689939054424214, 0.4169771923679734260, 0.5508524927475569877, 0.6783641702618122826, 0.7950324430070945247, 0.9019981783473519643, 1.000000000000000000 ),
 .UNSPECIFIED. ) ;
#4250 = CARTESIAN_POINT ( 'NONE',  ( 3.312019230769231104, 18.10000000000000142, -3.123076923076922640 ) ) ;
#4251 = LINE ( 'NONE', #2238, #1038 ) ;
#4252 = CARTESIAN_POINT ( 'NONE',  ( 3.287630136848779472, 18.10000000000000142, -0.9700224671985785418 ) ) ;
#4253 = CARTESIAN_POINT ( 'NONE',  ( 7.561538461538461320, 18.19999999999999929, -2.799999999999999822 ) ) ;
#4254 = DIRECTION ( 'NONE',  ( -1.000000000000000000, 0.000000000000000000, 0.000000000000000000 ) ) ;
#4255 = ORIENTED_EDGE ( 'NONE', *, *, #4828, .F. ) ;
#4256 = ORIENTED_EDGE ( 'NONE', *, *, #4521, .F. ) ;
#4257 = ORIENTED_EDGE ( 'NONE', *, *, #1253, .T. ) ;
#4258 = LINE ( 'NONE', #720, #2023 ) ;
#4259 = DIRECTION ( 'NONE',  ( -0.000000000000000000, 1.734723475976805319E-15, 1.000000000000000000 ) ) ;
#4260 = VECTOR ( 'NONE', #1673, 1000.000000000000000 ) ;
#4261 = EDGE_CURVE ( 'NONE', #772, #3214, #1206, .T. ) ;
#4262 = CARTESIAN_POINT ( 'NONE',  ( 0.9377698548392356948, 18.20000000000000284, -2.525554182939440562 ) ) ;
#4263 = CARTESIAN_POINT ( 'NONE',  ( 3.056396222752959524, 18.19999999999999929, -1.347073402194445491 ) ) ;
#4264 = PLANE ( 'NONE',  #874 ) ;
#4265 = VECTOR ( 'NONE', #2183, 1000.000000000000000 ) ;
#4266 =( LENGTH_UNIT ( ) NAMED_UNIT ( * ) SI_UNIT ( .MILLI., .METRE. ) );
#4267 = ORIENTED_EDGE ( 'NONE', *, *, #1749, .F. ) ;
#4268 = EDGE_CURVE ( 'NONE', #2789, #3923, #728, .T. ) ;
#4269 = VERTEX_POINT ( 'NONE', #3932 ) ;
#4270 = CARTESIAN_POINT ( 'NONE',  ( 0.9153846153846165734, 18.10000000000000497, -2.516346153846154010 ) ) ;
#4271 = CARTESIAN_POINT ( 'NONE',  ( 5.930769230769231015, 18.19999999999999929, -3.120192307692307931 ) ) ;
#4272 = CARTESIAN_POINT ( 'NONE',  ( -8.284615384615383604, 18.19999999999999929, -3.399999999999999911 ) ) ;
#4273 = CARTESIAN_POINT ( 'NONE',  ( 5.930769230769231015, 18.19999999999999929, -3.120192307692307931 ) ) ;
#4274 = CARTESIAN_POINT ( 'NONE',  ( 8.097667665084690825, 18.10000000000000142, -2.853106488880952529 ) ) ;
#4275 = CARTESIAN_POINT ( 'NONE',  ( -4.284615384615384492, 18.10000000000000142, -3.030769230769230660 ) ) ;
#4276 = CARTESIAN_POINT ( 'NONE',  ( -2.265865384615383338, 18.10000000000000142, -3.101923076923076561 ) ) ;
#4277 = ADVANCED_FACE ( 'NONE', ( #3504 ), #1676, .T. ) ;
#4278 = ADVANCED_FACE ( 'NONE', ( #3679, #877, #34, #849, #2482 ), #1342, .F. ) ;
#4279 = ORIENTED_EDGE ( 'NONE', *, *, #508, .F. ) ;
#4280 = DIRECTION ( 'NONE',  ( -0.000000000000000000, 1.000000000000000000, -0.000000000000000000 ) ) ;
#4281 = EDGE_LOOP ( 'NONE', ( #4004, #1672 ) ) ;
#4282 = CARTESIAN_POINT ( 'NONE',  ( 1.776923076923077049, 18.10000000000000142, -1.000000000000000000 ) ) ;
#4283 = CARTESIAN_POINT ( 'NONE',  ( 2.853846153846154809, 18.10000000000000142, -2.184615384615384848 ) ) ;
#4284 = DIRECTION ( 'NONE',  ( 0.000000000000000000, 0.000000000000000000, 1.000000000000000000 ) ) ;
#4285 = DIRECTION ( 'NONE',  ( 1.000000000000000000, 0.000000000000000000, 0.000000000000000000 ) ) ;
#4286 = CARTESIAN_POINT ( 'NONE',  ( 3.134843345529545910, 18.19999999999999929, -1.290005227956964706 ) ) ;
#4287 = CARTESIAN_POINT ( 'NONE',  ( 4.792069883629102911, 18.20000000000000284, -1.310487776408184368 ) ) ;
#4288 = CARTESIAN_POINT ( 'NONE',  ( 2.634230814226842021, 18.09999999999999787, -1.487166288545491488 ) ) ;
#4289 = ORIENTED_EDGE ( 'NONE', *, *, #4828, .T. ) ;
#4290 = VERTEX_POINT ( 'NONE', #2039 ) ;
#4291 = DIRECTION ( 'NONE',  ( 0.000000000000000000, 0.000000000000000000, -1.000000000000000000 ) ) ;
#4292 = CARTESIAN_POINT ( 'NONE',  ( 7.561538461538461320, 18.10000000000000142, -2.516346153846153566 ) ) ;
#4293 = DIRECTION ( 'NONE',  ( 0.000000000000000000, -0.000000000000000000, 1.000000000000000000 ) ) ;
#4294 = CARTESIAN_POINT ( 'NONE',  ( 4.934021903896800509, 18.19999999999999218, -1.873868522237594370 ) ) ;
#4295 = CARTESIAN_POINT ( 'NONE',  ( 4.083959067738040183, 18.10000000000000497, -2.268603173857155042 ) ) ;
#4296 = PLANE ( 'NONE',  #4816 ) ;
#4297 = ORIENTED_EDGE ( 'NONE', *, *, #582, .F. ) ;
#4298 = CARTESIAN_POINT ( 'NONE',  ( -9.000000000000000000, 0.000000000000000000, -4.500000000000000888 ) ) ;
#4299 = ORIENTED_EDGE ( 'NONE', *, *, #4805, .T. ) ;
#4300 = EDGE_LOOP ( 'NONE', ( #1037, #4106, #3656, #2712, #1734, #497, #4492, #1629, #2579, #107, #3437, #3077 ) ) ;
#4301 = CARTESIAN_POINT ( 'NONE',  ( 3.924782351644866107, 18.19999999999999218, -1.319641031038868872 ) ) ;
#4302 = CARTESIAN_POINT ( 'NONE',  ( 1.136675845120486139, 18.20000000000000284, -2.926233763544646482 ) ) ;
#4303 = CARTESIAN_POINT ( 'NONE',  ( -1.738782968608385993, 18.10000000000000497, -3.035327045240470589 ) ) ;
#4304 = CARTESIAN_POINT ( 'NONE',  ( 5.007058103050393782, 18.10000000000000497, -2.066973838400183006 ) ) ;
#4305 = ADVANCED_FACE ( 'NONE', ( #2094 ), #1126, .T. ) ;
#4306 = FACE_OUTER_BOUND ( 'NONE', #815, .T. ) ;
#4307 = VECTOR ( 'NONE', #2943, 1000.000000000000000 ) ;
#4308 = CARTESIAN_POINT ( 'NONE',  ( 3.020043355269099283, 18.19999999999999929, -1.383686435946038351 ) ) ;
#4309 = CARTESIAN_POINT ( 'NONE',  ( 4.934021903896800509, 18.19999999999999574, -1.873868522237594370 ) ) ;
#4310 = CARTESIAN_POINT ( 'NONE',  ( 2.558742542046325674, 18.19999999999999929, -1.874083075895056627 ) ) ;
#4311 = EDGE_LOOP ( 'NONE', ( #2544, #4173 ) ) ;
#4312 = AXIS2_PLACEMENT_3D ( 'NONE', #1885, #4547, #5020 ) ;
#4313 = ORIENTED_EDGE ( 'NONE', *, *, #1909, .T. ) ;
#4314 = FACE_OUTER_BOUND ( 'NONE', #1368, .T. ) ;
#4315 = CARTESIAN_POINT ( 'NONE',  ( -2.008031671781591143, 18.19999999999999574, -2.683633387421933580 ) ) ;
#4316 = DIRECTION ( 'NONE',  ( -0.000000000000000000, 1.000000000000000000, -0.000000000000000000 ) ) ;
#4317 = VECTOR ( 'NONE', #4938, 1000.000000000000000 ) ;
#4318 = CARTESIAN_POINT ( 'NONE',  ( 5.195951234783300343, 18.19999999999999574, -1.722550430078302997 ) ) ;
#4319 = ADVANCED_FACE ( 'NONE', ( #3226 ), #4394, .T. ) ;
#4320 = CARTESIAN_POINT ( 'NONE',  ( 7.701395832919349260, 18.09999999999999787, -2.579837375352686646 ) ) ;
#4321 = CARTESIAN_POINT ( 'NONE',  ( 1.055241986765505180, 18.20000000000000284, -2.579837375352687090 ) ) ;
#4322 = EDGE_CURVE ( 'NONE', #2071, #3564, #3470, .T. ) ;
#4323 = CARTESIAN_POINT ( 'NONE',  ( -2.209810401774821020, 18.19999999999999929, -3.082597182900448374 ) ) ;
#4324 = CARTESIAN_POINT ( 'NONE',  ( -2.077155623129951056, 18.20000000000000284, -2.959892446379520869 ) ) ;
#4325 = AXIS2_PLACEMENT_3D ( 'NONE', #5062, #1549, #5041 ) ;
#4326 = VERTEX_POINT ( 'NONE', #4094 ) ;
#4327 = ORIENTED_EDGE ( 'NONE', *, *, #5036, .F. ) ;
#4328 = CARTESIAN_POINT ( 'NONE',  ( 3.315384615384616041, 18.20000000000000284, -1.246153846153845945 ) ) ;
#4329 = ORIENTED_EDGE ( 'NONE', *, *, #2919, .T. ) ;
#4330 = CARTESIAN_POINT ( 'NONE',  ( 2.567227070093883068, 18.19999999999998508, -2.565073035737151397 ) ) ;
#4331 = CARTESIAN_POINT ( 'NONE',  ( -8.149999999999998579, -3.000000000000000000, 3.599999999999999201 ) ) ;
#4332 = CARTESIAN_POINT ( 'NONE',  ( -5.173915909796185097, 18.09999999999999787, -1.606609021216112598 ) ) ;
#4333 = PLANE ( 'NONE',  #2200 ) ;
#4334 = CARTESIAN_POINT ( 'NONE',  ( 3.541059518722352362, 18.19999999999999929, -3.051080081795100707 ) ) ;
#4335 = CARTESIAN_POINT ( 'NONE',  ( 2.779326923076924416, 18.19999999999999929, -1.200480769230769296 ) ) ;
#4336 = EDGE_LOOP ( 'NONE', ( #2084, #16, #1801, #1610 ) ) ;
#4337 = ORIENTED_EDGE ( 'NONE', *, *, #146, .F. ) ;
#4338 = LINE ( 'NONE', #825, #4523 ) ;
#4339 = DIRECTION ( 'NONE',  ( -0.000000000000000000, 1.000000000000000000, -0.000000000000000000 ) ) ;
#4340 = CARTESIAN_POINT ( 'NONE',  ( 8.150000000000002132, -3.000000000000000000, 3.599999999999999201 ) ) ;
#4341 = DIRECTION ( 'NONE',  ( 0.000000000000000000, 0.000000000000000000, -1.000000000000000000 ) ) ;
#4342 = CARTESIAN_POINT ( 'NONE',  ( 1.578846153846154898, 18.20000000000000284, -3.400000000000000355 ) ) ;
#4343 = CARTESIAN_POINT ( 'NONE',  ( 4.792069883629102911, 18.10000000000000497, -1.310487776408184368 ) ) ;
#4344 = DIRECTION ( 'NONE',  ( 0.000000000000000000, -1.000000000000000000, 0.000000000000000000 ) ) ;
#4345 = LINE ( 'NONE', #1221, #4396 ) ;
#4346 = ORIENTED_EDGE ( 'NONE', *, *, #2977, .F. ) ;
#4347 = DIRECTION ( 'NONE',  ( -1.000000000000000000, 0.000000000000000000, 0.000000000000000000 ) ) ;
#4348 = EDGE_CURVE ( 'NONE', #3668, #1293, #4140, .T. ) ;
#4349 = CIRCLE ( 'NONE', #4778, 0.4999999999999995559 ) ;
#4350 = ORIENTED_EDGE ( 'NONE', *, *, #408, .F. ) ;
#4351 = ORIENTED_EDGE ( 'NONE', *, *, #1097, .T. ) ;
#4352 = CARTESIAN_POINT ( 'NONE',  ( 5.714791435241681761, 18.10000000000000497, -2.834681568967945431 ) ) ;
#4353 = VERTEX_POINT ( 'NONE', #4569 ) ;
#4354 = CARTESIAN_POINT ( 'NONE',  ( 3.294376027792274453, 18.19999999999998863, -3.399672577889857994 ) ) ;
#4355 = ORIENTED_EDGE ( 'NONE', *, *, #2454, .F. ) ;
#4356 = PLANE ( 'NONE',  #806 ) ;
#4357 = EDGE_CURVE ( 'NONE', #3217, #4787, #2606, .T. ) ;
#4358 = VERTEX_POINT ( 'NONE', #2978 ) ;
#4359 = CARTESIAN_POINT ( 'NONE',  ( 3.406758650459227766, 18.09999999999999787, -3.397313668036994638 ) ) ;
#4360 = CARTESIAN_POINT ( 'NONE',  ( -8.149999999999998579, -3.000000000000000000, 3.199999999999998401 ) ) ;
#4361 = B_SPLINE_SURFACE_WITH_KNOTS ( 'NONE', 3, 1, ( 
 ( #4186, #673 ),
 ( #2245, #3802 ),
 ( #4992, #696 ),
 ( #3031, #2271 ),
 ( #817, #3219 ),
 ( #897, #4330 ),
 ( #1230, #450 ),
 ( #3523, #5087 ),
 ( #868, #2764 ),
 ( #2443, #3927 ),
 ( #2386, #395 ),
 ( #4387, #3951 ),
 ( #3184, #4415 ),
 ( #4747, #423 ),
 ( #1675, #2474 ),
 ( #2815, #4008 ),
 ( #2792, #2738 ),
 ( #4692, #1594 ),
 ( #2001, #4777 ),
 ( #1568, #3567 ),
 ( #26, #3547 ),
 ( #3624, #3245 ),
 ( #1283, #839 ),
 ( #2030, #5111 ),
 ( #1977, #3131 ),
 ( #1950, #4354 ),
 ( #2414, #3157 ) ),
 .UNSPECIFIED., .F., .F., .F.,
 ( 4, 1, 1, 1, 1, 1, 1, 1, 1, 1, 1, 1, 1, 1, 1, 1, 1, 1, 1, 1, 1, 1, 1, 1, 4 ),
 ( 2, 2 ),
 ( 0.000000000000000000, 0.06311445839479327968, 0.1236146457694900364, 0.1809737111859574810, 0.2352614550083220735, 0.2871007018338719852, 0.3360307363034436556, 0.3823823485850663673, 0.4263340836597072636, 0.4682106947981600209, 0.5082496012618050729, 0.5466283366065850524, 0.5836495392304462682, 0.6189943150301622232, 0.6535830186205965342, 0.6871561361903313347, 0.7204221919788075246, 0.7532302188118170649, 0.7862601560778998966, 0.8195039834988839811, 0.8535452747120184647, 0.8883082803397299720, 0.9239958607406952851, 0.9613503047546445579, 1.000000000000000000 ),
 ( 0.000000000000000000, 1.000000000000000000 ),
 .UNSPECIFIED. ) ;
#4362 = CARTESIAN_POINT ( 'NONE',  ( 3.776073426102620534, 18.19999999999999574, -2.316418267535612863 ) ) ;
#4363 = CARTESIAN_POINT ( 'NONE',  ( -2.535568354910453071, 18.19999999999999929, -3.399791788581822072 ) ) ;
#4364 = ORIENTED_EDGE ( 'NONE', *, *, #1543, .T. ) ;
#4365 = EDGE_CURVE ( 'NONE', #3671, #3215, #2172, .T. ) ;
#4366 = ORIENTED_EDGE ( 'NONE', *, *, #465, .F. ) ;
#4367 = CARTESIAN_POINT ( 'NONE',  ( 4.055449411551101058, 18.20000000000000284, -2.631941549491857213 ) ) ;
#4368 = CARTESIAN_POINT ( 'NONE',  ( -2.007692307692306777, 18.10000000000000142, -2.700480769230769074 ) ) ;
#4369 = EDGE_CURVE ( 'NONE', #1148, #1023, #3804, .T. ) ;
#4370 = CARTESIAN_POINT ( 'NONE',  ( -2.115179204453847106, 18.10000000000000497, -3.009525123671452196 ) ) ;
#4371 = CARTESIAN_POINT ( 'NONE',  ( 2.548454474610803100, 18.19999999999999929, -2.025164989444831143 ) ) ;
#4372 = DIRECTION ( 'NONE',  ( 0.000000000000000000, -1.000000000000000000, 0.000000000000000000 ) ) ;
#4373 = FACE_OUTER_BOUND ( 'NONE', #2384, .T. ) ;
#4374 = EDGE_CURVE ( 'NONE', #4161, #208, #3778, .T. ) ;
#4375 = CARTESIAN_POINT ( 'NONE',  ( 8.060844925480052936, 18.09999999999999787, -2.817595486909846514 ) ) ;
#4376 = ORIENTED_EDGE ( 'NONE', *, *, #2462, .F. ) ;
#4377 = CARTESIAN_POINT ( 'NONE',  ( 4.055449411551101058, 18.10000000000000497, -2.631941549491857213 ) ) ;
#4378 = B_SPLINE_CURVE_WITH_KNOTS ( 'NONE', 3,
 ( #4011, #1728, #1650, #3188, #2388, #1699, #3221, #489, #4444, #3598, #1232, #1337, #1309, #843, #2476, #3676, #517, #1678, #2416, #2794, #2874, #922, #3625, #142, #3979, #452, #4859 ),
 .UNSPECIFIED., .F., .F.,
 ( 4, 1, 1, 1, 1, 1, 1, 1, 1, 1, 1, 1, 1, 1, 1, 1, 1, 1, 1, 1, 1, 1, 1, 1, 4 ),
 ( 0.000000000000000000, 0.06311445839479327968, 0.1236146457694900364, 0.1809737111859574810, 0.2352614550083220735, 0.2871007018338719852, 0.3360307363034436556, 0.3823823485850663673, 0.4263340836597072636, 0.4682106947981600209, 0.5082496012618050729, 0.5466283366065850524, 0.5836495392304462682, 0.6189943150301622232, 0.6535830186205965342, 0.6871561361903313347, 0.7204221919788075246, 0.7532302188118170649, 0.7862601560778998966, 0.8195039834988839811, 0.8535452747120184647, 0.8883082803397299720, 0.9239958607406952851, 0.9613503047546445579, 1.000000000000000000 ),
 .UNSPECIFIED. ) ;
#4379 = DIRECTION ( 'NONE',  ( -0.000000000000000000, 1.000000000000000000, 0.000000000000000000 ) ) ;
#4380 = VERTEX_POINT ( 'NONE', #698 ) ;
#4381 = LINE ( 'NONE', #3893, #2527 ) ;
#4382 = ADVANCED_FACE ( 'NONE', ( #1055 ), #2643, .T. ) ;
#4383 = ORIENTED_EDGE ( 'NONE', *, *, #3314, .F. ) ;
#4384 = ORIENTED_EDGE ( 'NONE', *, *, #1928, .T. ) ;
#4385 = CARTESIAN_POINT ( 'NONE',  ( 5.661406585558171223, 18.10000000000000142, -2.751483101055975045 ) ) ;
#4386 = CARTESIAN_POINT ( 'NONE',  ( 3.977308167902385172, 18.09999999999999432, -1.436219432729803902 ) ) ;
#4387 = CARTESIAN_POINT ( 'NONE',  ( 2.679192405006057154, 18.10000000000000497, -2.994712803263144707 ) ) ;
#4388 = DIRECTION ( 'NONE',  ( -0.000000000000000000, 1.000000000000000000, -0.000000000000000000 ) ) ;
#4389 = DIRECTION ( 'NONE',  ( 0.000000000000000000, -1.000000000000000000, 0.000000000000000000 ) ) ;
#4390 = EDGE_LOOP ( 'NONE', ( #2361, #37, #2219, #4860 ) ) ;
#4391 = CARTESIAN_POINT ( 'NONE',  ( 4.081712194732590504, 18.19999999999999929, -2.350367483978744065 ) ) ;
#4392 = CARTESIAN_POINT ( 'NONE',  ( 5.930769230769231015, 18.10000000000000142, -3.120192307692307931 ) ) ;
#4393 = CARTESIAN_POINT ( 'NONE',  ( -5.096649554142043570, 18.20000000000000284, -1.374844224452763664 ) ) ;
#4394 = CYLINDRICAL_SURFACE ( 'NONE', #2364, 0.4000000000000006328 ) ;
#4395 = ORIENTED_EDGE ( 'NONE', *, *, #4978, .T. ) ;
#4396 = VECTOR ( 'NONE', #833, 1000.000000000000000 ) ;
#4397 = CARTESIAN_POINT ( 'NONE',  ( 3.579408748126834183, 18.10000000000000853, -3.018607902616721628 ) ) ;
#4398 = CARTESIAN_POINT ( 'NONE',  ( 2.854736489200973892, 18.19999999999999929, -2.050092808991535787 ) ) ;
#4399 = CARTESIAN_POINT ( 'NONE',  ( 5.162204804047605400, 18.19999999999999929, -1.601743927618234142 ) ) ;
#4400 = VECTOR ( 'NONE', #1710, 1000.000000000000000 ) ;
#4401 = CARTESIAN_POINT ( 'NONE',  ( -2.527403846153844835, 18.19999999999999929, -1.984615384615384670 ) ) ;
#4402 = CARTESIAN_POINT ( 'NONE',  ( 3.133809111242184642, 18.09999999999999787, -3.083067493141752102 ) ) ;
#4403 = VERTEX_POINT ( 'NONE', #1805 ) ;
#4404 = B_SPLINE_CURVE_WITH_KNOTS ( 'NONE', 3,
 ( #1398, #2649, #4169, #628, #659, #3433, #2227 ),
 .UNSPECIFIED., .F., .F.,
 ( 4, 1, 1, 1, 4 ),
 ( 0.000000000000000000, 0.3071626301099383283, 0.5768528599096822695, 0.8066330493509283883, 1.000000000000000000 ),
 .UNSPECIFIED. ) ;
#4405 = CARTESIAN_POINT ( 'NONE',  ( 3.218888391468177179, 18.20000000000000284, -3.113984868111275617 ) ) ;
#4406 = VECTOR ( 'NONE', #2992, 1000.000000000000000 ) ;
#4407 = CARTESIAN_POINT ( 'NONE',  ( 2.931392159653424034, 18.19999999999999929, -3.299328212117354386 ) ) ;
#4408 = UNCERTAINTY_MEASURE_WITH_UNIT (LENGTH_MEASURE( 1.000000000000000082E-05 ), #4072, 'distance_accuracy_value', 'NONE');
#4409 = ORIENTED_EDGE ( 'NONE', *, *, #2835, .T. ) ;
#4410 = CARTESIAN_POINT ( 'NONE',  ( -0.3153846153846149303, 18.10000000000000142, -1.000000000000000000 ) ) ;
#4411 = ORIENTED_EDGE ( 'NONE', *, *, #3388, .T. ) ;
#4412 = AXIS2_PLACEMENT_3D ( 'NONE', #1575, #822, #2699 ) ;
#4413 = EDGE_LOOP ( 'NONE', ( #4865, #2123, #1911, #991 ) ) ;
#4414 = LINE ( 'NONE', #616, #394 ) ;
#4415 = CARTESIAN_POINT ( 'NONE',  ( 2.707799016410789239, 18.19999999999999218, -3.050582089135816410 ) ) ;
#4416 = COLOUR_RGB ( '',0.03137254901960784270, 0.3803921568627450789, 1.000000000000000000 ) ;
#4417 = CARTESIAN_POINT ( 'NONE',  ( 3.453382160197727480, 18.10000000000000142, -1.270950198682140098 ) ) ;
#4418 = CARTESIAN_POINT ( 'NONE',  ( 3.848041715359038495, 18.09999999999999787, -3.169785965656528592 ) ) ;
#4419 = CARTESIAN_POINT ( 'NONE',  ( 5.768049617164275666, 18.10000000000000142, -2.913287384086279630 ) ) ;
#4420 = CARTESIAN_POINT ( 'NONE',  ( 5.344807500889140250, 18.19999999999999574, -2.700359103670942229 ) ) ;
#4421 = CARTESIAN_POINT ( 'NONE',  ( -2.216346153846153300, 18.10000000000000497, -3.377403846153846256 ) ) ;
#4422 = ORIENTED_EDGE ( 'NONE', *, *, #3049, .F. ) ;
#4423 = ADVANCED_FACE ( 'NONE', ( #1755 ), #2248, .T. ) ;
#4424 = ORIENTED_EDGE ( 'NONE', *, *, #3334, .T. ) ;
#4425 = CARTESIAN_POINT ( 'NONE',  ( 3.649711190051189380, 18.09999999999999787, -2.936315729415142961 ) ) ;
#4426 = CARTESIAN_POINT ( 'NONE',  ( 2.871364503778899735, 18.10000000000000142, -1.809966826224596037 ) ) ;
#4427 = CARTESIAN_POINT ( 'NONE',  ( 5.073795995318959307, 18.19999999999999929, -1.057910773979111152 ) ) ;
#4428 = CARTESIAN_POINT ( 'NONE',  ( -2.216346153846153300, 18.20000000000000284, -3.377403846153846256 ) ) ;
#4429 = EDGE_CURVE ( 'NONE', #2024, #419, #4963, .T. ) ;
#4430 = VECTOR ( 'NONE', #4954, 1000.000000000000000 ) ;
#4431 = CARTESIAN_POINT ( 'NONE',  ( 3.296123749261761215, 18.19999999999999929, -3.122659729431333187 ) ) ;
#4432 = ORIENTED_EDGE ( 'NONE', *, *, #1019, .F. ) ;
#4433 = CARTESIAN_POINT ( 'NONE',  ( -5.278846153846153300, 18.10000000000000142, -1.000000000000000000 ) ) ;
#4434 = CARTESIAN_POINT ( 'NONE',  ( -9.500000000000000000, 18.19999999999999929, -4.500000000000000888 ) ) ;
#4435 = CARTESIAN_POINT ( 'NONE',  ( -2.058880598214879676, 18.09999999999999787, -3.336814937498076894 ) ) ;
#4436 = CARTESIAN_POINT ( 'NONE',  ( 3.023833735935659295, 18.10000000000000142, -2.997129104337987737 ) ) ;
#4437 = VERTEX_POINT ( 'NONE', #4888 ) ;
#4438 = ORIENTED_EDGE ( 'NONE', *, *, #1960, .T. ) ;
#4439 = CARTESIAN_POINT ( 'NONE',  ( 3.649711190051189380, 18.09999999999999787, -2.936315729415142961 ) ) ;
#4440 = ORIENTED_EDGE ( 'NONE', *, *, #3475, .T. ) ;
#4441 = CARTESIAN_POINT ( 'NONE',  ( -2.536538461538460520, 18.09999999999902798, -2.261538461538461497 ) ) ;
#4442 = EDGE_CURVE ( 'NONE', #4130, #609, #1367, .T. ) ;
#4443 = DIRECTION ( 'NONE',  ( -0.000000000000000000, 1.000000000000000000, -0.000000000000000000 ) ) ;
#4444 = CARTESIAN_POINT ( 'NONE',  ( 2.610959739297014082, 18.09999999999999787, -2.800852016738642369 ) ) ;
#4445 = EDGE_CURVE ( 'NONE', #1235, #3700, #1420, .T. ) ;
#4446 = ORIENTED_EDGE ( 'NONE', *, *, #2019, .F. ) ;
#4447 = CARTESIAN_POINT ( 'NONE',  ( 3.406758650459227766, 18.19999999999999574, -3.397313668036994638 ) ) ;
#4448 = CARTESIAN_POINT ( 'NONE',  ( -2.312424684334025926, 18.10000000000000142, -3.111402969121154438 ) ) ;
#4449 =( LENGTH_UNIT ( ) NAMED_UNIT ( * ) SI_UNIT ( .MILLI., .METRE. ) );
#4450 = ORIENTED_EDGE ( 'NONE', *, *, #2521, .F. ) ;
#4451 = EDGE_LOOP ( 'NONE', ( #4329, #2025, #893, #55 ) ) ;
#4452 = LINE ( 'NONE', #498, #1369 ) ;
#4453 = DIRECTION ( 'NONE',  ( 0.000000000000000000, 0.000000000000000000, -1.000000000000000000 ) ) ;
#4454 = CARTESIAN_POINT ( 'NONE',  ( -3.115384615384614531, 18.10000000000000142, -2.261538461538461497 ) ) ;
#4455 = LINE ( 'NONE', #4401, #4170 ) ;
#4456 = CARTESIAN_POINT ( 'NONE',  ( 3.057921456361752721, 18.20000000000000284, -3.031181415347780295 ) ) ;
#4457 = CARTESIAN_POINT ( 'NONE',  ( 3.296123749261761215, 18.19999999999999929, -3.122659729431333187 ) ) ;
#4458 = DIRECTION ( 'NONE',  ( -0.000000000000000000, 1.000000000000000000, -0.000000000000000000 ) ) ;
#4459 = UNCERTAINTY_MEASURE_WITH_UNIT (LENGTH_MEASURE( 1.000000000000000082E-05 ), #3038, 'distance_accuracy_value', 'NONE');
#4460 = CARTESIAN_POINT ( 'NONE',  ( 5.175480769230769162, 18.10000000000000142, -1.652403846153845945 ) ) ;
#4461 = CARTESIAN_POINT ( 'NONE',  ( -5.035602071132847080, 18.10000000000000142, -1.574317143404572850 ) ) ;
#4462 = DIRECTION ( 'NONE',  ( -0.000000000000000000, -0.000000000000000000, 1.000000000000000000 ) ) ;
#4463 = VERTEX_POINT ( 'NONE', #275 ) ;
#4464 = CARTESIAN_POINT ( 'NONE',  ( 6.176923076923078071, 18.10000000000000142, -1.984615384615384670 ) ) ;
#4465 = PLANE ( 'NONE',  #1145 ) ;
#4466 = FACE_OUTER_BOUND ( 'NONE', #2411, .T. ) ;
#4467 = VERTEX_POINT ( 'NONE', #1852 ) ;
#4468 = CARTESIAN_POINT ( 'NONE',  ( 7.069230769230770761, 18.19999999999999929, -1.707692307692307621 ) ) ;
#4469 = CARTESIAN_POINT ( 'NONE',  ( 3.894742298593650620, 18.19999999999999929, -3.100064677758481935 ) ) ;
#4470 = EDGE_CURVE ( 'NONE', #4866, #1723, #4522, .T. ) ;
#4471 = CARTESIAN_POINT ( 'NONE',  ( -5.103008208610487095, 18.19999999999999929, -1.373889183135798664 ) ) ;
#4472 = ORIENTED_EDGE ( 'NONE', *, *, #2299, .F. ) ;
#4473 = SPHERICAL_SURFACE ( 'NONE', #31, 0.5000000000000000000 ) ;
#4474 = CARTESIAN_POINT ( 'NONE',  ( 2.854151667839954776, 18.10000000000000497, -2.138454655276096794 ) ) ;
#4475 = PLANE ( 'NONE',  #2688 ) ;
#4476 = FACE_OUTER_BOUND ( 'NONE', #2396, .T. ) ;
#4477 = CARTESIAN_POINT ( 'NONE',  ( -1.670803462803135631, 18.19999999999999574, -2.636301678210188459 ) ) ;
#4478 = ORIENTED_EDGE ( 'NONE', *, *, #190, .F. ) ;
#4479 = CARTESIAN_POINT ( 'NONE',  ( -8.438461538461536904, 18.10000000000000142, -1.288461538461538547 ) ) ;
#4480 = PLANE ( 'NONE',  #2436 ) ;
#4481 = PRESENTATION_LAYER_ASSIGNMENT (  '', '', ( #3426 ) ) ;
#4482 = CARTESIAN_POINT ( 'NONE',  ( -7.047596153846152234, 18.19999999999999929, -3.123076923076922640 ) ) ;
#4483 = EDGE_CURVE ( 'NONE', #484, #4130, #4496, .T. ) ;
#4484 = EDGE_CURVE ( 'NONE', #467, #1644, #1628, .T. ) ;
#4485 = CARTESIAN_POINT ( 'NONE',  ( 3.680599199919254438, 18.10000000000000142, -2.882540098877089729 ) ) ;
#4486 = VECTOR ( 'NONE', #1989, 1000.000000000000000 ) ;
#4487 = CARTESIAN_POINT ( 'NONE',  ( -8.149999999999923972, -3.000000000000000000, -3.600000000000000977 ) ) ;
#4488 = DIRECTION ( 'NONE',  ( 0.000000000000000000, -3.550882109282951234E-13, 1.000000000000000000 ) ) ;
#4489 = VECTOR ( 'NONE', #3489, 1000.000000000000000 ) ;
#4490 = CARTESIAN_POINT ( 'NONE',  ( 3.704321896306789430, 18.09999999999999432, -1.543906214156757661 ) ) ;
#4491 = EDGE_CURVE ( 'NONE', #2169, #2244, #3498, .T. ) ;
#4492 = ORIENTED_EDGE ( 'NONE', *, *, #3732, .T. ) ;
#4493 = DIRECTION ( 'NONE',  ( -1.000000000000000000, 0.000000000000000000, 0.000000000000000000 ) ) ;
#4494 = VECTOR ( 'NONE', #2592, 1000.000000000000000 ) ;
#4495 = CARTESIAN_POINT ( 'NONE',  ( -2.161118834365878261, 18.19999999999999929, -2.348259864963057719 ) ) ;
#4496 = LINE ( 'NONE', #4116, #3842 ) ;
#4497 = AXIS2_PLACEMENT_3D ( 'NONE', #2304, #3836, #1507 ) ;
#4498 = ORIENTED_EDGE ( 'NONE', *, *, #3898, .F. ) ;
#4499 = DIRECTION ( 'NONE',  ( 1.000000000000000000, 0.000000000000000000, 0.000000000000000000 ) ) ;
#4500 = CARTESIAN_POINT ( 'NONE',  ( 3.094746296037601763, 18.09999999999999787, -1.315953161850569320 ) ) ;
#4501 = CARTESIAN_POINT ( 'NONE',  ( 3.776923076923076827, 18.19999999999999929, -2.184615384615384848 ) ) ;
#4502 = CARTESIAN_POINT ( 'NONE',  ( 5.162204804047605400, 18.10000000000000142, -1.601743927618234142 ) ) ;
#4503 = CARTESIAN_POINT ( 'NONE',  ( -1.989599004141098471, 18.19999999999999929, -3.305804669290711928 ) ) ;
#4504 = ORIENTED_EDGE ( 'NONE', *, *, #2884, .F. ) ;
#4505 = CARTESIAN_POINT ( 'NONE',  ( 3.218888391468177179, 18.10000000000000497, -3.113984868111275617 ) ) ;
#4506 = VERTEX_POINT ( 'NONE', #3897 ) ;
#4507 = CARTESIAN_POINT ( 'NONE',  ( 2.992788461538461675, 18.19999999999999929, -2.958653846153846079 ) ) ;
#4508 = LINE ( 'NONE', #210, #1939 ) ;
#4509 = CARTESIAN_POINT ( 'NONE',  ( 3.312019230769231104, 18.10000000000000142, -3.123076923076922640 ) ) ;
#4510 = AXIS2_PLACEMENT_3D ( 'NONE', #4795, #532, #3317 ) ;
#4511 = ORIENTED_EDGE ( 'NONE', *, *, #2247, .T. ) ;
#4512 = DIRECTION ( 'NONE',  ( 0.000000000000000000, 0.000000000000000000, 1.000000000000000000 ) ) ;
#4513 = ORIENTED_EDGE ( 'NONE', *, *, #2977, .T. ) ;
#4514 = CARTESIAN_POINT ( 'NONE',  ( 1.578846153846154898, 18.10000000000000497, -3.400000000000000355 ) ) ;
#4515 = LINE ( 'NONE', #1797, #3695 ) ;
#4516 = DIRECTION ( 'NONE',  ( 0.000000000000000000, 0.000000000000000000, 1.000000000000000000 ) ) ;
#4517 = CARTESIAN_POINT ( 'NONE',  ( 3.645932334544622400, 18.19999999999999574, -1.426778977376649715 ) ) ;
#4518 = ORIENTED_EDGE ( 'NONE', *, *, #3727, .F. ) ;
#4519 = CARTESIAN_POINT ( 'NONE',  ( 3.952386021636274727, 18.10000000000000497, -1.375905499918116837 ) ) ;
#4520 = CARTESIAN_POINT ( 'NONE',  ( 7.561538461538461320, 18.10000000000000142, -2.516346153846153566 ) ) ;
#4521 = EDGE_CURVE ( 'NONE', #2714, #2875, #2040, .T. ) ;
#4522 = LINE ( 'NONE', #3033, #965 ) ;
#4523 = VECTOR ( 'NONE', #3962, 1000.000000000000000 ) ;
#4524 = CARTESIAN_POINT ( 'NONE',  ( 3.776622059628654160, 18.10000000000000142, -2.138454447030724292 ) ) ;
#4525 = DIRECTION ( 'NONE',  ( -0.000000000000000000, -1.000000000000000000, -0.000000000000000000 ) ) ;
#4526 = CARTESIAN_POINT ( 'NONE',  ( 3.315384615384616041, 18.10000000000000142, -0.9692307692307692291 ) ) ;
#4527 = CARTESIAN_POINT ( 'NONE',  ( 2.853846153846154809, 18.20000000000000284, -2.184615384615384848 ) ) ;
#4528 = EDGE_CURVE ( 'NONE', #4710, #4090, #298, .T. ) ;
#4529 = DIRECTION ( 'NONE',  ( -0.000000000000000000, 1.000000000000000000, -0.000000000000000000 ) ) ;
#4530 = ORIENTED_EDGE ( 'NONE', *, *, #3417, .F. ) ;
#4531 = CARTESIAN_POINT ( 'NONE',  ( 8.150000000000002132, -3.000000000000000000, 3.999999999999998224 ) ) ;
#4532 = CARTESIAN_POINT ( 'NONE',  ( 1.776923076923077049, 18.10000000000000142, -1.000000000000000000 ) ) ;
#4533 = FACE_BOUND ( 'NONE', #524, .T. ) ;
#4534 = EDGE_CURVE ( 'NONE', #3040, #1195, #4669, .T. ) ;
#4535 = CARTESIAN_POINT ( 'NONE',  ( 2.992788461538461675, 18.20000000000000639, -2.958653846153846079 ) ) ;
#4536 = DIRECTION ( 'NONE',  ( 1.000000000000000000, 0.000000000000000000, 0.000000000000000000 ) ) ;
#4537 = LINE ( 'NONE', #4909, #979 ) ;
#4538 = ADVANCED_FACE ( 'NONE', ( #1953 ), #5018, .F. ) ;
#4539 = CARTESIAN_POINT ( 'NONE',  ( -1.870614675696654183, 18.20000000000000284, -3.221781701917301177 ) ) ;
#4540 = CARTESIAN_POINT ( 'NONE',  ( 3.759441579142028811, 18.10000000000000853, -1.810604586323385501 ) ) ;
#4541 = ORIENTED_EDGE ( 'NONE', *, *, #2619, .T. ) ;
#4542 = PLANE ( 'NONE',  #4981 ) ;
#4543 = CARTESIAN_POINT ( 'NONE',  ( 2.771938851578563234, 18.19999999999999574, -3.149975448221549623 ) ) ;
#4544 = DIRECTION ( 'NONE',  ( -0.000000000000000000, -1.000000000000000000, -0.000000000000000000 ) ) ;
#4545 = EDGE_CURVE ( 'NONE', #3267, #1315, #2718, .T. ) ;
#4546 = PLANE ( 'NONE',  #453 ) ;
#4547 = DIRECTION ( 'NONE',  ( -0.000000000000000000, 0.000000000000000000, -1.000000000000000000 ) ) ;
#4548 = CARTESIAN_POINT ( 'NONE',  ( 3.677846659479863334, 18.20000000000000995, -1.479246294470069056 ) ) ;
#4549 = CARTESIAN_POINT ( 'NONE',  ( 5.175480769230769162, 18.19999999999999929, -1.652403846153845945 ) ) ;
#4550 = ORIENTED_EDGE ( 'NONE', *, *, #3329, .F. ) ;
#4551 = DIRECTION ( 'NONE',  ( 0.000000000000000000, 0.000000000000000000, 1.000000000000000000 ) ) ;
#4552 = ORIENTED_EDGE ( 'NONE', *, *, #2335, .F. ) ;
#4553 = ORIENTED_EDGE ( 'NONE', *, *, #3329, .T. ) ;
#4554 = CARTESIAN_POINT ( 'NONE',  ( -2.074767633150751855, 18.10000000000000142, -2.439553844681967121 ) ) ;
#4555 = SURFACE_STYLE_FILL_AREA ( #2991 ) ;
#4556 = CARTESIAN_POINT ( 'NONE',  ( -3.453846153846152678, 18.10000000000000142, -1.000000000000000000 ) ) ;
#4557 =( GEOMETRIC_REPRESENTATION_CONTEXT ( 3 ) GLOBAL_UNCERTAINTY_ASSIGNED_CONTEXT ( ( #507 ) ) GLOBAL_UNIT_ASSIGNED_CONTEXT ( ( #3853, #4642, #1441 ) ) REPRESENTATION_CONTEXT ( 'NONE', 'WORKASPACE' ) );
#4558 = ORIENTED_EDGE ( 'NONE', *, *, #14, .F. ) ;
#4559 = CARTESIAN_POINT ( 'NONE',  ( -5.744711538461537259, 18.19999999999999929, -3.399999999999999911 ) ) ;
#4560 = CARTESIAN_POINT ( 'NONE',  ( -2.341103986201864551, 18.10000000000000142, -3.115328916511438617 ) ) ;
#4561 = CARTESIAN_POINT ( 'NONE',  ( 7.561538461538461320, 18.10000000000000142, -2.799999999999999822 ) ) ;
#4562 = CARTESIAN_POINT ( 'NONE',  ( -1.671461975048153636, 18.20000000000000284, -2.796330154422564718 ) ) ;
#4563 = DIRECTION ( 'NONE',  ( 0.000000000000000000, 0.000000000000000000, -1.000000000000000000 ) ) ;
#4564 = AXIS2_PLACEMENT_3D ( 'NONE', #3879, #5069, #1504 ) ;
#4565 = ORIENTED_EDGE ( 'NONE', *, *, #2173, .F. ) ;
#4566 = SURFACE_STYLE_FILL_AREA ( #2642 ) ;
#4567 = DIRECTION ( 'NONE',  ( 0.7969523358002779112, 0.000000000000000000, 0.6040421959287952669 ) ) ;
#4568 = VECTOR ( 'NONE', #2008, 1000.000000000000000 ) ;
#4569 = CARTESIAN_POINT ( 'NONE',  ( 9.000000000000000000, 17.69999999999999929, -5.000000000000000000 ) ) ;
#4570 = MECHANICAL_DESIGN_GEOMETRIC_PRESENTATION_REPRESENTATION (  '', ( #1465 ), #560 ) ;
#4571 = FACE_OUTER_BOUND ( 'NONE', #2028, .T. ) ;
#4572 = DIRECTION ( 'NONE',  ( 0.000000000000000000, 0.000000000000000000, 1.000000000000000000 ) ) ;
#4573 = DIRECTION ( 'NONE',  ( 0.000000000000000000, 0.000000000000000000, 1.000000000000000000 ) ) ;
#4574 = AXIS2_PLACEMENT_3D ( 'NONE', #438, #4765, #1073 ) ;
#4575 = CARTESIAN_POINT ( 'NONE',  ( -5.131538511526962054, 18.10000000000000853, -1.469128801907442217 ) ) ;
#4576 = ORIENTED_EDGE ( 'NONE', *, *, #3029, .T. ) ;
#4577 = ORIENTED_EDGE ( 'NONE', *, *, #4230, .T. ) ;
#4578 = FACE_OUTER_BOUND ( 'NONE', #5015, .T. ) ;
#4579 = VERTEX_POINT ( 'NONE', #4694 ) ;
#4580 = CARTESIAN_POINT ( 'NONE',  ( -2.513451802306759575, 18.19999999999999574, -2.261924479252429343 ) ) ;
#4581 = CARTESIAN_POINT ( 'NONE',  ( -1.670803462803135631, 18.09999999999999787, -2.636301678210188459 ) ) ;
#4582 = ORIENTED_EDGE ( 'NONE', *, *, #4491, .T. ) ;
#4583 = DIRECTION ( 'NONE',  ( 0.000000000000000000, 0.000000000000000000, 1.000000000000000000 ) ) ;
#4584 = ADVANCED_FACE ( 'NONE', ( #3876 ), #1927, .T. ) ;
#4585 = CARTESIAN_POINT ( 'NONE',  ( 9.500000000000000000, 17.69999999999999929, 4.500000000000001776 ) ) ;
#4586 = CARTESIAN_POINT ( 'NONE',  ( -2.410383215157984704, 18.19999999999999574, -3.120520381876108029 ) ) ;
#4587 = VECTOR ( 'NONE', #1360, 1000.000000000000000 ) ;
#4588 = CARTESIAN_POINT ( 'NONE',  ( 8.182252185765312547, 18.20000000000000284, -3.318622620477246876 ) ) ;
#4589 = CARTESIAN_POINT ( 'NONE',  ( -4.982211538461537970, 18.19999999999999929, -1.744711538461538369 ) ) ;
#4590 = DIRECTION ( 'NONE',  ( -1.000000000000000000, 0.000000000000000000, 0.000000000000000000 ) ) ;
#4591 = ORIENTED_EDGE ( 'NONE', *, *, #1336, .F. ) ;
#4592 = EDGE_CURVE ( 'NONE', #4028, #3242, #2062, .T. ) ;
#4593 = ORIENTED_EDGE ( 'NONE', *, *, #4470, .F. ) ;
#4594 = CARTESIAN_POINT ( 'NONE',  ( 8.423076923076923350, 18.10000000000000142, -3.399999999999999911 ) ) ;
#4595 = EDGE_CURVE ( 'NONE', #1403, #5039, #4077, .T. ) ;
#4596 = DIRECTION ( 'NONE',  ( 0.000000000000000000, 0.000000000000000000, -1.000000000000000000 ) ) ;
#4597 = ADVANCED_FACE ( 'NONE', ( #4780 ), #4356, .T. ) ;
#4598 = CARTESIAN_POINT ( 'NONE',  ( -5.096649554142043570, 18.10000000000000497, -1.374844224452763664 ) ) ;
#4599 = CARTESIAN_POINT ( 'NONE',  ( 3.776923076923076827, 18.10000000000000142, -2.184615384615384848 ) ) ;
#4600 = CARTESIAN_POINT ( 'NONE',  ( 5.768049617164275666, 18.10000000000000142, -2.913287384086279630 ) ) ;
#4601 = CARTESIAN_POINT ( 'NONE',  ( 4.084615384615384315, 18.19999999999999929, -2.183653846153846168 ) ) ;
#4602 = PRESENTATION_STYLE_ASSIGNMENT (( #5002 ) ) ;
#4603 = VECTOR ( 'NONE', #4291, 1000.000000000000000 ) ;
#4604 = VERTEX_POINT ( 'NONE', #4749 ) ;
#4605 = CARTESIAN_POINT ( 'NONE',  ( 3.700957213380151156, 18.19999999999999218, -1.069897500955802716 ) ) ;
#4606 = CARTESIAN_POINT ( 'NONE',  ( -6.253846153846152944, 18.10000000000000142, -1.000000000000000000 ) ) ;
#4607 = CARTESIAN_POINT ( 'NONE',  ( 3.860488948313615332, 18.19999999999998508, -1.220221028608496905 ) ) ;
#4608 = CARTESIAN_POINT ( 'NONE',  ( -2.161118834365878261, 18.10000000000000142, -2.348259864963057719 ) ) ;
#4609 = CARTESIAN_POINT ( 'NONE',  ( -2.038095505313256783, 18.19999999999999929, -2.064545618190203768 ) ) ;
#4610 = FACE_OUTER_BOUND ( 'NONE', #1421, .T. ) ;
#4611 = EDGE_CURVE ( 'NONE', #3668, #3947, #4378, .T. ) ;
#4612 = CARTESIAN_POINT ( 'NONE',  ( 2.861211762472765763, 18.09999999999999787, -2.441238879702371189 ) ) ;
#4613 = CARTESIAN_POINT ( 'NONE',  ( -2.341103986201864551, 18.19999999999999574, -3.115328916511438617 ) ) ;
#4614 = DIRECTION ( 'NONE',  ( 0.000000000000000000, -1.000000000000000000, 0.000000000000000000 ) ) ;
#4615 = CARTESIAN_POINT ( 'NONE',  ( -1.927189302630910817, 18.10000000000000497, -3.267169074947183116 ) ) ;
#4616 = DIRECTION ( 'NONE',  ( 0.000000000000000000, 0.000000000000000000, -1.000000000000000000 ) ) ;
#4617 = ORIENTED_EDGE ( 'NONE', *, *, #4878, .T. ) ;
#4618 = DIRECTION ( 'NONE',  ( -0.000000000000000000, 1.000000000000000000, -0.000000000000000000 ) ) ;
#4619 = CARTESIAN_POINT ( 'NONE',  ( 8.115384615384616751, 18.10000000000000142, -1.000000000000000000 ) ) ;
#4620 = CARTESIAN_POINT ( 'NONE',  ( 5.603823946496241604, 18.10000000000000497, -3.040060004184137465 ) ) ;
#4621 = CARTESIAN_POINT ( 'NONE',  ( 2.779326923076924416, 18.10000000000000142, -1.200480769230769296 ) ) ;
#4622 = CARTESIAN_POINT ( 'NONE',  ( 5.661406585558171223, 18.10000000000000142, -2.751483101055975045 ) ) ;
#4623 = CARTESIAN_POINT ( 'NONE',  ( 3.552072828709938790, 18.19999999999999929, -1.001292606048663991 ) ) ;
#4624 = DIRECTION ( 'NONE',  ( -0.000000000000000000, 0.000000000000000000, -1.000000000000000000 ) ) ;
#4625 = EDGE_LOOP ( 'NONE', ( #3411, #3883, #1305, #324 ) ) ;
#4626 = VERTEX_POINT ( 'NONE', #3954 ) ;
#4627 = CARTESIAN_POINT ( 'NONE',  ( 1.352446128032018358, 18.10000000000000497, -2.767338551688109938 ) ) ;
#4628 = CARTESIAN_POINT ( 'NONE',  ( -2.207171258700463934, 18.09999999999999787, -2.012569254691831233 ) ) ;
#4629 = CARTESIAN_POINT ( 'NONE',  ( -1.670803462803135631, 18.19999999999999574, -2.636301678210188459 ) ) ;
#4630 = FACE_OUTER_BOUND ( 'NONE', #1893, .T. ) ;
#4631 = EDGE_CURVE ( 'NONE', #4269, #114, #2032, .T. ) ;
#4632 =( NAMED_UNIT ( * ) PLANE_ANGLE_UNIT ( ) SI_UNIT ( $, .RADIAN. ) );
#4633 = FACE_OUTER_BOUND ( 'NONE', #1822, .T. ) ;
#4634 = CARTESIAN_POINT ( 'NONE',  ( 2.945446618524610205, 18.10000000000000142, -1.058381511807500841 ) ) ;
#4635 = CARTESIAN_POINT ( 'NONE',  ( -5.050943861716432615, 18.19999999999999574, -1.524784348504735876 ) ) ;
#4636 = EDGE_CURVE ( 'NONE', #4813, #664, #113, .T. ) ;
#4637 = SURFACE_STYLE_USAGE ( .BOTH. , #2292 ) ;
#4638 = VERTEX_POINT ( 'NONE', #2003 ) ;
#4639 = EDGE_CURVE ( 'NONE', #2394, #1685, #1300, .T. ) ;
#4640 = ORIENTED_EDGE ( 'NONE', *, *, #1513, .F. ) ;
#4641 = VECTOR ( 'NONE', #4104, 1000.000000000000000 ) ;
#4642 =( NAMED_UNIT ( * ) PLANE_ANGLE_UNIT ( ) SI_UNIT ( $, .RADIAN. ) );
#4643 = CARTESIAN_POINT ( 'NONE',  ( -1.669982765383187129, 18.10000000000000142, -2.739160095924392468 ) ) ;
#4644 = AXIS2_PLACEMENT_3D ( 'NONE', #3857, #1907, #3832 ) ;
#4645 = CARTESIAN_POINT ( 'NONE',  ( -4.982211538461537970, 18.19999999999999929, -1.744711538461538369 ) ) ;
#4646 = EDGE_CURVE ( 'NONE', #4463, #2194, #2848, .T. ) ;
#4647 = VECTOR ( 'NONE', #1983, 1000.000000000000000 ) ;
#4648 = CARTESIAN_POINT ( 'NONE',  ( -5.190849240393762720, 18.19999999999999929, -1.659890733122828976 ) ) ;
#4649 = CARTESIAN_POINT ( 'NONE',  ( 2.926685363257350847, 18.19999999999999929, -1.543196624343209589 ) ) ;
#4650 = CARTESIAN_POINT ( 'NONE',  ( 3.952386021636274727, 18.20000000000000284, -1.375905499918116837 ) ) ;
#4651 = DIRECTION ( 'NONE',  ( 0.000000000000000000, 0.000000000000000000, 1.000000000000000000 ) ) ;
#4652 = EDGE_LOOP ( 'NONE', ( #121, #518, #3277, #4075 ) ) ;
#4653 = ORIENTED_EDGE ( 'NONE', *, *, #2340, .F. ) ;
#4654 = CARTESIAN_POINT ( 'NONE',  ( 4.020212307803342711, 18.10000000000000142, -1.569358161645650007 ) ) ;
#4655 = CARTESIAN_POINT ( 'NONE',  ( -3.115384615384614531, 18.19999999999999929, -1.984615384615384670 ) ) ;
#4656 = PRESENTATION_LAYER_ASSIGNMENT (  '', '', ( #3918 ) ) ;
#4657 = CARTESIAN_POINT ( 'NONE',  ( -2.488444191547046547, 18.20000000000000284, -1.985273816052769202 ) ) ;
#4658 = DIRECTION ( 'NONE',  ( -0.000000000000000000, -1.000000000000000000, -0.000000000000000000 ) ) ;
#4659 = ADVANCED_FACE ( 'NONE', ( #2445 ), #1869, .T. ) ;
#4660 = AXIS2_PLACEMENT_3D ( 'NONE', #154, #4821, #3233 ) ;
#4661 = CARTESIAN_POINT ( 'NONE',  ( 4.883857184201487733, 18.10000000000000497, -1.710553263832049975 ) ) ;
#4662 = DIRECTION ( 'NONE',  ( 1.000000000000000000, 0.000000000000000000, 0.000000000000000000 ) ) ;
#4663 = CARTESIAN_POINT ( 'NONE',  ( 7.882783249023385785, 18.20000000000000639, -2.999303879377634985 ) ) ;
#4664 = CARTESIAN_POINT ( 'NONE',  ( -2.077155623129951056, 18.10000000000000497, -2.959892446379520869 ) ) ;
#4665 = ORIENTED_EDGE ( 'NONE', *, *, #286, .F. ) ;
#4666 = CARTESIAN_POINT ( 'NONE',  ( -1.423076923076922684, 18.19999999999999929, -3.399999999999999911 ) ) ;
#4667 = CARTESIAN_POINT ( 'NONE',  ( 4.037506730896978091, 18.10000000000000142, -1.643032946165831731 ) ) ;
#4668 = FILL_AREA_STYLE_COLOUR ( '', #1778 ) ;
#4669 = LINE ( 'NONE', #2297, #3022 ) ;
#4671 = ADVANCED_FACE ( 'NONE', ( #4958 ), #2952, .T. ) ;
#4670 = FACE_OUTER_BOUND ( 'NONE', #1480, .T. ) ;
#4672 = LINE ( 'NONE', #2771, #5061 ) ;
#4673 = CARTESIAN_POINT ( 'NONE',  ( 4.761538461538461497, 18.19999999999999929, -1.000000000000000000 ) ) ;
#4674 = CARTESIAN_POINT ( 'NONE',  ( 2.721084664008242893, 18.19999999999999574, -1.284496082387477811 ) ) ;
#4675 = CARTESIAN_POINT ( 'NONE',  ( 0.000000000000000000, 0.000000000000000000, 0.000000000000000000 ) ) ;
#4676 = ORIENTED_EDGE ( 'NONE', *, *, #600, .F. ) ;
#4677 = ORIENTED_EDGE ( 'NONE', *, *, #1749, .T. ) ;
#4678 = CARTESIAN_POINT ( 'NONE',  ( 8.150000000000078515, -3.000000000000000000, -3.200000000000001510 ) ) ;
#4679 = CARTESIAN_POINT ( 'NONE',  ( 1.236629402869538374, 18.09999999999999787, -2.999303879377632320 ) ) ;
#4680 = CARTESIAN_POINT ( 'NONE',  ( -2.159875118442785347, 18.10000000000000142, -3.050132823464086762 ) ) ;
#4681 = EDGE_CURVE ( 'NONE', #467, #4030, #1048, .T. ) ;
#4682 = CARTESIAN_POINT ( 'NONE',  ( 5.484604890145504008, 18.19999999999999929, -2.440926442479292469 ) ) ;
#4683 = CARTESIAN_POINT ( 'NONE',  ( 4.770505524654595320, 18.10000000000000142, -1.148514236008372214 ) ) ;
#4684 = CARTESIAN_POINT ( 'NONE',  ( 4.084392511043133389, 18.10000000000000853, -2.212501131328373560 ) ) ;
#4685 = ADVANCED_FACE ( 'NONE', ( #1826 ), #3422, .T. ) ;
#4686 = EDGE_LOOP ( 'NONE', ( #4691, #647, #4053, #1840 ) ) ;
#4687 = CARTESIAN_POINT ( 'NONE',  ( -4.450961538461537081, 18.10000000000000142, -3.399999999999999911 ) ) ;
#4688 = ORIENTED_EDGE ( 'NONE', *, *, #2249, .T. ) ;
#4689 = VERTEX_POINT ( 'NONE', #3747 ) ;
#4690 =( NAMED_UNIT ( * ) PLANE_ANGLE_UNIT ( ) SI_UNIT ( $, .RADIAN. ) );
#4691 = ORIENTED_EDGE ( 'NONE', *, *, #1216, .F. ) ;
#4692 = CARTESIAN_POINT ( 'NONE',  ( 2.887267376318038981, 18.10000000000000142, -3.268293121383929467 ) ) ;
#4693 = B_SPLINE_SURFACE_WITH_KNOTS ( 'NONE', 3, 1, ( 
 ( #4561, #2333 ),
 ( #2289, #2239 ),
 ( #3892, #269 ),
 ( #1846, #2686 ),
 ( #3101, #4663 ),
 ( #3446, #1146 ),
 ( #2710, #363 ),
 ( #1943, #1899 ),
 ( #1437, #4588 ),
 ( #1463, #2613 ),
 ( #3420, #1874 ) ),
 .UNSPECIFIED., .F., .F., .F.,
 ( 4, 1, 1, 1, 1, 1, 1, 1, 4 ),
 ( 2, 2 ),
 ( 0.000000000000000000, 0.1426572507006147184, 0.2811689939054438092, 0.4169771923679731485, 0.5508524927475578759, 0.6783641702618117275, 0.7950324430070938586, 0.9019981783473511872, 1.000000000000000000 ),
 ( 0.000000000000000000, 1.000000000000000000 ),
 .UNSPECIFIED. ) ;
#4694 = CARTESIAN_POINT ( 'NONE',  ( 7.561538461538461320, 18.10000000000000142, -2.799999999999999822 ) ) ;
#4695 = CARTESIAN_POINT ( 'NONE',  ( -7.905288461538460432, 18.10000000000000142, -1.431249999999999911 ) ) ;
#4696 = CARTESIAN_POINT ( 'NONE',  ( 9.000000000000000000, 17.69999999999999929, -4.500000000000000888 ) ) ;
#4697 = CARTESIAN_POINT ( 'NONE',  ( 4.827241142095441973, 18.20000000000000284, -1.486991543295926865 ) ) ;
#4698 = FILL_AREA_STYLE_COLOUR ( '', #2126 ) ;
#4699 = ADVANCED_FACE ( 'NONE', ( #4939 ), #4912, .T. ) ;
#4700 = ORIENTED_EDGE ( 'NONE', *, *, #3464, .T. ) ;
#4701 = ORIENTED_EDGE ( 'NONE', *, *, #310, .F. ) ;
#4702 = CARTESIAN_POINT ( 'NONE',  ( 1.207173273195101038, 18.09999999999999787, -2.667418883870758428 ) ) ;
#4703 = CARTESIAN_POINT ( 'NONE',  ( 8.150000000000078515, -3.000000000000000000, -4.000000000000000000 ) ) ;
#4704 = CARTESIAN_POINT ( 'NONE',  ( -2.527403846153844835, 18.10000000000000142, -1.984615384615384670 ) ) ;
#4705 = CARTESIAN_POINT ( 'NONE',  ( -8.022115384615382538, 18.10000000000000142, -1.276923076923077049 ) ) ;
#4706 = LINE ( 'NONE', #1189, #816 ) ;
#4707 = CARTESIAN_POINT ( 'NONE',  ( 7.998599974185865769, 18.19999999999999929, -2.767338551688109938 ) ) ;
#4708 = CARTESIAN_POINT ( 'NONE',  ( -1.423076923076922684, 18.10000000000000142, -3.123076923076922640 ) ) ;
#4709 = CARTESIAN_POINT ( 'NONE',  ( -2.045738728102359349, 18.20000000000000284, -2.903315925913474871 ) ) ;
#4710 = VERTEX_POINT ( 'NONE', #3401 ) ;
#4711 = CARTESIAN_POINT ( 'NONE',  ( -2.007692307692306777, 18.10000000000000142, -2.700480769230769074 ) ) ;
#4712 = VERTEX_POINT ( 'NONE', #4110 ) ;
#4713 = LINE ( 'NONE', #2385, #1041 ) ;
#4714 = CARTESIAN_POINT ( 'NONE',  ( 3.977308167902385172, 18.19999999999998153, -1.436219432729803902 ) ) ;
#4715 = EDGE_LOOP ( 'NONE', ( #4355, #4241, #3356, #2733 ) ) ;
#4716 = CARTESIAN_POINT ( 'NONE',  ( 0.9538335774773315512, 18.10000000000000497, -2.819801292454274133 ) ) ;
#4717 = VECTOR ( 'NONE', #3119, 1000.000000000000000 ) ;
#4718 = CARTESIAN_POINT ( 'NONE',  ( 3.287630136848779472, 18.19999999999999929, -0.9700224671985785418 ) ) ;
#4719 = VECTOR ( 'NONE', #2496, 1000.000000000000000 ) ;
#4720 = LINE ( 'NONE', #2, #4901 ) ;
#4721 =( GEOMETRIC_REPRESENTATION_CONTEXT ( 3 ) GLOBAL_UNCERTAINTY_ASSIGNED_CONTEXT ( ( #3238 ) ) GLOBAL_UNIT_ASSIGNED_CONTEXT ( ( #2046, #4763, #4729 ) ) REPRESENTATION_CONTEXT ( 'NONE', 'WORKASPACE' ) );
#4722 = CARTESIAN_POINT ( 'NONE',  ( 2.984832436276437573, 18.20000000000000284, -1.426258130120833023 ) ) ;
#4723 = LINE ( 'NONE', #1886, #3088 ) ;
#4724 =( NAMED_UNIT ( * ) PLANE_ANGLE_UNIT ( ) SI_UNIT ( $, .RADIAN. ) );
#4725 = ORIENTED_EDGE ( 'NONE', *, *, #1495, .T. ) ;
#4726 = ORIENTED_EDGE ( 'NONE', *, *, #4748, .F. ) ;
#4727 = CARTESIAN_POINT ( 'NONE',  ( -5.915384615384613909, 18.19999999999999929, -3.030769230769230660 ) ) ;
#4728 = CARTESIAN_POINT ( 'NONE',  ( -2.265865384615383338, 18.10000000000000142, -3.101923076923076561 ) ) ;
#4729 =( NAMED_UNIT ( * ) SI_UNIT ( $, .STERADIAN. ) SOLID_ANGLE_UNIT ( ) );
#4730 = VECTOR ( 'NONE', #4224, 999.9999999999998863 ) ;
#4731 = CARTESIAN_POINT ( 'NONE',  ( -9.000000000000000000, 18.19999999999999929, -4.500000000000000888 ) ) ;
#4732 = DIRECTION ( 'NONE',  ( 1.000000000000000000, 0.000000000000000000, 0.000000000000000000 ) ) ;
#4733 = B_SPLINE_SURFACE_WITH_KNOTS ( 'NONE', 3, 1, ( 
 ( #1329, #2082 ),
 ( #3642, #614 ),
 ( #4902, #2107 ),
 ( #1381, #2838 ),
 ( #2891, #510 ),
 ( #1304, #3667 ),
 ( #78, #4482 ) ),
 .UNSPECIFIED., .F., .F., .F.,
 ( 4, 1, 1, 1, 4 ),
 ( 2, 2 ),
 ( 0.000000000000000000, 0.2866303342764877082, 0.5496230569591321613, 0.7876045261568201949, 1.000000000000000000 ),
 ( 0.000000000000000000, 1.000000000000000000 ),
 .UNSPECIFIED. ) ;
#4734 = CARTESIAN_POINT ( 'NONE',  ( 7.776062316908073591, 18.09999999999999787, -2.621307487327407593 ) ) ;
#4735 = LINE ( 'NONE', #3585, #589 ) ;
#4736 = CARTESIAN_POINT ( 'NONE',  ( -8.022115384615382538, 18.19999999999999929, -1.276923076923077049 ) ) ;
#4737 = ADVANCED_FACE ( 'NONE', ( #4466 ), #1389, .T. ) ;
#4738 = ORIENTED_EDGE ( 'NONE', *, *, #719, .F. ) ;
#4739 = CARTESIAN_POINT ( 'NONE',  ( -2.159875118442785347, 18.10000000000000142, -3.050132823464086762 ) ) ;
#4740 = AXIS2_PLACEMENT_3D ( 'NONE', #3637, #2533, #930 ) ;
#4741 = ORIENTED_EDGE ( 'NONE', *, *, #3207, .T. ) ;
#4742 = ADVANCED_BREP_SHAPE_REPRESENTATION ( 'ZMPT107-1', ( #1243, #654 ), #4248 ) ;
#4743 = ADVANCED_FACE ( 'NONE', ( #2999 ), #1751, .T. ) ;
#4744 = ORIENTED_EDGE ( 'NONE', *, *, #4348, .T. ) ;
#4745 = CARTESIAN_POINT ( 'NONE',  ( -1.669230769230768407, 18.19999999999999929, -2.710096153846154099 ) ) ;
#4746 = ORIENTED_EDGE ( 'NONE', *, *, #2146, .F. ) ;
#4747 = CARTESIAN_POINT ( 'NONE',  ( 2.738181368829333273, 18.10000000000000142, -3.102606032933265201 ) ) ;
#4748 = EDGE_CURVE ( 'NONE', #609, #3968, #4249, .T. ) ;
#4749 = CARTESIAN_POINT ( 'NONE',  ( 5.623076923076923528, 18.19999999999999574, -3.061538461538461320 ) ) ;
#4750 = EDGE_CURVE ( 'NONE', #4626, #1359, #4013, .T. ) ;
#4751 = ORIENTED_EDGE ( 'NONE', *, *, #1343, .F. ) ;
#4752 = ADVANCED_FACE ( 'NONE', ( #4373 ), #1635, .T. ) ;
#4753 = CARTESIAN_POINT ( 'NONE',  ( -7.047596153846152234, 18.10000000000000142, -3.123076923076922640 ) ) ;
#4754 = B_SPLINE_CURVE_WITH_KNOTS ( 'NONE', 3,
 ( #2486, #4893, #99, #472, #3338, #1760, #4791, #551, #4371, #3232, #529 ),
 .UNSPECIFIED., .F., .F.,
 ( 4, 1, 1, 1, 1, 1, 1, 1, 4 ),
 ( 0.000000000000000000, 0.09742066817721473093, 0.2008855880393206617, 0.3111719701726506360, 0.4297979458253731733, 0.5577399263645876903, 0.6947152693641586163, 0.8421299102060552100, 1.000000000000000000 ),
 .UNSPECIFIED. ) ;
#4755 = LINE ( 'NONE', #62, #791 ) ;
#4756 = CARTESIAN_POINT ( 'NONE',  ( -5.099999999999998757, 18.19999999999999929, -1.363461538461538503 ) ) ;
#4757 = CARTESIAN_POINT ( 'NONE',  ( -2.288777541248401270, 18.10000000000000142, -3.389155956462528430 ) ) ;
#4758 = VERTEX_POINT ( 'NONE', #2780 ) ;
#4759 = EDGE_LOOP ( 'NONE', ( #2945, #1233, #2988, #2373 ) ) ;
#4760 = CARTESIAN_POINT ( 'NONE',  ( 3.495164451837819097, 18.19999999999999929, -3.382794865329382006 ) ) ;
#4761 = CARTESIAN_POINT ( 'NONE',  ( 7.853327119348947782, 18.20000000000000284, -2.667418883870759760 ) ) ;
#4762 = ADVANCED_FACE ( 'NONE', ( #3870 ), #345, .F. ) ;
#4763 =( NAMED_UNIT ( * ) PLANE_ANGLE_UNIT ( ) SI_UNIT ( $, .RADIAN. ) );
#4764 = CARTESIAN_POINT ( 'NONE',  ( 5.714791435241681761, 18.20000000000000284, -2.834681568967945431 ) ) ;
#4765 = DIRECTION ( 'NONE',  ( 0.000000000000000000, 0.000000000000000000, 1.000000000000000000 ) ) ;
#4766 = DIRECTION ( 'NONE',  ( -0.000000000000000000, 1.000000000000000000, -0.000000000000000000 ) ) ;
#4767 = B_SPLINE_CURVE_WITH_KNOTS ( 'NONE', 3,
 ( #2012, #2748, #853, #3885, #2703, #4761, #754, #3510, #5075, #3963, #1558 ),
 .UNSPECIFIED., .F., .F.,
 ( 4, 1, 1, 1, 1, 1, 1, 1, 4 ),
 ( 0.000000000000000000, 0.1116703001015870167, 0.2320944808560166661, 0.3627434591045527457, 0.5025575097108875289, 0.6415251033312805440, 0.7710984952996702280, 0.8901617573732529820, 0.9999999999999998890 ),
 .UNSPECIFIED. ) ;
#4768 = CARTESIAN_POINT ( 'NONE',  ( 3.971827724574696017, 18.10000000000000853, -2.937995849593503905 ) ) ;
#4769 = PLANE ( 'NONE',  #4157 ) ;
#4770 = EDGE_CURVE ( 'NONE', #1353, #1912, #2403, .T. ) ;
#4771 = ORIENTED_EDGE ( 'NONE', *, *, #1066, .T. ) ;
#4772 = CARTESIAN_POINT ( 'NONE',  ( -2.023795046082792037, 18.09999999999999432, -2.840371754952137007 ) ) ;
#4773 = EDGE_LOOP ( 'NONE', ( #3152, #2528, #4148, #1416 ) ) ;
#4774 = EDGE_LOOP ( 'NONE', ( #1107, #3114, #3154, #292, #4446 ) ) ;
#4775 = CARTESIAN_POINT ( 'NONE',  ( 5.554683873739917566, 18.19999999999999574, -2.570725532689420501 ) ) ;
#4776 = ORIENTED_EDGE ( 'NONE', *, *, #2663, .F. ) ;
#4777 = CARTESIAN_POINT ( 'NONE',  ( 2.931392159653424034, 18.19999999999998863, -3.299328212117354386 ) ) ;
#4778 = AXIS2_PLACEMENT_3D ( 'NONE', #3705, #1753, #4886 ) ;
#4779 = B_SPLINE_CURVE_WITH_KNOTS ( 'NONE', 3,
 ( #1689, #2130, #4477, #4873, #956, #2534, #3262, #3688, #4101, #583, #2157, #3715, #180, #262, #3735, #4949, #5027, #634, #1483 ),
 .UNSPECIFIED., .F., .F.,
 ( 4, 1, 1, 1, 1, 1, 1, 1, 1, 1, 1, 1, 1, 1, 1, 1, 4 ),
 ( 0.000000000000000000, 0.05804806865914741154, 0.1142127550191539831, 0.1688916471752764659, 0.2226262701242400499, 0.2756512298918109560, 0.3287250271459031814, 0.3816587912372608749, 0.4359534350342106901, 0.4912638558489657581, 0.5489925911805690895, 0.6104165486580293010, 0.6762479649809728377, 0.7474094740183927499, 0.8248664857445539011, 0.9090259917114393851, 1.000000000000000000 ),
 .UNSPECIFIED. ) ;
#4780 = FACE_OUTER_BOUND ( 'NONE', #1255, .T. ) ;
#4781 = CLOSED_SHELL ( 'NONE', ( #4896, #1091, #2502, #4220, #3740, #4538, #1854, #2352, #4869, #4278, #745, #1338, #3845, #3525, #842, #490, #2993, #1825, #3428, #2330, #3934, #1261, #3481, #404, #144, #516, #1808, #299, #570, #3831, #2029, #1, #3686, #339, #4109, #2724, #3471, #5072, #994, #2995, #4064, #1322, #521, #1804, #4277, #1102, #2079, #301, #3108, #5031, #475, #527, #1860, #4659, #2705, #4215, #1050, #3986, #2004, #4856, #1108, #2760, #204, #699, #4743, #2661, #4965, #4597, #1004, #1759, #2858, #4907, #1884, #3340, #4423, #4305, #3429, #2409, #2243, #2477, #3687, #3081, #2512, #1271, #3537, #1608, #2908, #4752, #2257, #1171, #1916, #2022, #4382, #1279, #1920, #2402, #4113, #2696, #19, #1105, #847, #2818, #3678, #5042, #594, #2144, #3572, #93, #4685, #3166, #4699, #4737, #242, #4671, #1433, #4762, #2823, #4060, #4225, #4584, #463, #3391, #3043, #4115, #4319, #3261 ) ) ;
#4782 = EDGE_LOOP ( 'NONE', ( #2054, #1591, #4518, #662 ) ) ;
#4783 = CARTESIAN_POINT ( 'NONE',  ( 3.578481221751953267, 18.10000000000000497, -3.357958215618551012 ) ) ;
#4784 = CARTESIAN_POINT ( 'NONE',  ( 5.912657523429853512, 18.19999999999999929, -3.099012180496111935 ) ) ;
#4785 = PLANE ( 'NONE',  #960 ) ;
#4786 = PRESENTATION_STYLE_ASSIGNMENT (( #523 ) ) ;
#4787 = VERTEX_POINT ( 'NONE', #1923 ) ;
#4788 = CARTESIAN_POINT ( 'NONE',  ( 4.027872568978658308, 18.20000000000000284, -2.762508489879472062 ) ) ;
#4789 = CARTESIAN_POINT ( 'NONE',  ( 3.769763934172928543, 18.20000000000000639, -2.440226390517214572 ) ) ;
#4790 = SURFACE_STYLE_USAGE ( .BOTH. , #1606 ) ;
#4791 = CARTESIAN_POINT ( 'NONE',  ( 2.576922501824455480, 18.19999999999999929, -1.734067893245186065 ) ) ;
#4792 = CARTESIAN_POINT ( 'NONE',  ( -1.669230769230768407, 18.19999999999999929, -2.710096153846154099 ) ) ;
#4793 = PLANE ( 'NONE',  #4851 ) ;
#4794 = VERTEX_POINT ( 'NONE', #4206 ) ;
#4795 = CARTESIAN_POINT ( 'NONE',  ( -8.149999999999998579, 0.000000000000000000, 3.599999999999999201 ) ) ;
#4796 = DIRECTION ( 'NONE',  ( 0.000000000000000000, 0.000000000000000000, -1.000000000000000000 ) ) ;
#4797 = VERTEX_POINT ( 'NONE', #5038 ) ;
#4798 = CARTESIAN_POINT ( 'NONE',  ( 3.003292774680716537, 18.10000000000000142, -2.971672128905175736 ) ) ;
#4799 = EDGE_CURVE ( 'NONE', #4506, #2789, #2268, .T. ) ;
#4800 = ORIENTED_EDGE ( 'NONE', *, *, #896, .F. ) ;
#4801 = ORIENTED_EDGE ( 'NONE', *, *, #3278, .F. ) ;
#4802 = CARTESIAN_POINT ( 'NONE',  ( 5.069230769230770761, 18.10000000000000142, -1.000000000000000000 ) ) ;
#4803 = CARTESIAN_POINT ( 'NONE',  ( 3.952386021636274727, 18.19999999999999218, -1.375905499918116837 ) ) ;
#4804 = CARTESIAN_POINT ( 'NONE',  ( 1.327820251214496539, 18.20000000000000284, -3.078022637135052086 ) ) ;
#4805 = EDGE_CURVE ( 'NONE', #1315, #1222, #3052, .T. ) ;
#4806 = CARTESIAN_POINT ( 'NONE',  ( 3.409183886520096962, 18.09999999999999787, -1.255977642365009084 ) ) ;
#4807 = ORIENTED_EDGE ( 'NONE', *, *, #5064, .T. ) ;
#4808 = CARTESIAN_POINT ( 'NONE',  ( 3.848041715359038495, 18.19999999999999574, -3.169785965656528592 ) ) ;
#4809 = CARTESIAN_POINT ( 'NONE',  ( 5.821976914736358033, 18.10000000000000142, -2.986726882879906508 ) ) ;
#4810 = EDGE_CURVE ( 'NONE', #1241, #878, #321, .T. ) ;
#4811 = LINE ( 'NONE', #3602, #471 ) ;
#4812 = CARTESIAN_POINT ( 'NONE',  ( -2.288777541248401270, 18.19999999999999929, -3.389155956462528430 ) ) ;
#4813 = VERTEX_POINT ( 'NONE', #2015 ) ;
#4814 = STYLED_ITEM ( 'NONE', ( #4960 ), #1091 ) ;
#4815 = ORIENTED_EDGE ( 'NONE', *, *, #4611, .T. ) ;
#4816 = AXIS2_PLACEMENT_3D ( 'NONE', #2783, #389, #443 ) ;
#4817 = DIRECTION ( 'NONE',  ( -0.000000000000000000, 1.000000000000000000, 0.000000000000000000 ) ) ;
#4818 = CARTESIAN_POINT ( 'NONE',  ( 2.903631010677926394, 18.19999999999999574, -1.619593970782625014 ) ) ;
#4819 = CARTESIAN_POINT ( 'NONE',  ( -9.500000000000000000, 18.19999999999999929, -4.500000000000000888 ) ) ;
#4820 =( GEOMETRIC_REPRESENTATION_CONTEXT ( 3 ) GLOBAL_UNCERTAINTY_ASSIGNED_CONTEXT ( ( #3294 ) ) GLOBAL_UNIT_ASSIGNED_CONTEXT ( ( #25, #4690, #1226 ) ) REPRESENTATION_CONTEXT ( 'NONE', 'WORKASPACE' ) );
#4821 = DIRECTION ( 'NONE',  ( 0.000000000000000000, -1.000000000000000000, -0.000000000000000000 ) ) ;
#4822 = EDGE_CURVE ( 'NONE', #3985, #1403, #1493, .T. ) ;
#4823 = CARTESIAN_POINT ( 'NONE',  ( 5.623076923076923528, 18.10000000000000142, -3.061538461538461320 ) ) ;
#4824 = ORIENTED_EDGE ( 'NONE', *, *, #795, .T. ) ;
#4825 = CARTESIAN_POINT ( 'NONE',  ( -3.453846153846152678, 18.19999999999999929, -1.000000000000000000 ) ) ;
#4826 = CIRCLE ( 'NONE', #2599, 0.4000000000000001887 ) ;
#4827 = CARTESIAN_POINT ( 'NONE',  ( 2.558742542046325674, 18.10000000000000142, -1.874083075895056627 ) ) ;
#4828 = EDGE_CURVE ( 'NONE', #1973, #2839, #3074, .T. ) ;
#4829 = CARTESIAN_POINT ( 'NONE',  ( -2.134925810975867311, 18.10000000000000497, -3.361734319158221851 ) ) ;
#4830 = CARTESIAN_POINT ( 'NONE',  ( -5.099999999999998757, 18.10000000000000142, -1.363461538461538503 ) ) ;
#4831 = ORIENTED_EDGE ( 'NONE', *, *, #2340, .T. ) ;
#4832 = ORIENTED_EDGE ( 'NONE', *, *, #2884, .T. ) ;
#4833 = LINE ( 'NONE', #1747, #4260 ) ;
#4834 = CARTESIAN_POINT ( 'NONE',  ( -8.284615384615383604, 18.19999999999999929, -3.123076923076922640 ) ) ;
#4835 = AXIS2_PLACEMENT_3D ( 'NONE', #2586, #221, #2615 ) ;
#4836 = FACE_OUTER_BOUND ( 'NONE', #4920, .T. ) ;
#4837 = DIRECTION ( 'NONE',  ( -0.000000000000000000, 0.000000000000000000, 1.000000000000000000 ) ) ;
#4838 = ORIENTED_EDGE ( 'NONE', *, *, #4980, .T. ) ;
#4839 = B_SPLINE_CURVE_WITH_KNOTS ( 'NONE', 3,
 ( #2590, #3358, #2221, #3404, #2272, #195, #1078 ),
 .UNSPECIFIED., .F., .F.,
 ( 4, 1, 1, 1, 4 ),
 ( 0.000000000000000000, 0.3071626301099383283, 0.5768528599096822695, 0.8066330493509283883, 1.000000000000000000 ),
 .UNSPECIFIED. ) ;
#4840 = CARTESIAN_POINT ( 'NONE',  ( 4.083959067738040183, 18.10000000000000497, -2.268603173857155042 ) ) ;
#4841 = CARTESIAN_POINT ( 'NONE',  ( -2.535568354910453071, 18.10000000000000142, -3.399791788581822072 ) ) ;
#4842 = EDGE_LOOP ( 'NONE', ( #1618, #3553 ) ) ;
#4843 = ORIENTED_EDGE ( 'NONE', *, *, #248, .F. ) ;
#4844 = CARTESIAN_POINT ( 'NONE',  ( 3.680599199919254438, 18.19999999999999574, -2.882540098877089729 ) ) ;
#4845 = FACE_OUTER_BOUND ( 'NONE', #229, .T. ) ;
#4846 = DIRECTION ( 'NONE',  ( 0.000000000000000000, -1.000000000000000000, -0.000000000000000000 ) ) ;
#4847 = CARTESIAN_POINT ( 'NONE',  ( -6.623076923076922640, 18.19999999999999929, -3.399999999999999911 ) ) ;
#4848 = CARTESIAN_POINT ( 'NONE',  ( 5.398645684989978655, 18.09999999999999787, -2.779724442582470978 ) ) ;
#4849 = DIRECTION ( 'NONE',  ( -0.000000000000000000, 1.000000000000000000, -0.000000000000000000 ) ) ;
#4850 = CARTESIAN_POINT ( 'NONE',  ( 2.675179253312191641, 18.10000000000000142, -1.380966216061077168 ) ) ;
#4851 = AXIS2_PLACEMENT_3D ( 'NONE', #4073, #100, #553 ) ;
#4852 = CARTESIAN_POINT ( 'NONE',  ( 8.150000000000002132, 0.000000000000000000, 3.599999999999999201 ) ) ;
#4853 = ORIENTED_EDGE ( 'NONE', *, *, #948, .F. ) ;
#4854 = VERTEX_POINT ( 'NONE', #1542 ) ;
#4855 = CARTESIAN_POINT ( 'NONE',  ( 3.746351808084850799, 18.10000000000000497, -2.652444436438590181 ) ) ;
#4856 = ADVANCED_FACE ( 'NONE', ( #3174 ), #3581, .T. ) ;
#4857 = CARTESIAN_POINT ( 'NONE',  ( -2.008696322565684422, 18.09999999999999787, -2.650637481600564449 ) ) ;
#4858 = VECTOR ( 'NONE', #406, 1000.000000000000000 ) ;
#4859 = CARTESIAN_POINT ( 'NONE',  ( 3.315384615384616041, 18.10000000000000142, -3.399999999999999911 ) ) ;
#4860 = ORIENTED_EDGE ( 'NONE', *, *, #1978, .T. ) ;
#4861 = CIRCLE ( 'NONE', #2639, 0.3999999999999993006 ) ;
#4862 = CARTESIAN_POINT ( 'NONE',  ( 4.084615384615384315, 18.19999999999999929, -2.183653846153846168 ) ) ;
#4863 = CARTESIAN_POINT ( 'NONE',  ( -5.109360721970400476, 18.20000000000000284, -1.395909515061808159 ) ) ;
#4864 = ORIENTED_EDGE ( 'NONE', *, *, #418, .F. ) ;
#4865 = ORIENTED_EDGE ( 'NONE', *, *, #3227, .F. ) ;
#4866 = VERTEX_POINT ( 'NONE', #693 ) ;
#4867 = CARTESIAN_POINT ( 'NONE',  ( 3.746351808084850799, 18.10000000000000497, -2.652444436438590181 ) ) ;
#4868 = CARTESIAN_POINT ( 'NONE',  ( 8.423076923076923350, 18.10000000000000142, -1.000000000000000000 ) ) ;
#4869 = ADVANCED_FACE ( 'NONE', ( #3966 ), #857, .F. ) ;
#4870 = PLANE ( 'NONE',  #4092 ) ;
#4871 = EDGE_CURVE ( 'NONE', #3531, #1622, #1247, .T. ) ;
#4872 = CARTESIAN_POINT ( 'NONE',  ( -2.188635936447937969, 18.20000000000000284, -3.372070952871049521 ) ) ;
#4873 = CARTESIAN_POINT ( 'NONE',  ( -1.679757226774479584, 18.20000000000000639, -2.564420299337779152 ) ) ;
#4874 = ORIENTED_EDGE ( 'NONE', *, *, #1097, .F. ) ;
#4875 = DIRECTION ( 'NONE',  ( -0.000000000000000000, -1.000000000000000000, -0.000000000000000000 ) ) ;
#4876 = LINE ( 'NONE', #2184, #2351 ) ;
#4877 = PLANE ( 'NONE',  #2847 ) ;
#4878 = EDGE_CURVE ( 'NONE', #2324, #2223, #474, .T. ) ;
#4879 = ORIENTED_EDGE ( 'NONE', *, *, #4268, .T. ) ;
#4880 = DIRECTION ( 'NONE',  ( -0.000000000000000000, 0.000000000000000000, -1.000000000000000000 ) ) ;
#4881 = CARTESIAN_POINT ( 'NONE',  ( -2.161118834365878261, 18.10000000000000142, -2.348259864963057719 ) ) ;
#4882 = DIRECTION ( 'NONE',  ( -1.000000000000000000, 0.000000000000000000, 0.000000000000000000 ) ) ;
#4883 = VECTOR ( 'NONE', #805, 1000.000000000000000 ) ;
#4884 = CARTESIAN_POINT ( 'NONE',  ( 1.478456238563073732, 18.19999999999999929, -3.239679382850803258 ) ) ;
#4885 = VERTEX_POINT ( 'NONE', #5014 ) ;
#4886 = DIRECTION ( 'NONE',  ( 0.000000000000000000, 0.000000000000000000, 1.000000000000000000 ) ) ;
#4887 = CARTESIAN_POINT ( 'NONE',  ( -8.438461538461536904, 18.10000000000000142, -1.288461538461538547 ) ) ;
#4888 = CARTESIAN_POINT ( 'NONE',  ( 4.084615384615384315, 18.19999999999999929, -2.183653846153846168 ) ) ;
#4889 = ORIENTED_EDGE ( 'NONE', *, *, #649, .T. ) ;
#4890 = CARTESIAN_POINT ( 'NONE',  ( 3.499599533645422866, 18.19999999999999929, -3.077129742952577462 ) ) ;
#4891 = CARTESIAN_POINT ( 'NONE',  ( 3.056396222752959524, 18.10000000000000142, -1.347073402194445491 ) ) ;
#4892 = CARTESIAN_POINT ( 'NONE',  ( 4.051490463516257634, 18.20000000000000284, -1.721598259523441810 ) ) ;
#4893 = CARTESIAN_POINT ( 'NONE',  ( 2.760306203006934744, 18.19999999999999929, -1.227918436977513572 ) ) ;
#4894 = CARTESIAN_POINT ( 'NONE',  ( 7.561538461538461320, 18.10000000000000142, -2.799999999999999822 ) ) ;
#4895 = AXIS2_PLACEMENT_3D ( 'NONE', #4887, #4567, #1054 ) ;
#4896 = ADVANCED_FACE ( 'NONE', ( #71 ), #3821, .T. ) ;
#4897 = CARTESIAN_POINT ( 'NONE',  ( 3.296123749261761215, 18.10000000000000142, -3.122659729431333187 ) ) ;
#4898 = ORIENTED_EDGE ( 'NONE', *, *, #4365, .T. ) ;
#4899 = DIRECTION ( 'NONE',  ( 0.6040421959287953779, 0.000000000000000000, -0.7969523358002778002 ) ) ;
#4900 = CARTESIAN_POINT ( 'NONE',  ( 2.992788461538461675, 18.10000000000000142, -2.958653846153846079 ) ) ;
#4901 = VECTOR ( 'NONE', #3929, 1000.000000000000000 ) ;
#4902 = CARTESIAN_POINT ( 'NONE',  ( -7.198140329621732114, 18.09999999999999787, -2.924163884963882243 ) ) ;
#4903 = ORIENTED_EDGE ( 'NONE', *, *, #840, .T. ) ;
#4904 = CARTESIAN_POINT ( 'NONE',  ( 3.615326654806911844, 18.10000000000000142, -2.980426335184347408 ) ) ;
#4905 = VECTOR ( 'NONE', #1029, 1000.000000000000000 ) ;
#4906 = ORIENTED_EDGE ( 'NONE', *, *, #4750, .T. ) ;
#4907 = ADVANCED_FACE ( 'NONE', ( #984 ), #3260, .F. ) ;
#4908 = CARTESIAN_POINT ( 'NONE',  ( -2.243077434865247355, 18.10000000000000142, -2.304940609253527395 ) ) ;
#4909 = CARTESIAN_POINT ( 'NONE',  ( 7.069230769230770761, 18.10000000000000142, -1.984615384615384670 ) ) ;
#4910 = DIRECTION ( 'NONE',  ( -0.000000000000000000, 1.000000000000000000, -0.000000000000000000 ) ) ;
#4911 = VECTOR ( 'NONE', #1486, 1000.000000000000000 ) ;
#4912 = PLANE ( 'NONE',  #5001 ) ;
#4913 = ORIENTED_EDGE ( 'NONE', *, *, #197, .F. ) ;
#4914 = CARTESIAN_POINT ( 'NONE',  ( 3.824979434512996157, 18.10000000000000497, -1.176200577224048249 ) ) ;
#4915 = AXIS2_PLACEMENT_3D ( 'NONE', #4331, #3080, #3452 ) ;
#4916 = CARTESIAN_POINT ( 'NONE',  ( -2.468977492850748412, 18.20000000000000284, -2.262668106604234008 ) ) ;
#4917 = EDGE_CURVE ( 'NONE', #2182, #2726, #578, .T. ) ;
#4918 = CARTESIAN_POINT ( 'NONE',  ( -4.988580291537190625, 18.19999999999999929, -1.724345899647210079 ) ) ;
#4919 = VECTOR ( 'NONE', #2628, 1000.000000000000000 ) ;
#4920 = EDGE_LOOP ( 'NONE', ( #2453, #4472, #4289, #2224 ) ) ;
#4921 = CARTESIAN_POINT ( 'NONE',  ( 3.574335215015275846, 18.09999999999999432, -1.347121170653132527 ) ) ;
#4922 = EDGE_CURVE ( 'NONE', #4689, #3028, #2419, .T. ) ;
#4923 = CARTESIAN_POINT ( 'NONE',  ( 2.854736489200973892, 18.10000000000000497, -2.050092808991535787 ) ) ;
#4924 = CARTESIAN_POINT ( 'NONE',  ( 3.536173490359094895, 18.20000000000000284, -1.315883382131455948 ) ) ;
#4925 = CARTESIAN_POINT ( 'NONE',  ( 2.886654477288478571, 18.19999999999999929, -2.657326307023503809 ) ) ;
#4926 = CARTESIAN_POINT ( 'NONE',  ( -3.115384615384614531, 18.10000000000000142, -2.261538461538461497 ) ) ;
#4927 = ORIENTED_EDGE ( 'NONE', *, *, #3308, .T. ) ;
#4928 = PLANE ( 'NONE',  #251 ) ;
#4929 = VERTEX_POINT ( 'NONE', #4847 ) ;
#4930 = FACE_OUTER_BOUND ( 'NONE', #1194, .T. ) ;
#4931 = B_SPLINE_CURVE_WITH_KNOTS ( 'NONE', 3,
 ( #1667, #3943, #1168, #2753, #3236, #3539, #832, #4321, #811, #1638, #1611 ),
 .UNSPECIFIED., .F., .F.,
 ( 4, 1, 1, 1, 1, 1, 1, 1, 4 ),
 ( 0.000000000000000000, 0.1116703001015872665, 0.2320944808560171935, 0.3627434591045535783, 0.5025575097108865297, 0.6415251033312820983, 0.7710984952996698949, 0.8901617573732528710, 1.000000000000000000 ),
 .UNSPECIFIED. ) ;
#4932 = CARTESIAN_POINT ( 'NONE',  ( 5.623076923076923528, 18.10000000000000142, -3.061538461538461320 ) ) ;
#4933 = DIRECTION ( 'NONE',  ( -0.000000000000000000, 0.000000000000000000, 1.000000000000000000 ) ) ;
#4934 = CIRCLE ( 'NONE', #1395, 0.5000000000000004441 ) ;
#4935 = VERTEX_POINT ( 'NONE', #1762 ) ;
#4936 = CARTESIAN_POINT ( 'NONE',  ( -6.623076923076922640, 18.10000000000000142, -3.399999999999999911 ) ) ;
#4937 = CARTESIAN_POINT ( 'NONE',  ( -4.284615384615384492, 18.19999999999999929, -1.000000000000000000 ) ) ;
#4938 = DIRECTION ( 'NONE',  ( 0.000000000000000000, 0.000000000000000000, 1.000000000000000000 ) ) ;
#4939 = FACE_OUTER_BOUND ( 'NONE', #2407, .T. ) ;
#4940 = ORIENTED_EDGE ( 'NONE', *, *, #310, .T. ) ;
#4941 = CARTESIAN_POINT ( 'NONE',  ( 4.077285751806663860, 18.20000000000000284, -2.427461949620420167 ) ) ;
#4942 = CARTESIAN_POINT ( 'NONE',  ( -8.149999999999923972, -3.000000000000000000, -3.600000000000000977 ) ) ;
#4943 = CARTESIAN_POINT ( 'NONE',  ( 0.9153846153846165734, 18.19999999999999929, -2.516346153846153566 ) ) ;
#4944 = VERTEX_POINT ( 'NONE', #2829 ) ;
#4945 = CARTESIAN_POINT ( 'NONE',  ( 3.312019230769231104, 18.10000000000000142, -3.123076923076922640 ) ) ;
#4946 = PLANE ( 'NONE',  #4312 ) ;
#4947 = CARTESIAN_POINT ( 'NONE',  ( 3.610879582105718466, 18.20000000000000284, -1.383712464797439257 ) ) ;
#4948 = CARTESIAN_POINT ( 'NONE',  ( 5.069230769230770761, 18.19999999999999929, -1.000000000000000000 ) ) ;
#4949 = CARTESIAN_POINT ( 'NONE',  ( -2.305549364443250315, 18.20000000000000284, -1.995799602201253187 ) ) ;
#4950 = EDGE_LOOP ( 'NONE', ( #1062, #718, #742, #3150 ) ) ;
#4951 = CARTESIAN_POINT ( 'NONE',  ( -2.291880202924505117, 18.19999999999999574, -2.289368416125960426 ) ) ;
#4952 = CARTESIAN_POINT ( 'NONE',  ( -1.740696577042468496, 18.09999999999999787, -2.365796219461367755 ) ) ;
#4953 = PLANE ( 'NONE',  #41 ) ;
#4954 = DIRECTION ( 'NONE',  ( -0.000000000000000000, 1.000000000000000000, -0.000000000000000000 ) ) ;
#4955 = CYLINDRICAL_SURFACE ( 'NONE', #3170, 0.5000000000000004441 ) ;
#4956 = CARTESIAN_POINT ( 'NONE',  ( -7.047596153846152234, 18.19999999999999929, -3.123076923076922640 ) ) ;
#4957 = CARTESIAN_POINT ( 'NONE',  ( -1.738782968608385993, 18.10000000000000497, -3.035327045240470589 ) ) ;
#4958 = FACE_OUTER_BOUND ( 'NONE', #1346, .T. ) ;
#4959 = ORIENTED_EDGE ( 'NONE', *, *, #1228, .F. ) ;
#4960 = PRESENTATION_STYLE_ASSIGNMENT (( #1850 ) ) ;
#4961 = CARTESIAN_POINT ( 'NONE',  ( -2.007692307692306777, 18.19999999999999929, -2.700480769230769074 ) ) ;
#4962 = EDGE_CURVE ( 'NONE', #1961, #1716, #4455, .T. ) ;
#4963 = LINE ( 'NONE', #1443, #801 ) ;
#4964 = EDGE_LOOP ( 'NONE', ( #108, #4337, #4096, #3402 ) ) ;
#4965 = ADVANCED_FACE ( 'NONE', ( #4476 ), #4023, .T. ) ;
#4966 = LINE ( 'NONE', #1103, #788 ) ;
#4967 = CARTESIAN_POINT ( 'NONE',  ( -0.3153846153846149303, 18.10000000000000142, -1.000000000000000000 ) ) ;
#4968 = FACE_OUTER_BOUND ( 'NONE', #3545, .T. ) ;
#4969 = SURFACE_STYLE_FILL_AREA ( #3410 ) ;
#4970 = FACE_OUTER_BOUND ( 'NONE', #5110, .T. ) ;
#4971 = ORIENTED_EDGE ( 'NONE', *, *, #3326, .F. ) ;
#4972 = ORIENTED_EDGE ( 'NONE', *, *, #2769, .T. ) ;
#4973 = LINE ( 'NONE', #2987, #504 ) ;
#4974 = ORIENTED_EDGE ( 'NONE', *, *, #1698, .F. ) ;
#4975 = CARTESIAN_POINT ( 'NONE',  ( -3.453846153846152678, 18.10000000000000142, -3.399999999999999911 ) ) ;
#4976 = CARTESIAN_POINT ( 'NONE',  ( -1.669760732007673720, 18.19999999999999929, -2.685229055820534505 ) ) ;
#4977 = CARTESIAN_POINT ( 'NONE',  ( 3.744772185262533970, 18.19999999999998863, -1.101482954560117244 ) ) ;
#4978 = EDGE_CURVE ( 'NONE', #1098, #1563, #4100, .T. ) ;
#4979 = DIRECTION ( 'NONE',  ( 0.000000000000000000, 0.000000000000000000, -1.000000000000000000 ) ) ;
#4980 = EDGE_CURVE ( 'NONE', #2903, #1051, #911, .T. ) ;
#4981 = AXIS2_PLACEMENT_3D ( 'NONE', #2922, #4493, #974 ) ;
#4982 = ORIENTED_EDGE ( 'NONE', *, *, #2097, .T. ) ;
#4983 = CYLINDRICAL_SURFACE ( 'NONE', #4189, 0.3999999999999993006 ) ;
#4984 = EDGE_CURVE ( 'NONE', #4579, #4712, #3339, .T. ) ;
#4985 =( LENGTH_UNIT ( ) NAMED_UNIT ( * ) SI_UNIT ( .MILLI., .METRE. ) );
#4986 = VECTOR ( 'NONE', #999, 1000.000000000000114 ) ;
#4987 = CARTESIAN_POINT ( 'NONE',  ( 4.084615384615384315, 18.10000000000000142, -2.183653846153846168 ) ) ;
#4988 = LINE ( 'NONE', #2585, #1785 ) ;
#4989 = CARTESIAN_POINT ( 'NONE',  ( 3.745478666341328644, 18.19999999999999574, -1.709391010091495966 ) ) ;
#4990 = CIRCLE ( 'NONE', #293, 0.5000000000000004441 ) ;
#4991 = EDGE_LOOP ( 'NONE', ( #380, #2464, #1593, #4744 ) ) ;
#4992 = CARTESIAN_POINT ( 'NONE',  ( 2.547071005808292821, 18.10000000000000142, -2.285127785442878867 ) ) ;
#4993 = B_SPLINE_SURFACE_WITH_KNOTS ( 'NONE', 3, 1, ( 
 ( #4711, #1589 ),
 ( #3213, #2757 ),
 ( #3563, #5106 ),
 ( #4772, #1252 ),
 ( #5055, #2811 ),
 ( #4664, #4324 ),
 ( #3180, #1193 ),
 ( #4739, #813 ),
 ( #1147, #1223 ),
 ( #2786, #834 ),
 ( #4276, #2408 ) ),
 .UNSPECIFIED., .F., .F., .F.,
 ( 4, 1, 1, 1, 1, 1, 1, 1, 4 ),
 ( 2, 2 ),
 ( 0.000000000000000000, 0.1428946013811196736, 0.2768798469236291027, 0.4054067255101092004, 0.5318333729300085411, 0.6542249868698871706, 0.7698109407908962920, 0.8841096717431483620, 1.000000000000000000 ),
 ( 0.000000000000000000, 1.000000000000000000 ),
 .UNSPECIFIED. ) ;
#4994 = FACE_OUTER_BOUND ( 'NONE', #3736, .T. ) ;
#4995 = VECTOR ( 'NONE', #3397, 1000.000000000000114 ) ;
#4996 = CARTESIAN_POINT ( 'NONE',  ( -3.453846153846152678, 18.10000000000000142, -3.399999999999999911 ) ) ;
#4997 = ORIENTED_EDGE ( 'NONE', *, *, #5029, .T. ) ;
#4998 = CARTESIAN_POINT ( 'NONE',  ( -1.423076923076922684, 18.19999999999999929, -3.123076923076922640 ) ) ;
#4999 = CARTESIAN_POINT ( 'NONE',  ( -2.572115384615383693, 18.10000000000000142, -3.399999999999999911 ) ) ;
#5000 = CARTESIAN_POINT ( 'NONE',  ( 2.779326923076924416, 18.10000000000000142, -1.200480769230769296 ) ) ;
#5001 = AXIS2_PLACEMENT_3D ( 'NONE', #2191, #1415, #2918 ) ;
#5002 = SURFACE_STYLE_USAGE ( .BOTH. , #279 ) ;
#5003 = CARTESIAN_POINT ( 'NONE',  ( -8.284615384615383604, 18.19999999999999929, -3.399999999999999911 ) ) ;
#5004 = ORIENTED_EDGE ( 'NONE', *, *, #5057, .F. ) ;
#5005 = CARTESIAN_POINT ( 'NONE',  ( 0.4538461538461536215, 18.10000000000000142, -3.399999999999999911 ) ) ;
#5006 = LINE ( 'NONE', #1456, #2005 ) ;
#5007 = CARTESIAN_POINT ( 'NONE',  ( -7.093471189335661897, 18.10000000000000142, -3.061967754530907637 ) ) ;
#5008 = LINE ( 'NONE', #1113, #4911 ) ;
#5009 = CARTESIAN_POINT ( 'NONE',  ( 2.957202061001956039, 18.20000000000000639, -2.899156975764275224 ) ) ;
#5010 = B_SPLINE_CURVE_WITH_KNOTS ( 'NONE', 3,
 ( #4509, #558, #105, #588, #3266, #2135, #2868, #1767, #4436, #4798, #2538 ),
 .UNSPECIFIED., .F., .F.,
 ( 4, 1, 1, 1, 1, 1, 1, 1, 4 ),
 ( 0.000000000000000000, 0.1276647678962224419, 0.2517385630080476999, 0.3727533493873912418, 0.4921467589723853009, 0.6140696213092442513, 0.7371973244121078350, 0.8656069906011173432, 1.000000000000000000 ),
 .UNSPECIFIED. ) ;
#5011 = AXIS2_PLACEMENT_3D ( 'NONE', #139, #562, #4512 ) ;
#5012 = CARTESIAN_POINT ( 'NONE',  ( 4.083682586835209349, 18.19999999999998153, -2.082823203790411082 ) ) ;
#5013 = CARTESIAN_POINT ( 'NONE',  ( -2.058880598214879676, 18.19999999999999929, -3.336814937498076894 ) ) ;
#5014 = CARTESIAN_POINT ( 'NONE',  ( -2.527403846153844835, 18.10000000000000142, -1.984615384615384670 ) ) ;
#5015 = EDGE_LOOP ( 'NONE', ( #143, #464, #3483, #3950 ) ) ;
#5016 = VECTOR ( 'NONE', #182, 1000.000000000000114 ) ;
#5017 = DIRECTION ( 'NONE',  ( 0.3035516742042339566, 0.000000000000000000, 0.9528149773632897945 ) ) ;
#5018 = PLANE ( 'NONE',  #4325 ) ;
#5019 = CARTESIAN_POINT ( 'NONE',  ( 3.456365126191363490, 18.19999999999999574, -3.098145640656293054 ) ) ;
#5020 = DIRECTION ( 'NONE',  ( -1.000000000000000000, 0.000000000000000000, 0.000000000000000000 ) ) ;
#5021 = CARTESIAN_POINT ( 'NONE',  ( -8.438461538461536904, 18.10000000000000142, -1.288461538461538547 ) ) ;
#5022 = CARTESIAN_POINT ( 'NONE',  ( 2.981352469133486505, 18.19999999999999929, -2.939534020949919224 ) ) ;
#5023 = VECTOR ( 'NONE', #568, 1000.000000000000000 ) ;
#5024 =( NAMED_UNIT ( * ) PLANE_ANGLE_UNIT ( ) SI_UNIT ( $, .RADIAN. ) );
#5025 = ORIENTED_EDGE ( 'NONE', *, *, #1505, .T. ) ;
#5026 = ORIENTED_EDGE ( 'NONE', *, *, #1334, .F. ) ;
#5027 = CARTESIAN_POINT ( 'NONE',  ( -2.413443195616157944, 18.19999999999999929, -1.986541358438716820 ) ) ;
#5028 = CARTESIAN_POINT ( 'NONE',  ( -2.014740005763263841, 18.10000000000000497, -2.602766433804082347 ) ) ;
#5029 = EDGE_CURVE ( 'NONE', #260, #1023, #451, .T. ) ;
#5030 = CARTESIAN_POINT ( 'NONE',  ( -1.905715178691937517, 18.09999999999999432, -2.143419369769263838 ) ) ;
#5031 = ADVANCED_FACE ( 'NONE', ( #2577, #2984 ), #3762, .T. ) ;
#5032 = CARTESIAN_POINT ( 'NONE',  ( -3.115384615384614531, 18.10000000000000142, -1.984615384615384670 ) ) ;
#5033 = VECTOR ( 'NONE', #4151, 1000.000000000000000 ) ;
#5034 = CARTESIAN_POINT ( 'NONE',  ( 2.855380985515227454, 18.20000000000000995, -2.316566826530490175 ) ) ;
#5035 = CARTESIAN_POINT ( 'NONE',  ( 5.069230769230770761, 18.10000000000000142, -1.000000000000000000 ) ) ;
#5036 = EDGE_CURVE ( 'NONE', #3613, #1482, #1715, .T. ) ;
#5037 = FACE_OUTER_BOUND ( 'NONE', #2964, .T. ) ;
#5038 = CARTESIAN_POINT ( 'NONE',  ( 4.761538461538461497, 18.19999999999999929, -1.000000000000000000 ) ) ;
#5039 = VERTEX_POINT ( 'NONE', #308 ) ;
#5040 = LINE ( 'NONE', #1828, #3505 ) ;
#5041 = DIRECTION ( 'NONE',  ( 0.000000000000000000, 0.000000000000000000, -1.000000000000000000 ) ) ;
#5042 = ADVANCED_FACE ( 'NONE', ( #3368 ), #1032, .T. ) ;
#5043 = CARTESIAN_POINT ( 'NONE',  ( 2.872436391460736260, 18.10000000000000142, -2.554772537676874844 ) ) ;
#5044 = DIRECTION ( 'NONE',  ( -0.000000000000000000, 0.000000000000000000, 1.000000000000000000 ) ) ;
#5045 = CARTESIAN_POINT ( 'NONE',  ( 5.007058103050393782, 18.20000000000000284, -2.066973838400183006 ) ) ;
#5046 = ORIENTED_EDGE ( 'NONE', *, *, #1640, .F. ) ;
#5047 = ORIENTED_EDGE ( 'NONE', *, *, #1500, .T. ) ;
#5048 = CARTESIAN_POINT ( 'NONE',  ( 4.064467753073575551, 18.09999999999999787, -1.804697346004014991 ) ) ;
#5049 = CARTESIAN_POINT ( 'NONE',  ( 0.4538461538461536215, 18.19999999999999929, -3.399999999999999911 ) ) ;
#5050 = CARTESIAN_POINT ( 'NONE',  ( -1.905715178691937517, 18.19999999999999574, -2.143419369769263838 ) ) ;
#5051 = DIRECTION ( 'NONE',  ( 0.000000000000000000, 0.000000000000000000, -1.000000000000000000 ) ) ;
#5052 = FACE_OUTER_BOUND ( 'NONE', #1774, .T. ) ;
#5053 = CARTESIAN_POINT ( 'NONE',  ( -2.542307692307691713, 18.10000000000000142, -3.123076923076922640 ) ) ;
#5054 = CARTESIAN_POINT ( 'NONE',  ( 3.154487628615804340, 18.09999999999999076, -0.9820538248941480530 ) ) ;
#5055 = CARTESIAN_POINT ( 'NONE',  ( -2.045738728102359349, 18.10000000000000497, -2.903315925913474871 ) ) ;
#5056 = CARTESIAN_POINT ( 'NONE',  ( -7.047596153846152234, 18.10000000000000142, -3.123076923076922640 ) ) ;
#5057 = EDGE_CURVE ( 'NONE', #3700, #4638, #1812, .T. ) ;
#5058 = VERTEX_POINT ( 'NONE', #5003 ) ;
#5059 = AXIS2_PLACEMENT_3D ( 'NONE', #1895, #238, #1511 ) ;
#5060 = DIRECTION ( 'NONE',  ( 0.000000000000000000, 0.000000000000000000, 1.000000000000000000 ) ) ;
#5061 = VECTOR ( 'NONE', #460, 1000.000000000000000 ) ;
#5062 = CARTESIAN_POINT ( 'NONE',  ( -9.500000000000000000, 18.19999999999999929, -5.000000000000000000 ) ) ;
#5063 = AXIS2_PLACEMENT_3D ( 'NONE', #4852, #934, #1670 ) ;
#5064 = EDGE_CURVE ( 'NONE', #761, #2223, #1786, .T. ) ;
#5065 = CARTESIAN_POINT ( 'NONE',  ( -5.144633445661981774, 18.09999999999999787, -1.511192905079860926 ) ) ;
#5066 = VECTOR ( 'NONE', #4344, 1000.000000000000000 ) ;
#5067 = CARTESIAN_POINT ( 'NONE',  ( 7.675768051220906329, 18.10000000000000853, -2.858828467379157967 ) ) ;
#5068 = B_SPLINE_SURFACE_WITH_KNOTS ( 'NONE', 3, 1, ( 
 ( #2830, #3234 ),
 ( #4897, #4431 ),
 ( #2909, #502 ),
 ( #4505, #2488 ),
 ( #1299, #2887 ),
 ( #4402, #4048 ),
 ( #1763, #3996 ),
 ( #3612, #4456 ),
 ( #72, #2103 ),
 ( #3661, #130 ),
 ( #1714, #1740 ) ),
 .UNSPECIFIED., .F., .F., .F.,
 ( 4, 1, 1, 1, 1, 1, 1, 1, 4 ),
 ( 2, 2 ),
 ( 0.000000000000000000, 0.1276647678962224419, 0.2517385630080476999, 0.3727533493873912418, 0.4921467589723853009, 0.6140696213092442513, 0.7371973244121078350, 0.8656069906011173432, 1.000000000000000000 ),
 ( 0.000000000000000000, 1.000000000000000000 ),
 .UNSPECIFIED. ) ;
#5069 = DIRECTION ( 'NONE',  ( -0.000000000000000000, -1.000000000000000000, -0.000000000000000000 ) ) ;
#5070 = AXIS2_PLACEMENT_3D ( 'NONE', #3631, #1627, #2901 ) ;
#5071 = ORIENTED_EDGE ( 'NONE', *, *, #2417, .F. ) ;
#5072 = ADVANCED_FACE ( 'NONE', ( #4970 ), #1009, .T. ) ;
#5073 = ORIENTED_EDGE ( 'NONE', *, *, #946, .T. ) ;
#5074 = DIRECTION ( 'NONE',  ( 0.000000000000000000, 0.000000000000000000, -1.000000000000000000 ) ) ;
#5075 = CARTESIAN_POINT ( 'NONE',  ( 7.630574256133987099, 18.19999999999999929, -2.544743598796537665 ) ) ;
#5076 = VECTOR ( 'NONE', #1876, 1000.000000000000000 ) ;
#5077 = DIRECTION ( 'NONE',  ( 0.000000000000000000, 0.000000000000000000, 1.000000000000000000 ) ) ;
#5078 = VECTOR ( 'NONE', #3534, 1000.000000000000000 ) ;
#5079 =( GEOMETRIC_REPRESENTATION_CONTEXT ( 3 ) GLOBAL_UNCERTAINTY_ASSIGNED_CONTEXT ( ( #2467 ) ) GLOBAL_UNIT_ASSIGNED_CONTEXT ( ( #3436, #5024, #770 ) ) REPRESENTATION_CONTEXT ( 'NONE', 'WORKASPACE' ) );
#5080 = CARTESIAN_POINT ( 'NONE',  ( 4.761538461538461497, 18.10000000000000142, -1.000000000000000000 ) ) ;
#5081 = CARTESIAN_POINT ( 'NONE',  ( 3.315384615384616041, 18.10000000000000142, -3.399999999999999911 ) ) ;
#5082 = ORIENTED_EDGE ( 'NONE', *, *, #3326, .T. ) ;
#5083 = CARTESIAN_POINT ( 'NONE',  ( 8.225000000000001421, 18.19999999999999929, -3.399999999999999911 ) ) ;
#5084 = B_SPLINE_CURVE_WITH_KNOTS ( 'NONE', 3,
 ( #3035, #1447, #3454, #3008, #4600, #231, #4622, #1057, #2574, #701, #726, #1081, #2648, #4214, #1503 ),
 .UNSPECIFIED., .F., .F.,
 ( 4, 1, 1, 1, 1, 1, 1, 1, 1, 1, 1, 1, 4 ),
 ( 0.000000000000000000, 0.05027347261518842758, 0.1027915920399816302, 0.1576149749310263859, 0.2146336648361198141, 0.2740644707480646147, 0.3359484752142244401, 0.4003220641367520316, 0.4670793284020362535, 0.6020733564500507784, 0.7357483921364994517, 0.8682030502592537058, 0.9999999999999998890 ),
 .UNSPECIFIED. ) ;
#5085 = EDGE_LOOP ( 'NONE', ( #890, #4432, #422, #4972 ) ) ;
#5086 = ORIENTED_EDGE ( 'NONE', *, *, #3380, .F. ) ;
#5087 = CARTESIAN_POINT ( 'NONE',  ( 2.593959297222529159, 18.19999999999999574, -2.727090481595959126 ) ) ;
#5088 = EDGE_CURVE ( 'NONE', #615, #573, #1400, .T. ) ;
#5089 = CARTESIAN_POINT ( 'NONE',  ( 4.779444433441320861, 18.09999999999999787, -1.227759138775727399 ) ) ;
#5090 = VECTOR ( 'NONE', #2472, 1000.000000000000000 ) ;
#5091 = CARTESIAN_POINT ( 'NONE',  ( 2.861211762472765763, 18.09999999999999787, -2.441238879702371189 ) ) ;
#5092 = CARTESIAN_POINT ( 'NONE',  ( -8.149999999999923972, 0.000000000000000000, -3.200000000000000178 ) ) ;
#5093 = DIRECTION ( 'NONE',  ( 1.000000000000000000, 0.000000000000000000, 0.000000000000000000 ) ) ;
#5094 =( NAMED_UNIT ( * ) SI_UNIT ( $, .STERADIAN. ) SOLID_ANGLE_UNIT ( ) );
#5095 = EDGE_LOOP ( 'NONE', ( #3330, #2336, #1109, #3321 ) ) ;
#5096 = ORIENTED_EDGE ( 'NONE', *, *, #179, .T. ) ;
#5097 = LINE ( 'NONE', #3909, #2387 ) ;
#5098 = CARTESIAN_POINT ( 'NONE',  ( 1.327820251214496539, 18.10000000000000497, -3.078022637135052086 ) ) ;
#5099 = DIRECTION ( 'NONE',  ( -1.000000000000000000, 0.000000000000000000, 0.000000000000000000 ) ) ;
#5100 = AXIS2_PLACEMENT_3D ( 'NONE', #1892, #3015, #2965 ) ;
#5101 = CARTESIAN_POINT ( 'NONE',  ( -8.149999999999923972, 0.000000000000000000, -3.600000000000000977 ) ) ;
#5102 = CARTESIAN_POINT ( 'NONE',  ( 5.291455422122420593, 18.10000000000000142, -2.617492989218589639 ) ) ;
#5103 = CARTESIAN_POINT ( 'NONE',  ( 3.406758650459227766, 18.09999999999999787, -3.397313668036994638 ) ) ;
#5104 = FACE_OUTER_BOUND ( 'NONE', #2791, .T. ) ;
#5105 = ORIENTED_EDGE ( 'NONE', *, *, #128, .F. ) ;
#5106 = CARTESIAN_POINT ( 'NONE',  ( -2.009798465106495513, 18.20000000000000639, -2.772251664951975059 ) ) ;
#5107 = ORIENTED_EDGE ( 'NONE', *, *, #508, .T. ) ;
#5108 = ORIENTED_EDGE ( 'NONE', *, *, #3887, .T. ) ;
#5109 = FACE_OUTER_BOUND ( 'NONE', #3704, .T. ) ;
#5110 = EDGE_LOOP ( 'NONE', ( #3698, #4864, #214, #1730 ) ) ;
#5111 = CARTESIAN_POINT ( 'NONE',  ( 3.192606984876889431, 18.19999999999998863, -3.392736022487100822 ) ) ;
#5112 = LINE ( 'NONE', #3246, #3873 ) ;
#5113 = CARTESIAN_POINT ( 'NONE',  ( 3.315384615384616041, 18.19999999999999929, -0.9692307692307692291 ) ) ;
ENDSEC;
END-ISO-10303-21;
